"AgeGroup","ToD_Condition","Date","sub_id","absavg_recall_blockOverall","absavg_recall_block1","absavg_recall_block2","absavg_recall_block3","minavg_recall_blockOverall","minavg_recall_block1","minavg_recall_block2","minavg_recall_block3","absavg_learning_blockOverall","absavg_learning_block1","absavg_learning_block2","absavg_learning_block3","minavg_learning_blockOverall","minavg_learning_block1","minavg_learning_block2","minavg_learning_block3","SubID","CorrectRecallOld_block1","CorrectRecallOld_block2","CorrectRecallOld_block3","CorrectRecallOld_blockOverall","ForgetRecallOld_block1","ForgetRecallOld_block2","ForgetRecallOld_block3","ForgetRecallOld_blockOverall","CorrectRecallNew_block1","CorrectRecallNew_block2","CorrectRecallNew_block3","CorrectRecallNew_blockOverall","NewRecallOld_block1","NewRecallOld_block2","NewRecallOld_block3","NewRecallOld_blockOverall"
"OA","Morning","24/10/24","Sub005_ToD_Online",15.1052631578947,16.2777777777778,16.7894736842105,12.45,-8.26315789473684,-9.38888888888889,-12.2631578947368,-3.45,7.33333333333333,6.75,7.5,7.75,-1.3,-1.65,-1.4,-0.85,"Sub005_ToD_Online",18,19,20,57,2,1,0,3,6,9,7,22,1,0,0,1
"OA","Morning","24/10/24","Sub005_ToD_Online",15.1052631578947,16.2777777777778,16.7894736842105,12.45,-8.26315789473684,-9.38888888888889,-12.2631578947368,-3.45,7.33333333333333,6.75,7.5,7.75,-1.3,-1.65,-1.4,-0.85,"Sub006_ToD_Online",6,12,11,29,12,8,9,29,6,9,7,22,1,0,0,1
"OA","Morning","24/10/24","Sub005_ToD_Online",15.1052631578947,16.2777777777778,16.7894736842105,12.45,-8.26315789473684,-9.38888888888889,-12.2631578947368,-3.45,7.33333333333333,6.75,7.5,7.75,-1.3,-1.65,-1.4,-0.85,"Sub007_ToD_Online",18,17,13,48,2,3,7,12,7,9,6,22,0,0,1,1
"OA","Morning","24/10/24","Sub006_ToD_Online",46.7586206896552,37.5,46,52.6363636363636,-12.8275862068966,-12.5,-11.6666666666667,-14.2727272727273,8.06666666666667,7.55,9.35,7.3,-0.9,3.45,-3.85,-2.3,"Sub005_ToD_Online",18,19,20,57,2,1,0,3,6,9,7,22,1,0,0,1
"OA","Morning","24/10/24","Sub006_ToD_Online",46.7586206896552,37.5,46,52.6363636363636,-12.8275862068966,-12.5,-11.6666666666667,-14.2727272727273,8.06666666666667,7.55,9.35,7.3,-0.9,3.45,-3.85,-2.3,"Sub006_ToD_Online",6,12,11,29,12,8,9,29,6,9,7,22,1,0,0,1
"OA","Morning","24/10/24","Sub006_ToD_Online",46.7586206896552,37.5,46,52.6363636363636,-12.8275862068966,-12.5,-11.6666666666667,-14.2727272727273,8.06666666666667,7.55,9.35,7.3,-0.9,3.45,-3.85,-2.3,"Sub007_ToD_Online",18,17,13,48,2,3,7,12,7,9,6,22,0,0,1,1
"OA","Morning","24/10/24","Sub007_ToD_Online",68.0833333333333,51.2777777777778,81.1176470588235,74.3076923076923,-14.0416666666667,-22.1666666666667,-27.5882352941176,14.9230769230769,38.4666666666667,7.65,43.8,63.95,7.1,1.55,16.6,3.15,"Sub005_ToD_Online",18,19,20,57,2,1,0,3,6,9,7,22,1,0,0,1
"OA","Morning","24/10/24","Sub007_ToD_Online",68.0833333333333,51.2777777777778,81.1176470588235,74.3076923076923,-14.0416666666667,-22.1666666666667,-27.5882352941176,14.9230769230769,38.4666666666667,7.65,43.8,63.95,7.1,1.55,16.6,3.15,"Sub006_ToD_Online",6,12,11,29,12,8,9,29,6,9,7,22,1,0,0,1
"OA","Morning","24/10/24","Sub007_ToD_Online",68.0833333333333,51.2777777777778,81.1176470588235,74.3076923076923,-14.0416666666667,-22.1666666666667,-27.5882352941176,14.9230769230769,38.4666666666667,7.65,43.8,63.95,7.1,1.55,16.6,3.15,"Sub007_ToD_Online",18,17,13,48,2,3,7,12,7,9,6,22,0,0,1,1
"OA","Morning","25/10/24","Sub041_ToD_Online",52.5,77.4545454545455,36.1875,51.2727272727273,-9.13157894736842,5.27272727272727,5.4375,-44.7272727272727,12,15.75,11.35,8.9,4.7,9.45,3.05,1.6,"Sub041_ToD_Online",11,16,11,38,9,4,9,22,8,8,6,22,0,1,1,2
"OA","Morning","25/10/24","Sub041_ToD_Online",52.5,77.4545454545455,36.1875,51.2727272727273,-9.13157894736842,5.27272727272727,5.4375,-44.7272727272727,12,15.75,11.35,8.9,4.7,9.45,3.05,1.6,"Sub042_ToD_Online",15,19,18,52,5,1,2,8,8,8,8,24,0,0,0,0
"OA","Morning","25/10/24","Sub041_ToD_Online",52.5,77.4545454545455,36.1875,51.2727272727273,-9.13157894736842,5.27272727272727,5.4375,-44.7272727272727,12,15.75,11.35,8.9,4.7,9.45,3.05,1.6,"Sub043_ToD_Online",19,19,20,58,1,1,0,2,8,9,7,24,0,0,0,0
"OA","Morning","25/10/24","Sub041_ToD_Online",52.5,77.4545454545455,36.1875,51.2727272727273,-9.13157894736842,5.27272727272727,5.4375,-44.7272727272727,12,15.75,11.35,8.9,4.7,9.45,3.05,1.6,"Sub040_ToD_Online",16,9,12,37,4,11,8,23,8,7,5,20,0,1,3,4
"OA","Morning","25/10/24","Sub041_ToD_Online",52.5,77.4545454545455,36.1875,51.2727272727273,-9.13157894736842,5.27272727272727,5.4375,-44.7272727272727,12,15.75,11.35,8.9,4.7,9.45,3.05,1.6,"Sub045_ToD_Online",20,20,19,59,0,0,1,1,8,9,7,24,0,0,0,0
"OA","Morning","25/10/24","Sub041_ToD_Online",52.5,77.4545454545455,36.1875,51.2727272727273,-9.13157894736842,5.27272727272727,5.4375,-44.7272727272727,12,15.75,11.35,8.9,4.7,9.45,3.05,1.6,"Sub044_ToD_Online",14,18,20,52,6,2,0,8,7,8,7,22,0,0,1,1
"OA","Morning","25/10/24","Sub042_ToD_Online",20.4230769230769,24.4,12.5263157894737,25.4444444444444,-0.115384615384615,-3.2,2.73684210526316,-0.555555555555556,7.9,8.05,9.4,6.25,0.566666666666667,0.75,-1.6,2.55,"Sub041_ToD_Online",11,16,11,38,9,4,9,22,8,8,6,22,0,1,1,2
"OA","Morning","25/10/24","Sub042_ToD_Online",20.4230769230769,24.4,12.5263157894737,25.4444444444444,-0.115384615384615,-3.2,2.73684210526316,-0.555555555555556,7.9,8.05,9.4,6.25,0.566666666666667,0.75,-1.6,2.55,"Sub042_ToD_Online",15,19,18,52,5,1,2,8,8,8,8,24,0,0,0,0
"OA","Morning","25/10/24","Sub042_ToD_Online",20.4230769230769,24.4,12.5263157894737,25.4444444444444,-0.115384615384615,-3.2,2.73684210526316,-0.555555555555556,7.9,8.05,9.4,6.25,0.566666666666667,0.75,-1.6,2.55,"Sub043_ToD_Online",19,19,20,58,1,1,0,2,8,9,7,24,0,0,0,0
"OA","Morning","25/10/24","Sub042_ToD_Online",20.4230769230769,24.4,12.5263157894737,25.4444444444444,-0.115384615384615,-3.2,2.73684210526316,-0.555555555555556,7.9,8.05,9.4,6.25,0.566666666666667,0.75,-1.6,2.55,"Sub040_ToD_Online",16,9,12,37,4,11,8,23,8,7,5,20,0,1,3,4
"OA","Morning","25/10/24","Sub042_ToD_Online",20.4230769230769,24.4,12.5263157894737,25.4444444444444,-0.115384615384615,-3.2,2.73684210526316,-0.555555555555556,7.9,8.05,9.4,6.25,0.566666666666667,0.75,-1.6,2.55,"Sub045_ToD_Online",20,20,19,59,0,0,1,1,8,9,7,24,0,0,0,0
"OA","Morning","25/10/24","Sub042_ToD_Online",20.4230769230769,24.4,12.5263157894737,25.4444444444444,-0.115384615384615,-3.2,2.73684210526316,-0.555555555555556,7.9,8.05,9.4,6.25,0.566666666666667,0.75,-1.6,2.55,"Sub044_ToD_Online",14,18,20,52,6,2,0,8,7,8,7,22,0,0,1,1
"OA","Morning","25/10/24","Sub043_ToD_Online",20.2241379310345,16.6315789473684,17.9473684210526,25.8,-2.91379310344828,1.57894736842105,-1.31578947368421,-8.7,4.95,7.5,3.8,3.55,-0.0833333333333333,0.5,0.1,-0.85,"Sub041_ToD_Online",11,16,11,38,9,4,9,22,8,8,6,22,0,1,1,2
"OA","Morning","25/10/24","Sub043_ToD_Online",20.2241379310345,16.6315789473684,17.9473684210526,25.8,-2.91379310344828,1.57894736842105,-1.31578947368421,-8.7,4.95,7.5,3.8,3.55,-0.0833333333333333,0.5,0.1,-0.85,"Sub042_ToD_Online",15,19,18,52,5,1,2,8,8,8,8,24,0,0,0,0
"OA","Morning","25/10/24","Sub043_ToD_Online",20.2241379310345,16.6315789473684,17.9473684210526,25.8,-2.91379310344828,1.57894736842105,-1.31578947368421,-8.7,4.95,7.5,3.8,3.55,-0.0833333333333333,0.5,0.1,-0.85,"Sub043_ToD_Online",19,19,20,58,1,1,0,2,8,9,7,24,0,0,0,0
"OA","Morning","25/10/24","Sub043_ToD_Online",20.2241379310345,16.6315789473684,17.9473684210526,25.8,-2.91379310344828,1.57894736842105,-1.31578947368421,-8.7,4.95,7.5,3.8,3.55,-0.0833333333333333,0.5,0.1,-0.85,"Sub040_ToD_Online",16,9,12,37,4,11,8,23,8,7,5,20,0,1,3,4
"OA","Morning","25/10/24","Sub043_ToD_Online",20.2241379310345,16.6315789473684,17.9473684210526,25.8,-2.91379310344828,1.57894736842105,-1.31578947368421,-8.7,4.95,7.5,3.8,3.55,-0.0833333333333333,0.5,0.1,-0.85,"Sub045_ToD_Online",20,20,19,59,0,0,1,1,8,9,7,24,0,0,0,0
"OA","Morning","25/10/24","Sub043_ToD_Online",20.2241379310345,16.6315789473684,17.9473684210526,25.8,-2.91379310344828,1.57894736842105,-1.31578947368421,-8.7,4.95,7.5,3.8,3.55,-0.0833333333333333,0.5,0.1,-0.85,"Sub044_ToD_Online",14,18,20,52,6,2,0,8,7,8,7,22,0,0,1,1
"OA","Morning","25/10/24","Sub040_ToD_Online",87,77.625,114.777777777778,78.6666666666667,-6.51351351351351,-3.375,-29.4444444444444,6.5,30.9833333333333,29.65,30.25,33.05,-10.2833333333333,-2.05,-22.75,-6.05,"Sub041_ToD_Online",11,16,11,38,9,4,9,22,8,8,6,22,0,1,1,2
"OA","Morning","25/10/24","Sub040_ToD_Online",87,77.625,114.777777777778,78.6666666666667,-6.51351351351351,-3.375,-29.4444444444444,6.5,30.9833333333333,29.65,30.25,33.05,-10.2833333333333,-2.05,-22.75,-6.05,"Sub042_ToD_Online",15,19,18,52,5,1,2,8,8,8,8,24,0,0,0,0
"OA","Morning","25/10/24","Sub040_ToD_Online",87,77.625,114.777777777778,78.6666666666667,-6.51351351351351,-3.375,-29.4444444444444,6.5,30.9833333333333,29.65,30.25,33.05,-10.2833333333333,-2.05,-22.75,-6.05,"Sub043_ToD_Online",19,19,20,58,1,1,0,2,8,9,7,24,0,0,0,0
"OA","Morning","25/10/24","Sub040_ToD_Online",87,77.625,114.777777777778,78.6666666666667,-6.51351351351351,-3.375,-29.4444444444444,6.5,30.9833333333333,29.65,30.25,33.05,-10.2833333333333,-2.05,-22.75,-6.05,"Sub040_ToD_Online",16,9,12,37,4,11,8,23,8,7,5,20,0,1,3,4
"OA","Morning","25/10/24","Sub040_ToD_Online",87,77.625,114.777777777778,78.6666666666667,-6.51351351351351,-3.375,-29.4444444444444,6.5,30.9833333333333,29.65,30.25,33.05,-10.2833333333333,-2.05,-22.75,-6.05,"Sub045_ToD_Online",20,20,19,59,0,0,1,1,8,9,7,24,0,0,0,0
"OA","Morning","25/10/24","Sub040_ToD_Online",87,77.625,114.777777777778,78.6666666666667,-6.51351351351351,-3.375,-29.4444444444444,6.5,30.9833333333333,29.65,30.25,33.05,-10.2833333333333,-2.05,-22.75,-6.05,"Sub044_ToD_Online",14,18,20,52,6,2,0,8,7,8,7,22,0,0,1,1
"OA","Morning","25/10/24","Sub045_ToD_Online",12.8135593220339,13.6,7,18.1052631578947,2.40677966101695,-5.4,1.2,11.8947368421053,5.53333333333333,5.7,5.05,5.85,1.1,-1.3,3.75,0.85,"Sub041_ToD_Online",11,16,11,38,9,4,9,22,8,8,6,22,0,1,1,2
"OA","Morning","25/10/24","Sub045_ToD_Online",12.8135593220339,13.6,7,18.1052631578947,2.40677966101695,-5.4,1.2,11.8947368421053,5.53333333333333,5.7,5.05,5.85,1.1,-1.3,3.75,0.85,"Sub042_ToD_Online",15,19,18,52,5,1,2,8,8,8,8,24,0,0,0,0
"OA","Morning","25/10/24","Sub045_ToD_Online",12.8135593220339,13.6,7,18.1052631578947,2.40677966101695,-5.4,1.2,11.8947368421053,5.53333333333333,5.7,5.05,5.85,1.1,-1.3,3.75,0.85,"Sub043_ToD_Online",19,19,20,58,1,1,0,2,8,9,7,24,0,0,0,0
"OA","Morning","25/10/24","Sub045_ToD_Online",12.8135593220339,13.6,7,18.1052631578947,2.40677966101695,-5.4,1.2,11.8947368421053,5.53333333333333,5.7,5.05,5.85,1.1,-1.3,3.75,0.85,"Sub040_ToD_Online",16,9,12,37,4,11,8,23,8,7,5,20,0,1,3,4
"OA","Morning","25/10/24","Sub045_ToD_Online",12.8135593220339,13.6,7,18.1052631578947,2.40677966101695,-5.4,1.2,11.8947368421053,5.53333333333333,5.7,5.05,5.85,1.1,-1.3,3.75,0.85,"Sub045_ToD_Online",20,20,19,59,0,0,1,1,8,9,7,24,0,0,0,0
"OA","Morning","25/10/24","Sub045_ToD_Online",12.8135593220339,13.6,7,18.1052631578947,2.40677966101695,-5.4,1.2,11.8947368421053,5.53333333333333,5.7,5.05,5.85,1.1,-1.3,3.75,0.85,"Sub044_ToD_Online",14,18,20,52,6,2,0,8,7,8,7,22,0,0,1,1
"OA","Morning","25/10/24","Sub044_ToD_Online",86.7884615384615,100.5,67.5,94.55,-16.9807692307692,-53.2142857142857,-35.8333333333333,25.35,9.15,9.65,9.95,7.85,-0.25,0.95,1.05,-2.75,"Sub041_ToD_Online",11,16,11,38,9,4,9,22,8,8,6,22,0,1,1,2
"OA","Morning","25/10/24","Sub044_ToD_Online",86.7884615384615,100.5,67.5,94.55,-16.9807692307692,-53.2142857142857,-35.8333333333333,25.35,9.15,9.65,9.95,7.85,-0.25,0.95,1.05,-2.75,"Sub042_ToD_Online",15,19,18,52,5,1,2,8,8,8,8,24,0,0,0,0
"OA","Morning","25/10/24","Sub044_ToD_Online",86.7884615384615,100.5,67.5,94.55,-16.9807692307692,-53.2142857142857,-35.8333333333333,25.35,9.15,9.65,9.95,7.85,-0.25,0.95,1.05,-2.75,"Sub043_ToD_Online",19,19,20,58,1,1,0,2,8,9,7,24,0,0,0,0
"OA","Morning","25/10/24","Sub044_ToD_Online",86.7884615384615,100.5,67.5,94.55,-16.9807692307692,-53.2142857142857,-35.8333333333333,25.35,9.15,9.65,9.95,7.85,-0.25,0.95,1.05,-2.75,"Sub040_ToD_Online",16,9,12,37,4,11,8,23,8,7,5,20,0,1,3,4
"OA","Morning","25/10/24","Sub044_ToD_Online",86.7884615384615,100.5,67.5,94.55,-16.9807692307692,-53.2142857142857,-35.8333333333333,25.35,9.15,9.65,9.95,7.85,-0.25,0.95,1.05,-2.75,"Sub045_ToD_Online",20,20,19,59,0,0,1,1,8,9,7,24,0,0,0,0
"OA","Morning","25/10/24","Sub044_ToD_Online",86.7884615384615,100.5,67.5,94.55,-16.9807692307692,-53.2142857142857,-35.8333333333333,25.35,9.15,9.65,9.95,7.85,-0.25,0.95,1.05,-2.75,"Sub044_ToD_Online",14,18,20,52,6,2,0,8,7,8,7,22,0,0,1,1
"OA","Morning","26/10/24","Sub050_ToD_Online",30.5,24.6315789473684,56.4375,14.5263157894737,-3.98148148148148,-3.78947368421053,-9.4375,0.421052631578947,9.1,7.6,9.85,9.85,-1.76666666666667,-1.1,-1.75,-2.45,"Sub050_ToD_Online",19,16,19,54,1,4,1,6,8,9,7,24,0,0,0,0
"OA","Morning","26/10/24","Sub050_ToD_Online",30.5,24.6315789473684,56.4375,14.5263157894737,-3.98148148148148,-3.78947368421053,-9.4375,0.421052631578947,9.1,7.6,9.85,9.85,-1.76666666666667,-1.1,-1.75,-2.45,"Sub051_ToD_Online",19,17,17,53,1,3,3,7,8,8,8,24,0,0,0,0
"OA","Morning","26/10/24","Sub050_ToD_Online",30.5,24.6315789473684,56.4375,14.5263157894737,-3.98148148148148,-3.78947368421053,-9.4375,0.421052631578947,9.1,7.6,9.85,9.85,-1.76666666666667,-1.1,-1.75,-2.45,"Sub052_ToD_Online",16,11,13,40,4,9,7,20,7,8,7,22,1,0,1,2
"OA","Morning","26/10/24","Sub050_ToD_Online",30.5,24.6315789473684,56.4375,14.5263157894737,-3.98148148148148,-3.78947368421053,-9.4375,0.421052631578947,9.1,7.6,9.85,9.85,-1.76666666666667,-1.1,-1.75,-2.45,"Sub049_ToD_Online",14,13,16,43,6,7,4,17,8,8,8,24,0,0,0,0
"OA","Morning","26/10/24","Sub050_ToD_Online",30.5,24.6315789473684,56.4375,14.5263157894737,-3.98148148148148,-3.78947368421053,-9.4375,0.421052631578947,9.1,7.6,9.85,9.85,-1.76666666666667,-1.1,-1.75,-2.45,"Sub054_ToD_Online",20,20,20,60,0,0,0,0,8,8,7,23,0,1,0,1
"OA","Morning","26/10/24","Sub050_ToD_Online",30.5,24.6315789473684,56.4375,14.5263157894737,-3.98148148148148,-3.78947368421053,-9.4375,0.421052631578947,9.1,7.6,9.85,9.85,-1.76666666666667,-1.1,-1.75,-2.45,"Sub053_ToD_Online",13,13,18,44,7,7,2,16,8,8,8,24,0,0,0,0
"OA","Morning","26/10/24","Sub051_ToD_Online",29.6792452830189,18.5789473684211,49.5294117647059,22.2352941176471,-8.32075471698113,-4.47368421052632,-22.3529411764706,1.41176470588235,6.15,6.4,4.75,7.3,0.0833333333333333,-2.8,-0.45,3.5,"Sub050_ToD_Online",19,16,19,54,1,4,1,6,8,9,7,24,0,0,0,0
"OA","Morning","26/10/24","Sub051_ToD_Online",29.6792452830189,18.5789473684211,49.5294117647059,22.2352941176471,-8.32075471698113,-4.47368421052632,-22.3529411764706,1.41176470588235,6.15,6.4,4.75,7.3,0.0833333333333333,-2.8,-0.45,3.5,"Sub051_ToD_Online",19,17,17,53,1,3,3,7,8,8,8,24,0,0,0,0
"OA","Morning","26/10/24","Sub051_ToD_Online",29.6792452830189,18.5789473684211,49.5294117647059,22.2352941176471,-8.32075471698113,-4.47368421052632,-22.3529411764706,1.41176470588235,6.15,6.4,4.75,7.3,0.0833333333333333,-2.8,-0.45,3.5,"Sub052_ToD_Online",16,11,13,40,4,9,7,20,7,8,7,22,1,0,1,2
"OA","Morning","26/10/24","Sub051_ToD_Online",29.6792452830189,18.5789473684211,49.5294117647059,22.2352941176471,-8.32075471698113,-4.47368421052632,-22.3529411764706,1.41176470588235,6.15,6.4,4.75,7.3,0.0833333333333333,-2.8,-0.45,3.5,"Sub049_ToD_Online",14,13,16,43,6,7,4,17,8,8,8,24,0,0,0,0
"OA","Morning","26/10/24","Sub051_ToD_Online",29.6792452830189,18.5789473684211,49.5294117647059,22.2352941176471,-8.32075471698113,-4.47368421052632,-22.3529411764706,1.41176470588235,6.15,6.4,4.75,7.3,0.0833333333333333,-2.8,-0.45,3.5,"Sub054_ToD_Online",20,20,20,60,0,0,0,0,8,8,7,23,0,1,0,1
"OA","Morning","26/10/24","Sub051_ToD_Online",29.6792452830189,18.5789473684211,49.5294117647059,22.2352941176471,-8.32075471698113,-4.47368421052632,-22.3529411764706,1.41176470588235,6.15,6.4,4.75,7.3,0.0833333333333333,-2.8,-0.45,3.5,"Sub053_ToD_Online",13,13,18,44,7,7,2,16,8,8,8,24,0,0,0,0
"OA","Morning","26/10/24","Sub052_ToD_Online",41.825,49.875,43.1818181818182,30.7692307692308,0.275,-9.375,25.1818181818182,-8.92307692307692,4.81666666666667,4.2,4.2,6.05,0.483333333333333,1.4,0,0.05,"Sub050_ToD_Online",19,16,19,54,1,4,1,6,8,9,7,24,0,0,0,0
"OA","Morning","26/10/24","Sub052_ToD_Online",41.825,49.875,43.1818181818182,30.7692307692308,0.275,-9.375,25.1818181818182,-8.92307692307692,4.81666666666667,4.2,4.2,6.05,0.483333333333333,1.4,0,0.05,"Sub051_ToD_Online",19,17,17,53,1,3,3,7,8,8,8,24,0,0,0,0
"OA","Morning","26/10/24","Sub052_ToD_Online",41.825,49.875,43.1818181818182,30.7692307692308,0.275,-9.375,25.1818181818182,-8.92307692307692,4.81666666666667,4.2,4.2,6.05,0.483333333333333,1.4,0,0.05,"Sub052_ToD_Online",16,11,13,40,4,9,7,20,7,8,7,22,1,0,1,2
"OA","Morning","26/10/24","Sub052_ToD_Online",41.825,49.875,43.1818181818182,30.7692307692308,0.275,-9.375,25.1818181818182,-8.92307692307692,4.81666666666667,4.2,4.2,6.05,0.483333333333333,1.4,0,0.05,"Sub049_ToD_Online",14,13,16,43,6,7,4,17,8,8,8,24,0,0,0,0
"OA","Morning","26/10/24","Sub052_ToD_Online",41.825,49.875,43.1818181818182,30.7692307692308,0.275,-9.375,25.1818181818182,-8.92307692307692,4.81666666666667,4.2,4.2,6.05,0.483333333333333,1.4,0,0.05,"Sub054_ToD_Online",20,20,20,60,0,0,0,0,8,8,7,23,0,1,0,1
"OA","Morning","26/10/24","Sub052_ToD_Online",41.825,49.875,43.1818181818182,30.7692307692308,0.275,-9.375,25.1818181818182,-8.92307692307692,4.81666666666667,4.2,4.2,6.05,0.483333333333333,1.4,0,0.05,"Sub053_ToD_Online",13,13,18,44,7,7,2,16,8,8,8,24,0,0,0,0
"OA","Morning","26/10/24","Sub049_ToD_Online",60.5348837209302,64.5714285714286,51.9230769230769,64,-5.69767441860465,-5.71428571428571,-6.69230769230769,-4.875,10.6666666666667,14.75,6.9,10.35,-1.66666666666667,-6.15,1.1,0.05,"Sub050_ToD_Online",19,16,19,54,1,4,1,6,8,9,7,24,0,0,0,0
"OA","Morning","26/10/24","Sub049_ToD_Online",60.5348837209302,64.5714285714286,51.9230769230769,64,-5.69767441860465,-5.71428571428571,-6.69230769230769,-4.875,10.6666666666667,14.75,6.9,10.35,-1.66666666666667,-6.15,1.1,0.05,"Sub051_ToD_Online",19,17,17,53,1,3,3,7,8,8,8,24,0,0,0,0
"OA","Morning","26/10/24","Sub049_ToD_Online",60.5348837209302,64.5714285714286,51.9230769230769,64,-5.69767441860465,-5.71428571428571,-6.69230769230769,-4.875,10.6666666666667,14.75,6.9,10.35,-1.66666666666667,-6.15,1.1,0.05,"Sub052_ToD_Online",16,11,13,40,4,9,7,20,7,8,7,22,1,0,1,2
"OA","Morning","26/10/24","Sub049_ToD_Online",60.5348837209302,64.5714285714286,51.9230769230769,64,-5.69767441860465,-5.71428571428571,-6.69230769230769,-4.875,10.6666666666667,14.75,6.9,10.35,-1.66666666666667,-6.15,1.1,0.05,"Sub049_ToD_Online",14,13,16,43,6,7,4,17,8,8,8,24,0,0,0,0
"OA","Morning","26/10/24","Sub049_ToD_Online",60.5348837209302,64.5714285714286,51.9230769230769,64,-5.69767441860465,-5.71428571428571,-6.69230769230769,-4.875,10.6666666666667,14.75,6.9,10.35,-1.66666666666667,-6.15,1.1,0.05,"Sub054_ToD_Online",20,20,20,60,0,0,0,0,8,8,7,23,0,1,0,1
"OA","Morning","26/10/24","Sub049_ToD_Online",60.5348837209302,64.5714285714286,51.9230769230769,64,-5.69767441860465,-5.71428571428571,-6.69230769230769,-4.875,10.6666666666667,14.75,6.9,10.35,-1.66666666666667,-6.15,1.1,0.05,"Sub053_ToD_Online",13,13,18,44,7,7,2,16,8,8,8,24,0,0,0,0
"OA","Morning","26/10/24","Sub054_ToD_Online",63.2333333333333,60.2,69.9,59.6,-3.96666666666667,0.5,7.7,-20.1,88.75,104.05,81.1,81.1,4.25,39.55,3,-29.8,"Sub050_ToD_Online",19,16,19,54,1,4,1,6,8,9,7,24,0,0,0,0
"OA","Morning","26/10/24","Sub054_ToD_Online",63.2333333333333,60.2,69.9,59.6,-3.96666666666667,0.5,7.7,-20.1,88.75,104.05,81.1,81.1,4.25,39.55,3,-29.8,"Sub051_ToD_Online",19,17,17,53,1,3,3,7,8,8,8,24,0,0,0,0
"OA","Morning","26/10/24","Sub054_ToD_Online",63.2333333333333,60.2,69.9,59.6,-3.96666666666667,0.5,7.7,-20.1,88.75,104.05,81.1,81.1,4.25,39.55,3,-29.8,"Sub052_ToD_Online",16,11,13,40,4,9,7,20,7,8,7,22,1,0,1,2
"OA","Morning","26/10/24","Sub054_ToD_Online",63.2333333333333,60.2,69.9,59.6,-3.96666666666667,0.5,7.7,-20.1,88.75,104.05,81.1,81.1,4.25,39.55,3,-29.8,"Sub049_ToD_Online",14,13,16,43,6,7,4,17,8,8,8,24,0,0,0,0
"OA","Morning","26/10/24","Sub054_ToD_Online",63.2333333333333,60.2,69.9,59.6,-3.96666666666667,0.5,7.7,-20.1,88.75,104.05,81.1,81.1,4.25,39.55,3,-29.8,"Sub054_ToD_Online",20,20,20,60,0,0,0,0,8,8,7,23,0,1,0,1
"OA","Morning","26/10/24","Sub054_ToD_Online",63.2333333333333,60.2,69.9,59.6,-3.96666666666667,0.5,7.7,-20.1,88.75,104.05,81.1,81.1,4.25,39.55,3,-29.8,"Sub053_ToD_Online",13,13,18,44,7,7,2,16,8,8,8,24,0,0,0,0
"OA","Morning","26/10/24","Sub053_ToD_Online",56.8409090909091,31.6923076923077,73.2307692307692,63.1666666666667,-3.11363636363636,16.9230769230769,16.1538461538462,-31.5,5.91666666666667,4.55,5.85,7.35,-0.716666666666667,-1.55,0.55,-1.15,"Sub050_ToD_Online",19,16,19,54,1,4,1,6,8,9,7,24,0,0,0,0
"OA","Morning","26/10/24","Sub053_ToD_Online",56.8409090909091,31.6923076923077,73.2307692307692,63.1666666666667,-3.11363636363636,16.9230769230769,16.1538461538462,-31.5,5.91666666666667,4.55,5.85,7.35,-0.716666666666667,-1.55,0.55,-1.15,"Sub051_ToD_Online",19,17,17,53,1,3,3,7,8,8,8,24,0,0,0,0
"OA","Morning","26/10/24","Sub053_ToD_Online",56.8409090909091,31.6923076923077,73.2307692307692,63.1666666666667,-3.11363636363636,16.9230769230769,16.1538461538462,-31.5,5.91666666666667,4.55,5.85,7.35,-0.716666666666667,-1.55,0.55,-1.15,"Sub052_ToD_Online",16,11,13,40,4,9,7,20,7,8,7,22,1,0,1,2
"OA","Morning","26/10/24","Sub053_ToD_Online",56.8409090909091,31.6923076923077,73.2307692307692,63.1666666666667,-3.11363636363636,16.9230769230769,16.1538461538462,-31.5,5.91666666666667,4.55,5.85,7.35,-0.716666666666667,-1.55,0.55,-1.15,"Sub049_ToD_Online",14,13,16,43,6,7,4,17,8,8,8,24,0,0,0,0
"OA","Morning","26/10/24","Sub053_ToD_Online",56.8409090909091,31.6923076923077,73.2307692307692,63.1666666666667,-3.11363636363636,16.9230769230769,16.1538461538462,-31.5,5.91666666666667,4.55,5.85,7.35,-0.716666666666667,-1.55,0.55,-1.15,"Sub054_ToD_Online",20,20,20,60,0,0,0,0,8,8,7,23,0,1,0,1
"OA","Morning","26/10/24","Sub053_ToD_Online",56.8409090909091,31.6923076923077,73.2307692307692,63.1666666666667,-3.11363636363636,16.9230769230769,16.1538461538462,-31.5,5.91666666666667,4.55,5.85,7.35,-0.716666666666667,-1.55,0.55,-1.15,"Sub053_ToD_Online",13,13,18,44,7,7,2,16,8,8,8,24,0,0,0,0
"OA","Morning","27/10/24","Sub055_ToD_Online",94.9607843137255,98.3333333333333,96.4375,91.25,-2.25490196078431,-24.8666666666667,28.1875,-9.65,9.25,11.75,6.55,9.45,3.65,5.15,1.35,4.45,"Sub055_ToD_Online",15,16,20,51,5,4,0,9,8,9,7,24,0,0,0,0
"OA","Morning","27/10/24","Sub055_ToD_Online",94.9607843137255,98.3333333333333,96.4375,91.25,-2.25490196078431,-24.8666666666667,28.1875,-9.65,9.25,11.75,6.55,9.45,3.65,5.15,1.35,4.45,"Sub056_ToD_Online",13,18,19,50,6,2,1,9,6,7,7,20,1,2,0,3
"OA","Morning","27/10/24","Sub055_ToD_Online",94.9607843137255,98.3333333333333,96.4375,91.25,-2.25490196078431,-24.8666666666667,28.1875,-9.65,9.25,11.75,6.55,9.45,3.65,5.15,1.35,4.45,"Sub058_ToD_Online",15,16,19,50,5,4,1,10,8,8,8,24,0,0,0,0
"OA","Morning","27/10/24","Sub055_ToD_Online",94.9607843137255,98.3333333333333,96.4375,91.25,-2.25490196078431,-24.8666666666667,28.1875,-9.65,9.25,11.75,6.55,9.45,3.65,5.15,1.35,4.45,"Sub059_ToD_Online",19,20,20,59,1,0,0,1,8,8,8,24,0,0,0,0
"OA","Morning","27/10/24","Sub055_ToD_Online",94.9607843137255,98.3333333333333,96.4375,91.25,-2.25490196078431,-24.8666666666667,28.1875,-9.65,9.25,11.75,6.55,9.45,3.65,5.15,1.35,4.45,"Sub057_ToD_Online",15,11,13,39,5,9,7,21,8,7,8,23,0,1,0,1
"OA","Morning","27/10/24","Sub056_ToD_Online",81.7,55.0769230769231,103,79.7368421052632,-2.34,-18,9.33333333333333,-2.68421052631579,2.4,3.2,2.55,1.45,0.4,2.1,-0.65,-0.25,"Sub055_ToD_Online",15,16,20,51,5,4,0,9,8,9,7,24,0,0,0,0
"OA","Morning","27/10/24","Sub056_ToD_Online",81.7,55.0769230769231,103,79.7368421052632,-2.34,-18,9.33333333333333,-2.68421052631579,2.4,3.2,2.55,1.45,0.4,2.1,-0.65,-0.25,"Sub056_ToD_Online",13,18,19,50,6,2,1,9,6,7,7,20,1,2,0,3
"OA","Morning","27/10/24","Sub056_ToD_Online",81.7,55.0769230769231,103,79.7368421052632,-2.34,-18,9.33333333333333,-2.68421052631579,2.4,3.2,2.55,1.45,0.4,2.1,-0.65,-0.25,"Sub058_ToD_Online",15,16,19,50,5,4,1,10,8,8,8,24,0,0,0,0
"OA","Morning","27/10/24","Sub056_ToD_Online",81.7,55.0769230769231,103,79.7368421052632,-2.34,-18,9.33333333333333,-2.68421052631579,2.4,3.2,2.55,1.45,0.4,2.1,-0.65,-0.25,"Sub059_ToD_Online",19,20,20,59,1,0,0,1,8,8,8,24,0,0,0,0
"OA","Morning","27/10/24","Sub056_ToD_Online",81.7,55.0769230769231,103,79.7368421052632,-2.34,-18,9.33333333333333,-2.68421052631579,2.4,3.2,2.55,1.45,0.4,2.1,-0.65,-0.25,"Sub057_ToD_Online",15,11,13,39,5,9,7,21,8,7,8,23,0,1,0,1
"OA","Morning","27/10/24","Sub058_ToD_Online",78.94,88.4666666666667,77.5625,72.5789473684211,-33.38,-78.8666666666667,-11.6875,-15.7368421052632,89.7166666666667,87.2,83.85,98.1,-24.25,-46.8,-33.15,7.2,"Sub055_ToD_Online",15,16,20,51,5,4,0,9,8,9,7,24,0,0,0,0
"OA","Morning","27/10/24","Sub058_ToD_Online",78.94,88.4666666666667,77.5625,72.5789473684211,-33.38,-78.8666666666667,-11.6875,-15.7368421052632,89.7166666666667,87.2,83.85,98.1,-24.25,-46.8,-33.15,7.2,"Sub056_ToD_Online",13,18,19,50,6,2,1,9,6,7,7,20,1,2,0,3
"OA","Morning","27/10/24","Sub058_ToD_Online",78.94,88.4666666666667,77.5625,72.5789473684211,-33.38,-78.8666666666667,-11.6875,-15.7368421052632,89.7166666666667,87.2,83.85,98.1,-24.25,-46.8,-33.15,7.2,"Sub058_ToD_Online",15,16,19,50,5,4,1,10,8,8,8,24,0,0,0,0
"OA","Morning","27/10/24","Sub058_ToD_Online",78.94,88.4666666666667,77.5625,72.5789473684211,-33.38,-78.8666666666667,-11.6875,-15.7368421052632,89.7166666666667,87.2,83.85,98.1,-24.25,-46.8,-33.15,7.2,"Sub059_ToD_Online",19,20,20,59,1,0,0,1,8,8,8,24,0,0,0,0
"OA","Morning","27/10/24","Sub058_ToD_Online",78.94,88.4666666666667,77.5625,72.5789473684211,-33.38,-78.8666666666667,-11.6875,-15.7368421052632,89.7166666666667,87.2,83.85,98.1,-24.25,-46.8,-33.15,7.2,"Sub057_ToD_Online",15,11,13,39,5,9,7,21,8,7,8,23,0,1,0,1
"OA","Morning","27/10/24","Sub059_ToD_Online",6.15254237288136,5.21052631578947,7.15,6.05,-0.525423728813559,-0.0526315789473684,-0.55,-0.95,4,4.45,2.85,4.7,-1.1,-2.95,-0.35,0,"Sub055_ToD_Online",15,16,20,51,5,4,0,9,8,9,7,24,0,0,0,0
"OA","Morning","27/10/24","Sub059_ToD_Online",6.15254237288136,5.21052631578947,7.15,6.05,-0.525423728813559,-0.0526315789473684,-0.55,-0.95,4,4.45,2.85,4.7,-1.1,-2.95,-0.35,0,"Sub056_ToD_Online",13,18,19,50,6,2,1,9,6,7,7,20,1,2,0,3
"OA","Morning","27/10/24","Sub059_ToD_Online",6.15254237288136,5.21052631578947,7.15,6.05,-0.525423728813559,-0.0526315789473684,-0.55,-0.95,4,4.45,2.85,4.7,-1.1,-2.95,-0.35,0,"Sub058_ToD_Online",15,16,19,50,5,4,1,10,8,8,8,24,0,0,0,0
"OA","Morning","27/10/24","Sub059_ToD_Online",6.15254237288136,5.21052631578947,7.15,6.05,-0.525423728813559,-0.0526315789473684,-0.55,-0.95,4,4.45,2.85,4.7,-1.1,-2.95,-0.35,0,"Sub059_ToD_Online",19,20,20,59,1,0,0,1,8,8,8,24,0,0,0,0
"OA","Morning","27/10/24","Sub059_ToD_Online",6.15254237288136,5.21052631578947,7.15,6.05,-0.525423728813559,-0.0526315789473684,-0.55,-0.95,4,4.45,2.85,4.7,-1.1,-2.95,-0.35,0,"Sub057_ToD_Online",15,11,13,39,5,9,7,21,8,7,8,23,0,1,0,1
"OA","Morning","27/10/24","Sub057_ToD_Online",52.9487179487179,48.5333333333333,46.9090909090909,63.1538461538462,-14.0769230769231,-2.93333333333333,-7.81818181818182,-32.2307692307692,10.8833333333333,16.5,7.95,8.2,-1.91666666666667,-3.8,-2.85,0.9,"Sub055_ToD_Online",15,16,20,51,5,4,0,9,8,9,7,24,0,0,0,0
"OA","Morning","27/10/24","Sub057_ToD_Online",52.9487179487179,48.5333333333333,46.9090909090909,63.1538461538462,-14.0769230769231,-2.93333333333333,-7.81818181818182,-32.2307692307692,10.8833333333333,16.5,7.95,8.2,-1.91666666666667,-3.8,-2.85,0.9,"Sub056_ToD_Online",13,18,19,50,6,2,1,9,6,7,7,20,1,2,0,3
"OA","Morning","27/10/24","Sub057_ToD_Online",52.9487179487179,48.5333333333333,46.9090909090909,63.1538461538462,-14.0769230769231,-2.93333333333333,-7.81818181818182,-32.2307692307692,10.8833333333333,16.5,7.95,8.2,-1.91666666666667,-3.8,-2.85,0.9,"Sub058_ToD_Online",15,16,19,50,5,4,1,10,8,8,8,24,0,0,0,0
"OA","Morning","27/10/24","Sub057_ToD_Online",52.9487179487179,48.5333333333333,46.9090909090909,63.1538461538462,-14.0769230769231,-2.93333333333333,-7.81818181818182,-32.2307692307692,10.8833333333333,16.5,7.95,8.2,-1.91666666666667,-3.8,-2.85,0.9,"Sub059_ToD_Online",19,20,20,59,1,0,0,1,8,8,8,24,0,0,0,0
"OA","Morning","27/10/24","Sub057_ToD_Online",52.9487179487179,48.5333333333333,46.9090909090909,63.1538461538462,-14.0769230769231,-2.93333333333333,-7.81818181818182,-32.2307692307692,10.8833333333333,16.5,7.95,8.2,-1.91666666666667,-3.8,-2.85,0.9,"Sub057_ToD_Online",15,11,13,39,5,9,7,21,8,7,8,23,0,1,0,1
"OA","Morning","28/10/24","Sub060_ToD_Online",51.0363636363636,63.0588235294118,43.4736842105263,47.8421052631579,-14.5272727272727,-27.6470588235294,13.4736842105263,-30.7894736842105,8.9,7.1,11.85,7.75,0.0333333333333333,0,-1.75,1.85,"Sub060_ToD_Online",17,19,19,55,3,1,1,5,8,8,8,24,0,0,0,0
"OA","Morning","6/12/2024","Sub090_ToD_Online",56.9583333333333,44.1,49.3333333333333,78.75,-7.70833333333333,11.5,-10.3333333333333,-29.75,7.3,8.25,6.8,6.85,0.566666666666667,-0.55,-0.4,2.65,"Sub090_ToD_Online",10,6,8,24,10,14,12,36,8,8,8,24,0,0,0,0
"OA","Morning","6/12/2024","Sub090_ToD_Online",56.9583333333333,44.1,49.3333333333333,78.75,-7.70833333333333,11.5,-10.3333333333333,-29.75,7.3,8.25,6.8,6.85,0.566666666666667,-0.55,-0.4,2.65,"Sub091_ToD_Online",15,18,8,41,4,2,12,18,8,6,8,22,0,2,0,2
"OA","Morning","6/12/2024","Sub091_ToD_Online",41.2439024390244,48.3333333333333,20.4444444444444,74.75,-6.80487804878049,-5.13333333333333,12,-52.25,13.05,10.4,9.1,19.65,3.81666666666667,-0.1,2.1,9.45,"Sub090_ToD_Online",10,6,8,24,10,14,12,36,8,8,8,24,0,0,0,0
"OA","Morning","6/12/2024","Sub091_ToD_Online",41.2439024390244,48.3333333333333,20.4444444444444,74.75,-6.80487804878049,-5.13333333333333,12,-52.25,13.05,10.4,9.1,19.65,3.81666666666667,-0.1,2.1,9.45,"Sub091_ToD_Online",15,18,8,41,4,2,12,18,8,6,8,22,0,2,0,2
"OA","Night","23/10/24","Sub003_ToD_Online",29.4259259259259,44.6428571428571,33.6,14.6,-2.12962962962963,-1.5,0.9,-5.6,6.95,6.35,7,7.5,0.916666666666667,1.65,-0.6,1.7,"Sub003_ToD_Online",14,20,20,54,6,0,0,6,8,8,7,23,0,0,1,1
"OA","Night","23/10/24","Sub003_ToD_Online",29.4259259259259,44.6428571428571,33.6,14.6,-2.12962962962963,-1.5,0.9,-5.6,6.95,6.35,7,7.5,0.916666666666667,1.65,-0.6,1.7,"Sub004_ToD_Online",12,14,16,42,7,6,4,17,8,8,8,24,0,0,0,0
"OA","Night","23/10/24","Sub004_ToD_Online",42.2857142857143,43,54.4285714285714,31.125,-5.42857142857143,7.83333333333333,6.28571428571429,-25.625,6.4,5.4,9.4,4.4,0.0666666666666667,0.4,1.9,-2.1,"Sub003_ToD_Online",14,20,20,54,6,0,0,6,8,8,7,23,0,0,1,1
"OA","Night","23/10/24","Sub004_ToD_Online",42.2857142857143,43,54.4285714285714,31.125,-5.42857142857143,7.83333333333333,6.28571428571429,-25.625,6.4,5.4,9.4,4.4,0.0666666666666667,0.4,1.9,-2.1,"Sub004_ToD_Online",12,14,16,42,7,6,4,17,8,8,8,24,0,0,0,0
"OA","Night","24/10/24","Sub016_ToD_Online",51.02,35.125,49.8125,66.2222222222222,-2.42,11,-17.5625,-0.888888888888889,11.1166666666667,9.7,11.2,12.45,4.45,3.7,6.5,3.15,"Sub016_ToD_Online",16,16,18,50,4,4,2,10,8,8,8,24,0,0,0,0
"OA","Night","24/10/24","Sub016_ToD_Online",51.02,35.125,49.8125,66.2222222222222,-2.42,11,-17.5625,-0.888888888888889,11.1166666666667,9.7,11.2,12.45,4.45,3.7,6.5,3.15,"Sub017_ToD_Online",18,20,20,58,2,0,0,2,8,9,7,24,0,0,0,0
"OA","Night","24/10/24","Sub016_ToD_Online",51.02,35.125,49.8125,66.2222222222222,-2.42,11,-17.5625,-0.888888888888889,11.1166666666667,9.7,11.2,12.45,4.45,3.7,6.5,3.15,"Sub018_ToD_Online",6,10,12,28,12,10,8,30,8,8,6,22,0,0,2,2
"OA","Night","24/10/24","Sub016_ToD_Online",51.02,35.125,49.8125,66.2222222222222,-2.42,11,-17.5625,-0.888888888888889,11.1166666666667,9.7,11.2,12.45,4.45,3.7,6.5,3.15,"Sub019_ToD_Online",17,12,18,47,3,8,2,13,8,9,6,23,0,0,1,1
"OA","Night","24/10/24","Sub017_ToD_Online",18.7241379310345,18.9444444444444,21.95,15.3,4.20689655172414,2.94444444444444,9.35,0.2,6.45,5.45,6.45,7.45,-1.48333333333333,-2.25,0.55,-2.75,"Sub016_ToD_Online",16,16,18,50,4,4,2,10,8,8,8,24,0,0,0,0
"OA","Night","24/10/24","Sub017_ToD_Online",18.7241379310345,18.9444444444444,21.95,15.3,4.20689655172414,2.94444444444444,9.35,0.2,6.45,5.45,6.45,7.45,-1.48333333333333,-2.25,0.55,-2.75,"Sub017_ToD_Online",18,20,20,58,2,0,0,2,8,9,7,24,0,0,0,0
"OA","Night","24/10/24","Sub017_ToD_Online",18.7241379310345,18.9444444444444,21.95,15.3,4.20689655172414,2.94444444444444,9.35,0.2,6.45,5.45,6.45,7.45,-1.48333333333333,-2.25,0.55,-2.75,"Sub018_ToD_Online",6,10,12,28,12,10,8,30,8,8,6,22,0,0,2,2
"OA","Night","24/10/24","Sub017_ToD_Online",18.7241379310345,18.9444444444444,21.95,15.3,4.20689655172414,2.94444444444444,9.35,0.2,6.45,5.45,6.45,7.45,-1.48333333333333,-2.25,0.55,-2.75,"Sub019_ToD_Online",17,12,18,47,3,8,2,13,8,9,6,23,0,0,1,1
"OA","Night","24/10/24","Sub018_ToD_Online",59,74.5,44.3,63.5,-15.0714285714286,-71.5,-2.9,3,9.26666666666667,8.5,10.25,9.05,-2.93333333333333,-0.5,-5.15,-3.15,"Sub016_ToD_Online",16,16,18,50,4,4,2,10,8,8,8,24,0,0,0,0
"OA","Night","24/10/24","Sub018_ToD_Online",59,74.5,44.3,63.5,-15.0714285714286,-71.5,-2.9,3,9.26666666666667,8.5,10.25,9.05,-2.93333333333333,-0.5,-5.15,-3.15,"Sub017_ToD_Online",18,20,20,58,2,0,0,2,8,9,7,24,0,0,0,0
"OA","Night","24/10/24","Sub018_ToD_Online",59,74.5,44.3,63.5,-15.0714285714286,-71.5,-2.9,3,9.26666666666667,8.5,10.25,9.05,-2.93333333333333,-0.5,-5.15,-3.15,"Sub018_ToD_Online",6,10,12,28,12,10,8,30,8,8,6,22,0,0,2,2
"OA","Night","24/10/24","Sub018_ToD_Online",59,74.5,44.3,63.5,-15.0714285714286,-71.5,-2.9,3,9.26666666666667,8.5,10.25,9.05,-2.93333333333333,-0.5,-5.15,-3.15,"Sub019_ToD_Online",17,12,18,47,3,8,2,13,8,9,6,23,0,0,1,1
"OA","Night","24/10/24","Sub019_ToD_Online",32.2553191489362,29.0588235294118,46.5833333333333,25.7222222222222,4.59574468085106,8.70588235294118,4.41666666666667,0.833333333333333,8.1,7.15,7.7,9.45,-0.533333333333333,0.35,-0.8,-1.15,"Sub016_ToD_Online",16,16,18,50,4,4,2,10,8,8,8,24,0,0,0,0
"OA","Night","24/10/24","Sub019_ToD_Online",32.2553191489362,29.0588235294118,46.5833333333333,25.7222222222222,4.59574468085106,8.70588235294118,4.41666666666667,0.833333333333333,8.1,7.15,7.7,9.45,-0.533333333333333,0.35,-0.8,-1.15,"Sub017_ToD_Online",18,20,20,58,2,0,0,2,8,9,7,24,0,0,0,0
"OA","Night","24/10/24","Sub019_ToD_Online",32.2553191489362,29.0588235294118,46.5833333333333,25.7222222222222,4.59574468085106,8.70588235294118,4.41666666666667,0.833333333333333,8.1,7.15,7.7,9.45,-0.533333333333333,0.35,-0.8,-1.15,"Sub018_ToD_Online",6,10,12,28,12,10,8,30,8,8,6,22,0,0,2,2
"OA","Night","24/10/24","Sub019_ToD_Online",32.2553191489362,29.0588235294118,46.5833333333333,25.7222222222222,4.59574468085106,8.70588235294118,4.41666666666667,0.833333333333333,8.1,7.15,7.7,9.45,-0.533333333333333,0.35,-0.8,-1.15,"Sub019_ToD_Online",17,12,18,47,3,8,2,13,8,9,6,23,0,0,1,1
"OA","Night","25/10/24","Sub046_ToD_Online",38.8333333333333,34.8125,40.1176470588235,41.6666666666667,-6.45833333333333,-2.0625,-14.8235294117647,-1.66666666666667,7.48333333333333,7.7,7.9,6.85,-0.316666666666667,0.6,1.1,-2.65,"Sub046_ToD_Online",16,17,15,48,4,3,5,12,8,8,8,24,0,0,0,0
"OA","Night","25/10/24","Sub046_ToD_Online",38.8333333333333,34.8125,40.1176470588235,41.6666666666667,-6.45833333333333,-2.0625,-14.8235294117647,-1.66666666666667,7.48333333333333,7.7,7.9,6.85,-0.316666666666667,0.6,1.1,-2.65,"Sub047_ToD_Online",15,14,12,41,5,6,8,19,7,9,7,23,1,0,0,1
"OA","Night","25/10/24","Sub046_ToD_Online",38.8333333333333,34.8125,40.1176470588235,41.6666666666667,-6.45833333333333,-2.0625,-14.8235294117647,-1.66666666666667,7.48333333333333,7.7,7.9,6.85,-0.316666666666667,0.6,1.1,-2.65,"Sub048_ToD_Online",12,15,18,45,8,5,2,15,5,8,4,17,3,1,3,7
"OA","Night","25/10/24","Sub047_ToD_Online",83.9512195121951,89.5333333333333,81.0714285714286,80.3333333333333,-22.2926829268293,-25.9333333333333,-39.7857142857143,2.66666666666667,11.3166666666667,11.75,12.1,10.1,-3.05,-8.85,-2.9,2.6,"Sub046_ToD_Online",16,17,15,48,4,3,5,12,8,8,8,24,0,0,0,0
"OA","Night","25/10/24","Sub047_ToD_Online",83.9512195121951,89.5333333333333,81.0714285714286,80.3333333333333,-22.2926829268293,-25.9333333333333,-39.7857142857143,2.66666666666667,11.3166666666667,11.75,12.1,10.1,-3.05,-8.85,-2.9,2.6,"Sub047_ToD_Online",15,14,12,41,5,6,8,19,7,9,7,23,1,0,0,1
"OA","Night","25/10/24","Sub047_ToD_Online",83.9512195121951,89.5333333333333,81.0714285714286,80.3333333333333,-22.2926829268293,-25.9333333333333,-39.7857142857143,2.66666666666667,11.3166666666667,11.75,12.1,10.1,-3.05,-8.85,-2.9,2.6,"Sub048_ToD_Online",12,15,18,45,8,5,2,15,5,8,4,17,3,1,3,7
"OA","Night","25/10/24","Sub048_ToD_Online",88.8222222222222,64.75,112,85.5555555555556,5.31111111111111,-15.5833333333333,17.2,9.33333333333333,13.8,20.2,9.2,12,0.833333333333333,9.1,-1.1,-5.5,"Sub046_ToD_Online",16,17,15,48,4,3,5,12,8,8,8,24,0,0,0,0
"OA","Night","25/10/24","Sub048_ToD_Online",88.8222222222222,64.75,112,85.5555555555556,5.31111111111111,-15.5833333333333,17.2,9.33333333333333,13.8,20.2,9.2,12,0.833333333333333,9.1,-1.1,-5.5,"Sub047_ToD_Online",15,14,12,41,5,6,8,19,7,9,7,23,1,0,0,1
"OA","Night","25/10/24","Sub048_ToD_Online",88.8222222222222,64.75,112,85.5555555555556,5.31111111111111,-15.5833333333333,17.2,9.33333333333333,13.8,20.2,9.2,12,0.833333333333333,9.1,-1.1,-5.5,"Sub048_ToD_Online",12,15,18,45,8,5,2,15,5,8,4,17,3,1,3,7
"OA","Night","28/10/24","Sub068_ToD_Online",42.0943396226415,37.875,53.0555555555556,35.2631578947368,9.49056603773585,10,-1.61111111111111,19.5789473684211,7.13333333333333,8.8,6.45,6.15,-0.0666666666666667,-0.9,0.95,-0.25,"Sub068_ToD_Online",16,18,19,53,4,2,1,7,7,9,7,23,1,0,0,1
"OA","Night","28/10/24","Sub068_ToD_Online",42.0943396226415,37.875,53.0555555555556,35.2631578947368,9.49056603773585,10,-1.61111111111111,19.5789473684211,7.13333333333333,8.8,6.45,6.15,-0.0666666666666667,-0.9,0.95,-0.25,"Sub069_ToD_Online",17,20,20,57,3,0,0,3,5,2,3,10,3,6,5,14
"OA","Night","28/10/24","Sub068_ToD_Online",42.0943396226415,37.875,53.0555555555556,35.2631578947368,9.49056603773585,10,-1.61111111111111,19.5789473684211,7.13333333333333,8.8,6.45,6.15,-0.0666666666666667,-0.9,0.95,-0.25,"Sub070_ToD_Online",18,18,9,45,2,2,11,15,8,9,7,24,0,0,0,0
"OA","Night","28/10/24","Sub068_ToD_Online",42.0943396226415,37.875,53.0555555555556,35.2631578947368,9.49056603773585,10,-1.61111111111111,19.5789473684211,7.13333333333333,8.8,6.45,6.15,-0.0666666666666667,-0.9,0.95,-0.25,"Sub071_ToD_Online",12,18,13,43,8,2,7,17,6,7,7,20,0,1,1,2
"OA","Night","28/10/24","Sub068_ToD_Online",42.0943396226415,37.875,53.0555555555556,35.2631578947368,9.49056603773585,10,-1.61111111111111,19.5789473684211,7.13333333333333,8.8,6.45,6.15,-0.0666666666666667,-0.9,0.95,-0.25,"Sub072_ToD_Online",19,18,19,56,1,2,1,4,8,9,7,24,0,0,0,0
"OA","Night","28/10/24","Sub068_ToD_Online",42.0943396226415,37.875,53.0555555555556,35.2631578947368,9.49056603773585,10,-1.61111111111111,19.5789473684211,7.13333333333333,8.8,6.45,6.15,-0.0666666666666667,-0.9,0.95,-0.25,"Sub073_ToD_Online",19,19,20,58,1,1,0,2,8,9,6,23,0,0,1,1
"OA","Night","28/10/24","Sub069_ToD_Online",89.5438596491228,98.2352941176471,75,96.7,2.94736842105263,6.94117647058824,35.7,-33.2,8.4,7.55,9.7,7.95,0.666666666666667,-0.85,-0.7,3.55,"Sub068_ToD_Online",16,18,19,53,4,2,1,7,7,9,7,23,1,0,0,1
"OA","Night","28/10/24","Sub069_ToD_Online",89.5438596491228,98.2352941176471,75,96.7,2.94736842105263,6.94117647058824,35.7,-33.2,8.4,7.55,9.7,7.95,0.666666666666667,-0.85,-0.7,3.55,"Sub069_ToD_Online",17,20,20,57,3,0,0,3,5,2,3,10,3,6,5,14
"OA","Night","28/10/24","Sub069_ToD_Online",89.5438596491228,98.2352941176471,75,96.7,2.94736842105263,6.94117647058824,35.7,-33.2,8.4,7.55,9.7,7.95,0.666666666666667,-0.85,-0.7,3.55,"Sub070_ToD_Online",18,18,9,45,2,2,11,15,8,9,7,24,0,0,0,0
"OA","Night","28/10/24","Sub069_ToD_Online",89.5438596491228,98.2352941176471,75,96.7,2.94736842105263,6.94117647058824,35.7,-33.2,8.4,7.55,9.7,7.95,0.666666666666667,-0.85,-0.7,3.55,"Sub071_ToD_Online",12,18,13,43,8,2,7,17,6,7,7,20,0,1,1,2
"OA","Night","28/10/24","Sub069_ToD_Online",89.5438596491228,98.2352941176471,75,96.7,2.94736842105263,6.94117647058824,35.7,-33.2,8.4,7.55,9.7,7.95,0.666666666666667,-0.85,-0.7,3.55,"Sub072_ToD_Online",19,18,19,56,1,2,1,4,8,9,7,24,0,0,0,0
"OA","Night","28/10/24","Sub069_ToD_Online",89.5438596491228,98.2352941176471,75,96.7,2.94736842105263,6.94117647058824,35.7,-33.2,8.4,7.55,9.7,7.95,0.666666666666667,-0.85,-0.7,3.55,"Sub073_ToD_Online",19,19,20,58,1,1,0,2,8,9,6,23,0,0,1,1
"OA","Night","28/10/24","Sub070_ToD_Online",73.4444444444444,64.2222222222222,68,102.777777777778,-11.6222222222222,-0.555555555555556,-30.1111111111111,3.22222222222222,9.63333333333333,10.95,8.95,9,-1,0.15,-2.25,-0.9,"Sub068_ToD_Online",16,18,19,53,4,2,1,7,7,9,7,23,1,0,0,1
"OA","Night","28/10/24","Sub070_ToD_Online",73.4444444444444,64.2222222222222,68,102.777777777778,-11.6222222222222,-0.555555555555556,-30.1111111111111,3.22222222222222,9.63333333333333,10.95,8.95,9,-1,0.15,-2.25,-0.9,"Sub069_ToD_Online",17,20,20,57,3,0,0,3,5,2,3,10,3,6,5,14
"OA","Night","28/10/24","Sub070_ToD_Online",73.4444444444444,64.2222222222222,68,102.777777777778,-11.6222222222222,-0.555555555555556,-30.1111111111111,3.22222222222222,9.63333333333333,10.95,8.95,9,-1,0.15,-2.25,-0.9,"Sub070_ToD_Online",18,18,9,45,2,2,11,15,8,9,7,24,0,0,0,0
"OA","Night","28/10/24","Sub070_ToD_Online",73.4444444444444,64.2222222222222,68,102.777777777778,-11.6222222222222,-0.555555555555556,-30.1111111111111,3.22222222222222,9.63333333333333,10.95,8.95,9,-1,0.15,-2.25,-0.9,"Sub071_ToD_Online",12,18,13,43,8,2,7,17,6,7,7,20,0,1,1,2
"OA","Night","28/10/24","Sub070_ToD_Online",73.4444444444444,64.2222222222222,68,102.777777777778,-11.6222222222222,-0.555555555555556,-30.1111111111111,3.22222222222222,9.63333333333333,10.95,8.95,9,-1,0.15,-2.25,-0.9,"Sub072_ToD_Online",19,18,19,56,1,2,1,4,8,9,7,24,0,0,0,0
"OA","Night","28/10/24","Sub070_ToD_Online",73.4444444444444,64.2222222222222,68,102.777777777778,-11.6222222222222,-0.555555555555556,-30.1111111111111,3.22222222222222,9.63333333333333,10.95,8.95,9,-1,0.15,-2.25,-0.9,"Sub073_ToD_Online",19,19,20,58,1,1,0,2,8,9,6,23,0,0,1,1
"OA","Night","28/10/24","Sub071_ToD_Online",39.046511627907,48.4166666666667,33.6111111111111,37.9230769230769,6.16279069767442,11.0833333333333,-0.388888888888889,10.6923076923077,8.1,8.75,3.65,11.9,4.16666666666667,4.45,-0.45,8.5,"Sub068_ToD_Online",16,18,19,53,4,2,1,7,7,9,7,23,1,0,0,1
"OA","Night","28/10/24","Sub071_ToD_Online",39.046511627907,48.4166666666667,33.6111111111111,37.9230769230769,6.16279069767442,11.0833333333333,-0.388888888888889,10.6923076923077,8.1,8.75,3.65,11.9,4.16666666666667,4.45,-0.45,8.5,"Sub069_ToD_Online",17,20,20,57,3,0,0,3,5,2,3,10,3,6,5,14
"OA","Night","28/10/24","Sub071_ToD_Online",39.046511627907,48.4166666666667,33.6111111111111,37.9230769230769,6.16279069767442,11.0833333333333,-0.388888888888889,10.6923076923077,8.1,8.75,3.65,11.9,4.16666666666667,4.45,-0.45,8.5,"Sub070_ToD_Online",18,18,9,45,2,2,11,15,8,9,7,24,0,0,0,0
"OA","Night","28/10/24","Sub071_ToD_Online",39.046511627907,48.4166666666667,33.6111111111111,37.9230769230769,6.16279069767442,11.0833333333333,-0.388888888888889,10.6923076923077,8.1,8.75,3.65,11.9,4.16666666666667,4.45,-0.45,8.5,"Sub071_ToD_Online",12,18,13,43,8,2,7,17,6,7,7,20,0,1,1,2
"OA","Night","28/10/24","Sub071_ToD_Online",39.046511627907,48.4166666666667,33.6111111111111,37.9230769230769,6.16279069767442,11.0833333333333,-0.388888888888889,10.6923076923077,8.1,8.75,3.65,11.9,4.16666666666667,4.45,-0.45,8.5,"Sub072_ToD_Online",19,18,19,56,1,2,1,4,8,9,7,24,0,0,0,0
"OA","Night","28/10/24","Sub071_ToD_Online",39.046511627907,48.4166666666667,33.6111111111111,37.9230769230769,6.16279069767442,11.0833333333333,-0.388888888888889,10.6923076923077,8.1,8.75,3.65,11.9,4.16666666666667,4.45,-0.45,8.5,"Sub073_ToD_Online",19,19,20,58,1,1,0,2,8,9,6,23,0,0,1,1
"OA","Night","28/10/24","Sub072_ToD_Online",27.6785714285714,28.1578947368421,34.2222222222222,21,-4.42857142857143,0.263157894736842,-6.22222222222222,-7.42105263157895,12.5166666666667,9.3,12.9,15.35,-0.15,-3,-3.8,6.35,"Sub068_ToD_Online",16,18,19,53,4,2,1,7,7,9,7,23,1,0,0,1
"OA","Night","28/10/24","Sub072_ToD_Online",27.6785714285714,28.1578947368421,34.2222222222222,21,-4.42857142857143,0.263157894736842,-6.22222222222222,-7.42105263157895,12.5166666666667,9.3,12.9,15.35,-0.15,-3,-3.8,6.35,"Sub069_ToD_Online",17,20,20,57,3,0,0,3,5,2,3,10,3,6,5,14
"OA","Night","28/10/24","Sub072_ToD_Online",27.6785714285714,28.1578947368421,34.2222222222222,21,-4.42857142857143,0.263157894736842,-6.22222222222222,-7.42105263157895,12.5166666666667,9.3,12.9,15.35,-0.15,-3,-3.8,6.35,"Sub070_ToD_Online",18,18,9,45,2,2,11,15,8,9,7,24,0,0,0,0
"OA","Night","28/10/24","Sub072_ToD_Online",27.6785714285714,28.1578947368421,34.2222222222222,21,-4.42857142857143,0.263157894736842,-6.22222222222222,-7.42105263157895,12.5166666666667,9.3,12.9,15.35,-0.15,-3,-3.8,6.35,"Sub071_ToD_Online",12,18,13,43,8,2,7,17,6,7,7,20,0,1,1,2
"OA","Night","28/10/24","Sub072_ToD_Online",27.6785714285714,28.1578947368421,34.2222222222222,21,-4.42857142857143,0.263157894736842,-6.22222222222222,-7.42105263157895,12.5166666666667,9.3,12.9,15.35,-0.15,-3,-3.8,6.35,"Sub072_ToD_Online",19,18,19,56,1,2,1,4,8,9,7,24,0,0,0,0
"OA","Night","28/10/24","Sub072_ToD_Online",27.6785714285714,28.1578947368421,34.2222222222222,21,-4.42857142857143,0.263157894736842,-6.22222222222222,-7.42105263157895,12.5166666666667,9.3,12.9,15.35,-0.15,-3,-3.8,6.35,"Sub073_ToD_Online",19,19,20,58,1,1,0,2,8,9,6,23,0,0,1,1
"OA","Night","28/10/24","Sub073_ToD_Online",26.3103448275862,44.6842105263158,18,16.75,-6.37931034482759,-3.42105263157895,-5.89473684210526,-9.65,5.51666666666667,6.65,6,3.9,-1.58333333333333,-2.45,0.3,-2.6,"Sub068_ToD_Online",16,18,19,53,4,2,1,7,7,9,7,23,1,0,0,1
"OA","Night","28/10/24","Sub073_ToD_Online",26.3103448275862,44.6842105263158,18,16.75,-6.37931034482759,-3.42105263157895,-5.89473684210526,-9.65,5.51666666666667,6.65,6,3.9,-1.58333333333333,-2.45,0.3,-2.6,"Sub069_ToD_Online",17,20,20,57,3,0,0,3,5,2,3,10,3,6,5,14
"OA","Night","28/10/24","Sub073_ToD_Online",26.3103448275862,44.6842105263158,18,16.75,-6.37931034482759,-3.42105263157895,-5.89473684210526,-9.65,5.51666666666667,6.65,6,3.9,-1.58333333333333,-2.45,0.3,-2.6,"Sub070_ToD_Online",18,18,9,45,2,2,11,15,8,9,7,24,0,0,0,0
"OA","Night","28/10/24","Sub073_ToD_Online",26.3103448275862,44.6842105263158,18,16.75,-6.37931034482759,-3.42105263157895,-5.89473684210526,-9.65,5.51666666666667,6.65,6,3.9,-1.58333333333333,-2.45,0.3,-2.6,"Sub071_ToD_Online",12,18,13,43,8,2,7,17,6,7,7,20,0,1,1,2
"OA","Night","28/10/24","Sub073_ToD_Online",26.3103448275862,44.6842105263158,18,16.75,-6.37931034482759,-3.42105263157895,-5.89473684210526,-9.65,5.51666666666667,6.65,6,3.9,-1.58333333333333,-2.45,0.3,-2.6,"Sub072_ToD_Online",19,18,19,56,1,2,1,4,8,9,7,24,0,0,0,0
"OA","Night","28/10/24","Sub073_ToD_Online",26.3103448275862,44.6842105263158,18,16.75,-6.37931034482759,-3.42105263157895,-5.89473684210526,-9.65,5.51666666666667,6.65,6,3.9,-1.58333333333333,-2.45,0.3,-2.6,"Sub073_ToD_Online",19,19,20,58,1,1,0,2,8,9,6,23,0,0,1,1
"OA","Night","6/11/2024","Sub074_ToD_Online",28.280701754386,38.4444444444444,34.8421052631579,12.9,8.31578947368421,32.1111111111111,-4.63157894736842,-0.8,15.5,14,19.3,13.2,3.26666666666667,-0.5,6.9,3.4,"Sub074_ToD_Online",18,19,20,57,2,1,0,3,7,9,7,23,0,0,0,0
"OA","Night","6/11/2024","Sub074_ToD_Online",28.280701754386,38.4444444444444,34.8421052631579,12.9,8.31578947368421,32.1111111111111,-4.63157894736842,-0.8,15.5,14,19.3,13.2,3.26666666666667,-0.5,6.9,3.4,"Sub075_ToD_Online",19,17,17,53,1,3,3,7,8,7,7,22,0,1,1,2
"OA","Night","6/11/2024","Sub074_ToD_Online",28.280701754386,38.4444444444444,34.8421052631579,12.9,8.31578947368421,32.1111111111111,-4.63157894736842,-0.8,15.5,14,19.3,13.2,3.26666666666667,-0.5,6.9,3.4,"Sub076_ToD_Online",13,16,14,43,7,4,6,17,8,9,5,22,0,0,2,2
"OA","Night","6/11/2024","Sub074_ToD_Online",28.280701754386,38.4444444444444,34.8421052631579,12.9,8.31578947368421,32.1111111111111,-4.63157894736842,-0.8,15.5,14,19.3,13.2,3.26666666666667,-0.5,6.9,3.4,"Sub077_ToD_Online",8,11,16,35,10,9,4,23,8,9,7,24,0,0,0,0
"OA","Night","6/11/2024","Sub074_ToD_Online",28.280701754386,38.4444444444444,34.8421052631579,12.9,8.31578947368421,32.1111111111111,-4.63157894736842,-0.8,15.5,14,19.3,13.2,3.26666666666667,-0.5,6.9,3.4,"Sub078_ToD_Online",17,19,18,54,3,1,2,6,6,3,6,15,2,5,2,9
"OA","Night","6/11/2024","Sub074_ToD_Online",28.280701754386,38.4444444444444,34.8421052631579,12.9,8.31578947368421,32.1111111111111,-4.63157894736842,-0.8,15.5,14,19.3,13.2,3.26666666666667,-0.5,6.9,3.4,"Sub079_ToD_Online",13,13,10,36,7,7,10,24,8,7,8,23,0,1,0,1
"OA","Night","6/11/2024","Sub075_ToD_Online",51.6603773584906,68.3157894736842,34.5294117647059,50.1764705882353,-9.39622641509434,-16,-0.647058823529412,-10.7647058823529,5.45,7,4.6,4.75,-0.25,-0.1,-1,0.35,"Sub074_ToD_Online",18,19,20,57,2,1,0,3,7,9,7,23,0,0,0,0
"OA","Night","6/11/2024","Sub075_ToD_Online",51.6603773584906,68.3157894736842,34.5294117647059,50.1764705882353,-9.39622641509434,-16,-0.647058823529412,-10.7647058823529,5.45,7,4.6,4.75,-0.25,-0.1,-1,0.35,"Sub075_ToD_Online",19,17,17,53,1,3,3,7,8,7,7,22,0,1,1,2
"OA","Night","6/11/2024","Sub075_ToD_Online",51.6603773584906,68.3157894736842,34.5294117647059,50.1764705882353,-9.39622641509434,-16,-0.647058823529412,-10.7647058823529,5.45,7,4.6,4.75,-0.25,-0.1,-1,0.35,"Sub076_ToD_Online",13,16,14,43,7,4,6,17,8,9,5,22,0,0,2,2
"OA","Night","6/11/2024","Sub075_ToD_Online",51.6603773584906,68.3157894736842,34.5294117647059,50.1764705882353,-9.39622641509434,-16,-0.647058823529412,-10.7647058823529,5.45,7,4.6,4.75,-0.25,-0.1,-1,0.35,"Sub077_ToD_Online",8,11,16,35,10,9,4,23,8,9,7,24,0,0,0,0
"OA","Night","6/11/2024","Sub075_ToD_Online",51.6603773584906,68.3157894736842,34.5294117647059,50.1764705882353,-9.39622641509434,-16,-0.647058823529412,-10.7647058823529,5.45,7,4.6,4.75,-0.25,-0.1,-1,0.35,"Sub078_ToD_Online",17,19,18,54,3,1,2,6,6,3,6,15,2,5,2,9
"OA","Night","6/11/2024","Sub075_ToD_Online",51.6603773584906,68.3157894736842,34.5294117647059,50.1764705882353,-9.39622641509434,-16,-0.647058823529412,-10.7647058823529,5.45,7,4.6,4.75,-0.25,-0.1,-1,0.35,"Sub079_ToD_Online",13,13,10,36,7,7,10,24,8,7,8,23,0,1,0,1
"OA","Night","6/11/2024","Sub076_ToD_Online",39.6511627906977,23.7692307692308,61.0625,29.9285714285714,5.13953488372093,10.8461538461538,18.6875,-15.6428571428571,7.93333333333333,10.65,6.15,7,-1.33333333333333,-6.25,0.65,1.6,"Sub074_ToD_Online",18,19,20,57,2,1,0,3,7,9,7,23,0,0,0,0
"OA","Night","6/11/2024","Sub076_ToD_Online",39.6511627906977,23.7692307692308,61.0625,29.9285714285714,5.13953488372093,10.8461538461538,18.6875,-15.6428571428571,7.93333333333333,10.65,6.15,7,-1.33333333333333,-6.25,0.65,1.6,"Sub075_ToD_Online",19,17,17,53,1,3,3,7,8,7,7,22,0,1,1,2
"OA","Night","6/11/2024","Sub076_ToD_Online",39.6511627906977,23.7692307692308,61.0625,29.9285714285714,5.13953488372093,10.8461538461538,18.6875,-15.6428571428571,7.93333333333333,10.65,6.15,7,-1.33333333333333,-6.25,0.65,1.6,"Sub076_ToD_Online",13,16,14,43,7,4,6,17,8,9,5,22,0,0,2,2
"OA","Night","6/11/2024","Sub076_ToD_Online",39.6511627906977,23.7692307692308,61.0625,29.9285714285714,5.13953488372093,10.8461538461538,18.6875,-15.6428571428571,7.93333333333333,10.65,6.15,7,-1.33333333333333,-6.25,0.65,1.6,"Sub077_ToD_Online",8,11,16,35,10,9,4,23,8,9,7,24,0,0,0,0
"OA","Night","6/11/2024","Sub076_ToD_Online",39.6511627906977,23.7692307692308,61.0625,29.9285714285714,5.13953488372093,10.8461538461538,18.6875,-15.6428571428571,7.93333333333333,10.65,6.15,7,-1.33333333333333,-6.25,0.65,1.6,"Sub078_ToD_Online",17,19,18,54,3,1,2,6,6,3,6,15,2,5,2,9
"OA","Night","6/11/2024","Sub076_ToD_Online",39.6511627906977,23.7692307692308,61.0625,29.9285714285714,5.13953488372093,10.8461538461538,18.6875,-15.6428571428571,7.93333333333333,10.65,6.15,7,-1.33333333333333,-6.25,0.65,1.6,"Sub079_ToD_Online",13,13,10,36,7,7,10,24,8,7,8,23,0,1,0,1
"OA","Night","6/11/2024","Sub077_ToD_Online",49.8857142857143,36.75,57.8181818181818,51,5.48571428571429,2.5,-4,13.5,9.7,8.55,10.1,10.45,0.266666666666667,-1.05,-0.9,2.75,"Sub074_ToD_Online",18,19,20,57,2,1,0,3,7,9,7,23,0,0,0,0
"OA","Night","6/11/2024","Sub077_ToD_Online",49.8857142857143,36.75,57.8181818181818,51,5.48571428571429,2.5,-4,13.5,9.7,8.55,10.1,10.45,0.266666666666667,-1.05,-0.9,2.75,"Sub075_ToD_Online",19,17,17,53,1,3,3,7,8,7,7,22,0,1,1,2
"OA","Night","6/11/2024","Sub077_ToD_Online",49.8857142857143,36.75,57.8181818181818,51,5.48571428571429,2.5,-4,13.5,9.7,8.55,10.1,10.45,0.266666666666667,-1.05,-0.9,2.75,"Sub076_ToD_Online",13,16,14,43,7,4,6,17,8,9,5,22,0,0,2,2
"OA","Night","6/11/2024","Sub077_ToD_Online",49.8857142857143,36.75,57.8181818181818,51,5.48571428571429,2.5,-4,13.5,9.7,8.55,10.1,10.45,0.266666666666667,-1.05,-0.9,2.75,"Sub077_ToD_Online",8,11,16,35,10,9,4,23,8,9,7,24,0,0,0,0
"OA","Night","6/11/2024","Sub077_ToD_Online",49.8857142857143,36.75,57.8181818181818,51,5.48571428571429,2.5,-4,13.5,9.7,8.55,10.1,10.45,0.266666666666667,-1.05,-0.9,2.75,"Sub078_ToD_Online",17,19,18,54,3,1,2,6,6,3,6,15,2,5,2,9
"OA","Night","6/11/2024","Sub077_ToD_Online",49.8857142857143,36.75,57.8181818181818,51,5.48571428571429,2.5,-4,13.5,9.7,8.55,10.1,10.45,0.266666666666667,-1.05,-0.9,2.75,"Sub079_ToD_Online",13,13,10,36,7,7,10,24,8,7,8,23,0,1,0,1
"OA","Night","6/11/2024","Sub078_ToD_Online",64.8518518518518,66.4705882352941,60.7894736842105,67.6111111111111,-14.4444444444444,-53.4117647058824,6.26315789473684,0.5,6.06666666666667,8.1,5.1,5,0.0666666666666667,-0.8,1.6,-0.6,"Sub074_ToD_Online",18,19,20,57,2,1,0,3,7,9,7,23,0,0,0,0
"OA","Night","6/11/2024","Sub078_ToD_Online",64.8518518518518,66.4705882352941,60.7894736842105,67.6111111111111,-14.4444444444444,-53.4117647058824,6.26315789473684,0.5,6.06666666666667,8.1,5.1,5,0.0666666666666667,-0.8,1.6,-0.6,"Sub075_ToD_Online",19,17,17,53,1,3,3,7,8,7,7,22,0,1,1,2
"OA","Night","6/11/2024","Sub078_ToD_Online",64.8518518518518,66.4705882352941,60.7894736842105,67.6111111111111,-14.4444444444444,-53.4117647058824,6.26315789473684,0.5,6.06666666666667,8.1,5.1,5,0.0666666666666667,-0.8,1.6,-0.6,"Sub076_ToD_Online",13,16,14,43,7,4,6,17,8,9,5,22,0,0,2,2
"OA","Night","6/11/2024","Sub078_ToD_Online",64.8518518518518,66.4705882352941,60.7894736842105,67.6111111111111,-14.4444444444444,-53.4117647058824,6.26315789473684,0.5,6.06666666666667,8.1,5.1,5,0.0666666666666667,-0.8,1.6,-0.6,"Sub077_ToD_Online",8,11,16,35,10,9,4,23,8,9,7,24,0,0,0,0
"OA","Night","6/11/2024","Sub078_ToD_Online",64.8518518518518,66.4705882352941,60.7894736842105,67.6111111111111,-14.4444444444444,-53.4117647058824,6.26315789473684,0.5,6.06666666666667,8.1,5.1,5,0.0666666666666667,-0.8,1.6,-0.6,"Sub078_ToD_Online",17,19,18,54,3,1,2,6,6,3,6,15,2,5,2,9
"OA","Night","6/11/2024","Sub078_ToD_Online",64.8518518518518,66.4705882352941,60.7894736842105,67.6111111111111,-14.4444444444444,-53.4117647058824,6.26315789473684,0.5,6.06666666666667,8.1,5.1,5,0.0666666666666667,-0.8,1.6,-0.6,"Sub079_ToD_Online",13,13,10,36,7,7,10,24,8,7,8,23,0,1,0,1
"OA","Night","6/11/2024","Sub079_ToD_Online",46.1388888888889,29.3076923076923,69.3076923076923,37.9,4.19444444444444,6.53846153846154,3.61538461538462,1.9,4.78333333333333,5.05,4.65,4.65,-0.283333333333333,-2.85,0.85,1.15,"Sub074_ToD_Online",18,19,20,57,2,1,0,3,7,9,7,23,0,0,0,0
"OA","Night","6/11/2024","Sub079_ToD_Online",46.1388888888889,29.3076923076923,69.3076923076923,37.9,4.19444444444444,6.53846153846154,3.61538461538462,1.9,4.78333333333333,5.05,4.65,4.65,-0.283333333333333,-2.85,0.85,1.15,"Sub075_ToD_Online",19,17,17,53,1,3,3,7,8,7,7,22,0,1,1,2
"OA","Night","6/11/2024","Sub079_ToD_Online",46.1388888888889,29.3076923076923,69.3076923076923,37.9,4.19444444444444,6.53846153846154,3.61538461538462,1.9,4.78333333333333,5.05,4.65,4.65,-0.283333333333333,-2.85,0.85,1.15,"Sub076_ToD_Online",13,16,14,43,7,4,6,17,8,9,5,22,0,0,2,2
"OA","Night","6/11/2024","Sub079_ToD_Online",46.1388888888889,29.3076923076923,69.3076923076923,37.9,4.19444444444444,6.53846153846154,3.61538461538462,1.9,4.78333333333333,5.05,4.65,4.65,-0.283333333333333,-2.85,0.85,1.15,"Sub077_ToD_Online",8,11,16,35,10,9,4,23,8,9,7,24,0,0,0,0
"OA","Night","6/11/2024","Sub079_ToD_Online",46.1388888888889,29.3076923076923,69.3076923076923,37.9,4.19444444444444,6.53846153846154,3.61538461538462,1.9,4.78333333333333,5.05,4.65,4.65,-0.283333333333333,-2.85,0.85,1.15,"Sub078_ToD_Online",17,19,18,54,3,1,2,6,6,3,6,15,2,5,2,9
"OA","Night","6/11/2024","Sub079_ToD_Online",46.1388888888889,29.3076923076923,69.3076923076923,37.9,4.19444444444444,6.53846153846154,3.61538461538462,1.9,4.78333333333333,5.05,4.65,4.65,-0.283333333333333,-2.85,0.85,1.15,"Sub079_ToD_Online",13,13,10,36,7,7,10,24,8,7,8,23,0,1,0,1
"YA","Morning","23/10/24","Sub001_ToD_Online",92.7857142857143,72.5714285714286,133.25,86,3.21428571428571,-4,62.75,-59.3333333333333,96.5,101.75,94.2,93.55,-6.5,0.05,-14.1,-5.45,"Sub001_ToD_Online",7,4,3,14,13,16,17,46,8,8,6,22,0,0,2,2
"YA","Morning","23/10/24","Sub001_ToD_Online",92.7857142857143,72.5714285714286,133.25,86,3.21428571428571,-4,62.75,-59.3333333333333,96.5,101.75,94.2,93.55,-6.5,0.05,-14.1,-5.45,"Sub002_ToD_Online",16,11,7,34,4,9,13,26,8,8,5,21,0,1,2,3
"YA","Morning","23/10/24","Sub002_ToD_Online",73.0882352941177,62.9375,70.2727272727273,100.714285714286,0.735294117647059,-12.6875,43.9090909090909,-36.4285714285714,5.65,6.35,3.85,6.75,-1.25,1.45,-1.85,-3.35,"Sub001_ToD_Online",7,4,3,14,13,16,17,46,8,8,6,22,0,0,2,2
"YA","Morning","23/10/24","Sub002_ToD_Online",73.0882352941177,62.9375,70.2727272727273,100.714285714286,0.735294117647059,-12.6875,43.9090909090909,-36.4285714285714,5.65,6.35,3.85,6.75,-1.25,1.45,-1.85,-3.35,"Sub002_ToD_Online",16,11,7,34,4,9,13,26,8,8,5,21,0,1,2,3
"YA","Morning","24/10/24","Sub010_ToD_Online",32.8,34.3888888888889,28.8947368421053,35.3333333333333,-0.545454545454545,-7.5,3.94736842105263,1.66666666666667,21.1,18.65,17.9,26.75,-4.3,-6.05,-4.6,-2.25,"Sub010_ToD_Online",18,19,18,55,2,1,2,5,8,7,6,21,0,1,2,3
"YA","Morning","24/10/24","Sub010_ToD_Online",32.8,34.3888888888889,28.8947368421053,35.3333333333333,-0.545454545454545,-7.5,3.94736842105263,1.66666666666667,21.1,18.65,17.9,26.75,-4.3,-6.05,-4.6,-2.25,"Sub011_ToD_Online",15,17,14,46,4,3,6,13,8,7,8,23,0,1,0,1
"YA","Morning","24/10/24","Sub011_ToD_Online",60.3478260869565,56.6,72.2941176470588,49.8571428571429,-16.2608695652174,-36.4666666666667,24.4117647058824,-44,8.93333333333333,8.85,11.95,6,-0.733333333333333,2.25,-3.55,-0.9,"Sub010_ToD_Online",18,19,18,55,2,1,2,5,8,7,6,21,0,1,2,3
"YA","Morning","24/10/24","Sub011_ToD_Online",60.3478260869565,56.6,72.2941176470588,49.8571428571429,-16.2608695652174,-36.4666666666667,24.4117647058824,-44,8.93333333333333,8.85,11.95,6,-0.733333333333333,2.25,-3.55,-0.9,"Sub011_ToD_Online",15,17,14,46,4,3,6,13,8,7,8,23,0,1,0,1
"YA","Morning","25/10/24","Sub020_ToD_Online",27.2631578947368,22.7,31.4444444444444,28.1052631578947,9.12280701754386,-0.5,12.7777777777778,15.7894736842105,6.56666666666667,3.85,5,10.85,2.13333333333333,-1.35,-1.2,8.95,"Sub020_ToD_Online",20,18,19,57,0,2,1,3,8,9,6,23,0,0,1,1
"YA","Morning","25/10/24","Sub020_ToD_Online",27.2631578947368,22.7,31.4444444444444,28.1052631578947,9.12280701754386,-0.5,12.7777777777778,15.7894736842105,6.56666666666667,3.85,5,10.85,2.13333333333333,-1.35,-1.2,8.95,"Sub021_ToD_Online",18,20,19,57,2,0,1,3,8,8,8,24,0,0,0,0
"YA","Morning","25/10/24","Sub020_ToD_Online",27.2631578947368,22.7,31.4444444444444,28.1052631578947,9.12280701754386,-0.5,12.7777777777778,15.7894736842105,6.56666666666667,3.85,5,10.85,2.13333333333333,-1.35,-1.2,8.95,"Sub022_ToD_Online",15,10,9,34,5,10,11,26,8,9,7,24,0,0,0,0
"YA","Morning","25/10/24","Sub020_ToD_Online",27.2631578947368,22.7,31.4444444444444,28.1052631578947,9.12280701754386,-0.5,12.7777777777778,15.7894736842105,6.56666666666667,3.85,5,10.85,2.13333333333333,-1.35,-1.2,8.95,"Sub023_ToD_Online",13,13,15,41,7,7,5,19,8,7,7,22,0,2,0,2
"YA","Morning","25/10/24","Sub021_ToD_Online",31.1228070175439,51.3888888888889,33.6,9.31578947368421,-3.2280701754386,-5.27777777777778,-7.2,2.89473684210526,4.61666666666667,4.45,4.4,5,1.38333333333333,1.75,0.5,1.9,"Sub020_ToD_Online",20,18,19,57,0,2,1,3,8,9,6,23,0,0,1,1
"YA","Morning","25/10/24","Sub021_ToD_Online",31.1228070175439,51.3888888888889,33.6,9.31578947368421,-3.2280701754386,-5.27777777777778,-7.2,2.89473684210526,4.61666666666667,4.45,4.4,5,1.38333333333333,1.75,0.5,1.9,"Sub021_ToD_Online",18,20,19,57,2,0,1,3,8,8,8,24,0,0,0,0
"YA","Morning","25/10/24","Sub021_ToD_Online",31.1228070175439,51.3888888888889,33.6,9.31578947368421,-3.2280701754386,-5.27777777777778,-7.2,2.89473684210526,4.61666666666667,4.45,4.4,5,1.38333333333333,1.75,0.5,1.9,"Sub022_ToD_Online",15,10,9,34,5,10,11,26,8,9,7,24,0,0,0,0
"YA","Morning","25/10/24","Sub021_ToD_Online",31.1228070175439,51.3888888888889,33.6,9.31578947368421,-3.2280701754386,-5.27777777777778,-7.2,2.89473684210526,4.61666666666667,4.45,4.4,5,1.38333333333333,1.75,0.5,1.9,"Sub023_ToD_Online",13,13,15,41,7,7,5,19,8,7,7,22,0,2,0,2
"YA","Morning","25/10/24","Sub022_ToD_Online",37.5,21.3333333333333,66.2,32.5555555555556,-0.852941176470588,-1.46666666666667,0.2,-1,6.08333333333333,4.35,9.45,4.45,3.08333333333333,2.65,5.25,1.35,"Sub020_ToD_Online",20,18,19,57,0,2,1,3,8,9,6,23,0,0,1,1
"YA","Morning","25/10/24","Sub022_ToD_Online",37.5,21.3333333333333,66.2,32.5555555555556,-0.852941176470588,-1.46666666666667,0.2,-1,6.08333333333333,4.35,9.45,4.45,3.08333333333333,2.65,5.25,1.35,"Sub021_ToD_Online",18,20,19,57,2,0,1,3,8,8,8,24,0,0,0,0
"YA","Morning","25/10/24","Sub022_ToD_Online",37.5,21.3333333333333,66.2,32.5555555555556,-0.852941176470588,-1.46666666666667,0.2,-1,6.08333333333333,4.35,9.45,4.45,3.08333333333333,2.65,5.25,1.35,"Sub022_ToD_Online",15,10,9,34,5,10,11,26,8,9,7,24,0,0,0,0
"YA","Morning","25/10/24","Sub022_ToD_Online",37.5,21.3333333333333,66.2,32.5555555555556,-0.852941176470588,-1.46666666666667,0.2,-1,6.08333333333333,4.35,9.45,4.45,3.08333333333333,2.65,5.25,1.35,"Sub023_ToD_Online",13,13,15,41,7,7,5,19,8,7,7,22,0,2,0,2
"YA","Morning","25/10/24","Sub023_ToD_Online",35.1463414634146,13.7692307692308,44.2307692307692,45.8,1.63414634146341,-2.07692307692308,-10.3846153846154,15.2666666666667,7.51666666666667,10.2,7.45,4.9,-1.41666666666667,-5.2,2.85,-1.9,"Sub020_ToD_Online",20,18,19,57,0,2,1,3,8,9,6,23,0,0,1,1
"YA","Morning","25/10/24","Sub023_ToD_Online",35.1463414634146,13.7692307692308,44.2307692307692,45.8,1.63414634146341,-2.07692307692308,-10.3846153846154,15.2666666666667,7.51666666666667,10.2,7.45,4.9,-1.41666666666667,-5.2,2.85,-1.9,"Sub021_ToD_Online",18,20,19,57,2,0,1,3,8,8,8,24,0,0,0,0
"YA","Morning","25/10/24","Sub023_ToD_Online",35.1463414634146,13.7692307692308,44.2307692307692,45.8,1.63414634146341,-2.07692307692308,-10.3846153846154,15.2666666666667,7.51666666666667,10.2,7.45,4.9,-1.41666666666667,-5.2,2.85,-1.9,"Sub022_ToD_Online",15,10,9,34,5,10,11,26,8,9,7,24,0,0,0,0
"YA","Morning","25/10/24","Sub023_ToD_Online",35.1463414634146,13.7692307692308,44.2307692307692,45.8,1.63414634146341,-2.07692307692308,-10.3846153846154,15.2666666666667,7.51666666666667,10.2,7.45,4.9,-1.41666666666667,-5.2,2.85,-1.9,"Sub023_ToD_Online",13,13,15,41,7,7,5,19,8,7,7,22,0,2,0,2
"YA","Morning","26/10/24","Sub027_ToD_Online",15.4565217391304,19,9.625,17.9166666666667,-3.41304347826087,1.33333333333333,-1.875,-12.5833333333333,3.05,1.95,4.15,3.05,-1.51666666666667,-0.25,-3.25,-1.05,"Sub027_ToD_Online",18,16,12,46,2,4,8,14,8,8,8,24,0,0,0,0
"YA","Morning","26/10/24","Sub027_ToD_Online",15.4565217391304,19,9.625,17.9166666666667,-3.41304347826087,1.33333333333333,-1.875,-12.5833333333333,3.05,1.95,4.15,3.05,-1.51666666666667,-0.25,-3.25,-1.05,"Sub029_ToD_Online",17,16,10,43,3,4,10,17,7,8,8,23,1,0,0,1
"YA","Morning","26/10/24","Sub029_ToD_Online",38.6279069767442,50.4705882352941,27.5,36.3,-5.37209302325581,-9.64705882352941,-4.25,0.1,8.48333333333333,9,7.6,8.85,-2.45,0.2,-2.6,-4.95,"Sub027_ToD_Online",18,16,12,46,2,4,8,14,8,8,8,24,0,0,0,0
"YA","Morning","26/10/24","Sub029_ToD_Online",38.6279069767442,50.4705882352941,27.5,36.3,-5.37209302325581,-9.64705882352941,-4.25,0.1,8.48333333333333,9,7.6,8.85,-2.45,0.2,-2.6,-4.95,"Sub029_ToD_Online",17,16,10,43,3,4,10,17,7,8,8,23,1,0,0,1
"YA","Morning","26/10/34","Sub028_ToD_Online",67.5277777777778,54.9090909090909,57.5384615384615,89.9166666666667,-4.63888888888889,-33.6363636363636,33.0769230769231,-18.9166666666667,7.06666666666667,6.35,7.5,7.35,-0.8,-1.85,0.3,-0.85,"Sub028_ToD_Online",11,13,12,36,9,7,8,24,8,8,7,23,0,0,1,1
"YA","Morning","27/10/24","Sub030_ToD_Online",101.969696969697,96,107.583333333333,101.272727272727,-3.42424242424242,-26.6,0.916666666666667,12.9090909090909,14.7833333333333,27.1,9.65,7.6,1.91666666666667,8.4,-3.45,0.8,"Sub030_ToD_Online",10,12,11,33,6,8,9,23,5,8,7,20,1,1,0,2
"YA","Morning","27/10/24","Sub030_ToD_Online",101.969696969697,96,107.583333333333,101.272727272727,-3.42424242424242,-26.6,0.916666666666667,12.9090909090909,14.7833333333333,27.1,9.65,7.6,1.91666666666667,8.4,-3.45,0.8,"Sub031_ToD_Online",15,16,16,47,5,4,4,13,7,8,5,20,1,1,2,4
"YA","Morning","27/10/24","Sub030_ToD_Online",101.969696969697,96,107.583333333333,101.272727272727,-3.42424242424242,-26.6,0.916666666666667,12.9090909090909,14.7833333333333,27.1,9.65,7.6,1.91666666666667,8.4,-3.45,0.8,"Sub032_ToD_Online",10,13,12,35,10,7,8,25,8,9,7,24,0,0,0,0
"YA","Morning","27/10/24","Sub030_ToD_Online",101.969696969697,96,107.583333333333,101.272727272727,-3.42424242424242,-26.6,0.916666666666667,12.9090909090909,14.7833333333333,27.1,9.65,7.6,1.91666666666667,8.4,-3.45,0.8,"Sub033_ToD_Online",13,17,16,46,7,3,4,14,7,8,8,23,1,0,0,1
"YA","Morning","27/10/24","Sub030_ToD_Online",101.969696969697,96,107.583333333333,101.272727272727,-3.42424242424242,-26.6,0.916666666666667,12.9090909090909,14.7833333333333,27.1,9.65,7.6,1.91666666666667,8.4,-3.45,0.8,"Sub034_ToD_Online",19,19,20,58,1,1,0,2,8,9,7,24,0,0,0,0
"YA","Morning","27/10/24","Sub030_ToD_Online",101.969696969697,96,107.583333333333,101.272727272727,-3.42424242424242,-26.6,0.916666666666667,12.9090909090909,14.7833333333333,27.1,9.65,7.6,1.91666666666667,8.4,-3.45,0.8,"Sub035_ToD_Online",17,17,18,52,3,3,2,8,7,8,8,23,0,0,0,0
"YA","Morning","27/10/24","Sub030_ToD_Online",101.969696969697,96,107.583333333333,101.272727272727,-3.42424242424242,-26.6,0.916666666666667,12.9090909090909,14.7833333333333,27.1,9.65,7.6,1.91666666666667,8.4,-3.45,0.8,"Sub036_ToD_Online",13,15,12,40,7,5,8,20,5,9,7,21,1,0,0,1
"YA","Morning","27/10/24","Sub031_ToD_Online",86.5957446808511,83.2,81.6875,94.6875,-23.4042553191489,6.4,-3.6875,-71.0625,9.71666666666667,7.05,10,12.1,2.08333333333333,-1.65,4.7,3.2,"Sub030_ToD_Online",10,12,11,33,6,8,9,23,5,8,7,20,1,1,0,2
"YA","Morning","27/10/24","Sub031_ToD_Online",86.5957446808511,83.2,81.6875,94.6875,-23.4042553191489,6.4,-3.6875,-71.0625,9.71666666666667,7.05,10,12.1,2.08333333333333,-1.65,4.7,3.2,"Sub031_ToD_Online",15,16,16,47,5,4,4,13,7,8,5,20,1,1,2,4
"YA","Morning","27/10/24","Sub031_ToD_Online",86.5957446808511,83.2,81.6875,94.6875,-23.4042553191489,6.4,-3.6875,-71.0625,9.71666666666667,7.05,10,12.1,2.08333333333333,-1.65,4.7,3.2,"Sub032_ToD_Online",10,13,12,35,10,7,8,25,8,9,7,24,0,0,0,0
"YA","Morning","27/10/24","Sub031_ToD_Online",86.5957446808511,83.2,81.6875,94.6875,-23.4042553191489,6.4,-3.6875,-71.0625,9.71666666666667,7.05,10,12.1,2.08333333333333,-1.65,4.7,3.2,"Sub033_ToD_Online",13,17,16,46,7,3,4,14,7,8,8,23,1,0,0,1
"YA","Morning","27/10/24","Sub031_ToD_Online",86.5957446808511,83.2,81.6875,94.6875,-23.4042553191489,6.4,-3.6875,-71.0625,9.71666666666667,7.05,10,12.1,2.08333333333333,-1.65,4.7,3.2,"Sub034_ToD_Online",19,19,20,58,1,1,0,2,8,9,7,24,0,0,0,0
"YA","Morning","27/10/24","Sub031_ToD_Online",86.5957446808511,83.2,81.6875,94.6875,-23.4042553191489,6.4,-3.6875,-71.0625,9.71666666666667,7.05,10,12.1,2.08333333333333,-1.65,4.7,3.2,"Sub035_ToD_Online",17,17,18,52,3,3,2,8,7,8,8,23,0,0,0,0
"YA","Morning","27/10/24","Sub031_ToD_Online",86.5957446808511,83.2,81.6875,94.6875,-23.4042553191489,6.4,-3.6875,-71.0625,9.71666666666667,7.05,10,12.1,2.08333333333333,-1.65,4.7,3.2,"Sub036_ToD_Online",13,15,12,40,7,5,8,20,5,9,7,21,1,0,0,1
"YA","Morning","27/10/24","Sub032_ToD_Online",73.8285714285714,61.2,78.0769230769231,79.75,-3.6,13.8,-1.15384615384615,-20.75,6.53333333333333,6.5,7.6,5.5,0.5,0.4,2,-0.9,"Sub030_ToD_Online",10,12,11,33,6,8,9,23,5,8,7,20,1,1,0,2
"YA","Morning","27/10/24","Sub032_ToD_Online",73.8285714285714,61.2,78.0769230769231,79.75,-3.6,13.8,-1.15384615384615,-20.75,6.53333333333333,6.5,7.6,5.5,0.5,0.4,2,-0.9,"Sub031_ToD_Online",15,16,16,47,5,4,4,13,7,8,5,20,1,1,2,4
"YA","Morning","27/10/24","Sub032_ToD_Online",73.8285714285714,61.2,78.0769230769231,79.75,-3.6,13.8,-1.15384615384615,-20.75,6.53333333333333,6.5,7.6,5.5,0.5,0.4,2,-0.9,"Sub032_ToD_Online",10,13,12,35,10,7,8,25,8,9,7,24,0,0,0,0
"YA","Morning","27/10/24","Sub032_ToD_Online",73.8285714285714,61.2,78.0769230769231,79.75,-3.6,13.8,-1.15384615384615,-20.75,6.53333333333333,6.5,7.6,5.5,0.5,0.4,2,-0.9,"Sub033_ToD_Online",13,17,16,46,7,3,4,14,7,8,8,23,1,0,0,1
"YA","Morning","27/10/24","Sub032_ToD_Online",73.8285714285714,61.2,78.0769230769231,79.75,-3.6,13.8,-1.15384615384615,-20.75,6.53333333333333,6.5,7.6,5.5,0.5,0.4,2,-0.9,"Sub034_ToD_Online",19,19,20,58,1,1,0,2,8,9,7,24,0,0,0,0
"YA","Morning","27/10/24","Sub032_ToD_Online",73.8285714285714,61.2,78.0769230769231,79.75,-3.6,13.8,-1.15384615384615,-20.75,6.53333333333333,6.5,7.6,5.5,0.5,0.4,2,-0.9,"Sub035_ToD_Online",17,17,18,52,3,3,2,8,7,8,8,23,0,0,0,0
"YA","Morning","27/10/24","Sub032_ToD_Online",73.8285714285714,61.2,78.0769230769231,79.75,-3.6,13.8,-1.15384615384615,-20.75,6.53333333333333,6.5,7.6,5.5,0.5,0.4,2,-0.9,"Sub036_ToD_Online",13,15,12,40,7,5,8,20,5,9,7,21,1,0,0,1
"YA","Morning","27/10/24","Sub033_ToD_Online",59.304347826087,79.3846153846154,51.6470588235294,51.125,3.47826086956522,9.53846153846154,-9.64705882352941,12.5,6.68333333333333,6.6,6,7.45,-2.05,-3.5,-2.2,-0.45,"Sub030_ToD_Online",10,12,11,33,6,8,9,23,5,8,7,20,1,1,0,2
"YA","Morning","27/10/24","Sub033_ToD_Online",59.304347826087,79.3846153846154,51.6470588235294,51.125,3.47826086956522,9.53846153846154,-9.64705882352941,12.5,6.68333333333333,6.6,6,7.45,-2.05,-3.5,-2.2,-0.45,"Sub031_ToD_Online",15,16,16,47,5,4,4,13,7,8,5,20,1,1,2,4
"YA","Morning","27/10/24","Sub033_ToD_Online",59.304347826087,79.3846153846154,51.6470588235294,51.125,3.47826086956522,9.53846153846154,-9.64705882352941,12.5,6.68333333333333,6.6,6,7.45,-2.05,-3.5,-2.2,-0.45,"Sub032_ToD_Online",10,13,12,35,10,7,8,25,8,9,7,24,0,0,0,0
"YA","Morning","27/10/24","Sub033_ToD_Online",59.304347826087,79.3846153846154,51.6470588235294,51.125,3.47826086956522,9.53846153846154,-9.64705882352941,12.5,6.68333333333333,6.6,6,7.45,-2.05,-3.5,-2.2,-0.45,"Sub033_ToD_Online",13,17,16,46,7,3,4,14,7,8,8,23,1,0,0,1
"YA","Morning","27/10/24","Sub033_ToD_Online",59.304347826087,79.3846153846154,51.6470588235294,51.125,3.47826086956522,9.53846153846154,-9.64705882352941,12.5,6.68333333333333,6.6,6,7.45,-2.05,-3.5,-2.2,-0.45,"Sub034_ToD_Online",19,19,20,58,1,1,0,2,8,9,7,24,0,0,0,0
"YA","Morning","27/10/24","Sub033_ToD_Online",59.304347826087,79.3846153846154,51.6470588235294,51.125,3.47826086956522,9.53846153846154,-9.64705882352941,12.5,6.68333333333333,6.6,6,7.45,-2.05,-3.5,-2.2,-0.45,"Sub035_ToD_Online",17,17,18,52,3,3,2,8,7,8,8,23,0,0,0,0
"YA","Morning","27/10/24","Sub033_ToD_Online",59.304347826087,79.3846153846154,51.6470588235294,51.125,3.47826086956522,9.53846153846154,-9.64705882352941,12.5,6.68333333333333,6.6,6,7.45,-2.05,-3.5,-2.2,-0.45,"Sub036_ToD_Online",13,15,12,40,7,5,8,20,5,9,7,21,1,0,0,1
"YA","Morning","27/10/24","Sub034_ToD_Online",19.0344827586207,25.1052631578947,21.4210526315789,11,-3.06896551724138,-3,-4.68421052631579,-1.6,6.31666666666667,5.45,7.4,6.1,2.58333333333333,2.75,3.6,1.4,"Sub030_ToD_Online",10,12,11,33,6,8,9,23,5,8,7,20,1,1,0,2
"YA","Morning","27/10/24","Sub034_ToD_Online",19.0344827586207,25.1052631578947,21.4210526315789,11,-3.06896551724138,-3,-4.68421052631579,-1.6,6.31666666666667,5.45,7.4,6.1,2.58333333333333,2.75,3.6,1.4,"Sub031_ToD_Online",15,16,16,47,5,4,4,13,7,8,5,20,1,1,2,4
"YA","Morning","27/10/24","Sub034_ToD_Online",19.0344827586207,25.1052631578947,21.4210526315789,11,-3.06896551724138,-3,-4.68421052631579,-1.6,6.31666666666667,5.45,7.4,6.1,2.58333333333333,2.75,3.6,1.4,"Sub032_ToD_Online",10,13,12,35,10,7,8,25,8,9,7,24,0,0,0,0
"YA","Morning","27/10/24","Sub034_ToD_Online",19.0344827586207,25.1052631578947,21.4210526315789,11,-3.06896551724138,-3,-4.68421052631579,-1.6,6.31666666666667,5.45,7.4,6.1,2.58333333333333,2.75,3.6,1.4,"Sub033_ToD_Online",13,17,16,46,7,3,4,14,7,8,8,23,1,0,0,1
"YA","Morning","27/10/24","Sub034_ToD_Online",19.0344827586207,25.1052631578947,21.4210526315789,11,-3.06896551724138,-3,-4.68421052631579,-1.6,6.31666666666667,5.45,7.4,6.1,2.58333333333333,2.75,3.6,1.4,"Sub034_ToD_Online",19,19,20,58,1,1,0,2,8,9,7,24,0,0,0,0
"YA","Morning","27/10/24","Sub034_ToD_Online",19.0344827586207,25.1052631578947,21.4210526315789,11,-3.06896551724138,-3,-4.68421052631579,-1.6,6.31666666666667,5.45,7.4,6.1,2.58333333333333,2.75,3.6,1.4,"Sub035_ToD_Online",17,17,18,52,3,3,2,8,7,8,8,23,0,0,0,0
"YA","Morning","27/10/24","Sub034_ToD_Online",19.0344827586207,25.1052631578947,21.4210526315789,11,-3.06896551724138,-3,-4.68421052631579,-1.6,6.31666666666667,5.45,7.4,6.1,2.58333333333333,2.75,3.6,1.4,"Sub036_ToD_Online",13,15,12,40,7,5,8,20,5,9,7,21,1,0,0,1
"YA","Morning","27/10/24","Sub035_ToD_Online",31.8846153846154,21.7647058823529,39.6470588235294,34.1111111111111,-8.80769230769231,-3.76470588235294,-17.7647058823529,-5.11111111111111,10.8,11.4,12.5,8.5,1.7,-0.7,1.3,4.5,"Sub030_ToD_Online",10,12,11,33,6,8,9,23,5,8,7,20,1,1,0,2
"YA","Morning","27/10/24","Sub035_ToD_Online",31.8846153846154,21.7647058823529,39.6470588235294,34.1111111111111,-8.80769230769231,-3.76470588235294,-17.7647058823529,-5.11111111111111,10.8,11.4,12.5,8.5,1.7,-0.7,1.3,4.5,"Sub031_ToD_Online",15,16,16,47,5,4,4,13,7,8,5,20,1,1,2,4
"YA","Morning","27/10/24","Sub035_ToD_Online",31.8846153846154,21.7647058823529,39.6470588235294,34.1111111111111,-8.80769230769231,-3.76470588235294,-17.7647058823529,-5.11111111111111,10.8,11.4,12.5,8.5,1.7,-0.7,1.3,4.5,"Sub032_ToD_Online",10,13,12,35,10,7,8,25,8,9,7,24,0,0,0,0
"YA","Morning","27/10/24","Sub035_ToD_Online",31.8846153846154,21.7647058823529,39.6470588235294,34.1111111111111,-8.80769230769231,-3.76470588235294,-17.7647058823529,-5.11111111111111,10.8,11.4,12.5,8.5,1.7,-0.7,1.3,4.5,"Sub033_ToD_Online",13,17,16,46,7,3,4,14,7,8,8,23,1,0,0,1
"YA","Morning","27/10/24","Sub035_ToD_Online",31.8846153846154,21.7647058823529,39.6470588235294,34.1111111111111,-8.80769230769231,-3.76470588235294,-17.7647058823529,-5.11111111111111,10.8,11.4,12.5,8.5,1.7,-0.7,1.3,4.5,"Sub034_ToD_Online",19,19,20,58,1,1,0,2,8,9,7,24,0,0,0,0
"YA","Morning","27/10/24","Sub035_ToD_Online",31.8846153846154,21.7647058823529,39.6470588235294,34.1111111111111,-8.80769230769231,-3.76470588235294,-17.7647058823529,-5.11111111111111,10.8,11.4,12.5,8.5,1.7,-0.7,1.3,4.5,"Sub035_ToD_Online",17,17,18,52,3,3,2,8,7,8,8,23,0,0,0,0
"YA","Morning","27/10/24","Sub035_ToD_Online",31.8846153846154,21.7647058823529,39.6470588235294,34.1111111111111,-8.80769230769231,-3.76470588235294,-17.7647058823529,-5.11111111111111,10.8,11.4,12.5,8.5,1.7,-0.7,1.3,4.5,"Sub036_ToD_Online",13,15,12,40,7,5,8,20,5,9,7,21,1,0,0,1
"YA","Morning","27/10/24","Sub036_ToD_Online",60.3,68,58,54.8333333333333,10.95,1.23076923076923,7.6,25.6666666666667,9.2,10.8,7.25,9.55,-0.0666666666666667,-4,2.35,1.45,"Sub030_ToD_Online",10,12,11,33,6,8,9,23,5,8,7,20,1,1,0,2
"YA","Morning","27/10/24","Sub036_ToD_Online",60.3,68,58,54.8333333333333,10.95,1.23076923076923,7.6,25.6666666666667,9.2,10.8,7.25,9.55,-0.0666666666666667,-4,2.35,1.45,"Sub031_ToD_Online",15,16,16,47,5,4,4,13,7,8,5,20,1,1,2,4
"YA","Morning","27/10/24","Sub036_ToD_Online",60.3,68,58,54.8333333333333,10.95,1.23076923076923,7.6,25.6666666666667,9.2,10.8,7.25,9.55,-0.0666666666666667,-4,2.35,1.45,"Sub032_ToD_Online",10,13,12,35,10,7,8,25,8,9,7,24,0,0,0,0
"YA","Morning","27/10/24","Sub036_ToD_Online",60.3,68,58,54.8333333333333,10.95,1.23076923076923,7.6,25.6666666666667,9.2,10.8,7.25,9.55,-0.0666666666666667,-4,2.35,1.45,"Sub033_ToD_Online",13,17,16,46,7,3,4,14,7,8,8,23,1,0,0,1
"YA","Morning","27/10/24","Sub036_ToD_Online",60.3,68,58,54.8333333333333,10.95,1.23076923076923,7.6,25.6666666666667,9.2,10.8,7.25,9.55,-0.0666666666666667,-4,2.35,1.45,"Sub034_ToD_Online",19,19,20,58,1,1,0,2,8,9,7,24,0,0,0,0
"YA","Morning","27/10/24","Sub036_ToD_Online",60.3,68,58,54.8333333333333,10.95,1.23076923076923,7.6,25.6666666666667,9.2,10.8,7.25,9.55,-0.0666666666666667,-4,2.35,1.45,"Sub035_ToD_Online",17,17,18,52,3,3,2,8,7,8,8,23,0,0,0,0
"YA","Morning","27/10/24","Sub036_ToD_Online",60.3,68,58,54.8333333333333,10.95,1.23076923076923,7.6,25.6666666666667,9.2,10.8,7.25,9.55,-0.0666666666666667,-4,2.35,1.45,"Sub036_ToD_Online",13,15,12,40,7,5,8,20,5,9,7,21,1,0,0,1
"YA","Morning","28/10/24","Sub037_ToD_Online",30.5869565217391,20.0666666666667,36.625,34.6666666666667,2.28260869565217,14.3333333333333,9.75,-17.7333333333333,10.7,13.5,8.65,9.95,-1.93333333333333,-2.2,-4.45,0.85,"Sub037_ToD_Online",15,16,15,46,5,4,5,14,8,8,8,24,0,0,0,0
"YA","Morning","28/10/24","Sub037_ToD_Online",30.5869565217391,20.0666666666667,36.625,34.6666666666667,2.28260869565217,14.3333333333333,9.75,-17.7333333333333,10.7,13.5,8.65,9.95,-1.93333333333333,-2.2,-4.45,0.85,"Sub038_ToD_Online",17,20,20,57,3,0,0,3,8,8,8,24,0,0,0,0
"YA","Morning","28/10/24","Sub037_ToD_Online",30.5869565217391,20.0666666666667,36.625,34.6666666666667,2.28260869565217,14.3333333333333,9.75,-17.7333333333333,10.7,13.5,8.65,9.95,-1.93333333333333,-2.2,-4.45,0.85,"Sub039_ToD_Online",16,14,15,45,4,6,5,15,8,9,7,24,0,0,0,0
"YA","Morning","28/10/24","Sub037_ToD_Online",30.5869565217391,20.0666666666667,36.625,34.6666666666667,2.28260869565217,14.3333333333333,9.75,-17.7333333333333,10.7,13.5,8.65,9.95,-1.93333333333333,-2.2,-4.45,0.85,"Sub061_ToD_Online",16,16,17,49,3,4,3,10,8,9,7,24,0,0,0,0
"YA","Morning","28/10/24","Sub038_ToD_Online",7.52631578947368,7.64705882352941,9.55,5.4,3.59649122807018,3.05882352941176,5.45,2.2,5.7,5.95,7.1,4.05,0.733333333333333,-2.35,2.2,2.35,"Sub037_ToD_Online",15,16,15,46,5,4,5,14,8,8,8,24,0,0,0,0
"YA","Morning","28/10/24","Sub038_ToD_Online",7.52631578947368,7.64705882352941,9.55,5.4,3.59649122807018,3.05882352941176,5.45,2.2,5.7,5.95,7.1,4.05,0.733333333333333,-2.35,2.2,2.35,"Sub038_ToD_Online",17,20,20,57,3,0,0,3,8,8,8,24,0,0,0,0
"YA","Morning","28/10/24","Sub038_ToD_Online",7.52631578947368,7.64705882352941,9.55,5.4,3.59649122807018,3.05882352941176,5.45,2.2,5.7,5.95,7.1,4.05,0.733333333333333,-2.35,2.2,2.35,"Sub039_ToD_Online",16,14,15,45,4,6,5,15,8,9,7,24,0,0,0,0
"YA","Morning","28/10/24","Sub038_ToD_Online",7.52631578947368,7.64705882352941,9.55,5.4,3.59649122807018,3.05882352941176,5.45,2.2,5.7,5.95,7.1,4.05,0.733333333333333,-2.35,2.2,2.35,"Sub061_ToD_Online",16,16,17,49,3,4,3,10,8,9,7,24,0,0,0,0
"YA","Morning","28/10/24","Sub039_ToD_Online",74.0222222222222,47.8125,104.785714285714,73.2666666666667,0.333333333333333,5.3125,19.2142857142857,-22.6,10.3166666666667,10.75,9.5,10.7,-1.48333333333333,-0.45,-4,0,"Sub037_ToD_Online",15,16,15,46,5,4,5,14,8,8,8,24,0,0,0,0
"YA","Morning","28/10/24","Sub039_ToD_Online",74.0222222222222,47.8125,104.785714285714,73.2666666666667,0.333333333333333,5.3125,19.2142857142857,-22.6,10.3166666666667,10.75,9.5,10.7,-1.48333333333333,-0.45,-4,0,"Sub038_ToD_Online",17,20,20,57,3,0,0,3,8,8,8,24,0,0,0,0
"YA","Morning","28/10/24","Sub039_ToD_Online",74.0222222222222,47.8125,104.785714285714,73.2666666666667,0.333333333333333,5.3125,19.2142857142857,-22.6,10.3166666666667,10.75,9.5,10.7,-1.48333333333333,-0.45,-4,0,"Sub039_ToD_Online",16,14,15,45,4,6,5,15,8,9,7,24,0,0,0,0
"YA","Morning","28/10/24","Sub039_ToD_Online",74.0222222222222,47.8125,104.785714285714,73.2666666666667,0.333333333333333,5.3125,19.2142857142857,-22.6,10.3166666666667,10.75,9.5,10.7,-1.48333333333333,-0.45,-4,0,"Sub061_ToD_Online",16,16,17,49,3,4,3,10,8,9,7,24,0,0,0,0
"YA","Morning","28/10/24","Sub061_ToD_Online",25.7959183673469,14.4375,33.6875,29.0588235294118,-1.30612244897959,-0.0625,-5.1875,1.17647058823529,6.46666666666667,6.85,7.6,4.95,-2.2,-6.55,0.3,-0.35,"Sub037_ToD_Online",15,16,15,46,5,4,5,14,8,8,8,24,0,0,0,0
"YA","Morning","28/10/24","Sub061_ToD_Online",25.7959183673469,14.4375,33.6875,29.0588235294118,-1.30612244897959,-0.0625,-5.1875,1.17647058823529,6.46666666666667,6.85,7.6,4.95,-2.2,-6.55,0.3,-0.35,"Sub038_ToD_Online",17,20,20,57,3,0,0,3,8,8,8,24,0,0,0,0
"YA","Morning","28/10/24","Sub061_ToD_Online",25.7959183673469,14.4375,33.6875,29.0588235294118,-1.30612244897959,-0.0625,-5.1875,1.17647058823529,6.46666666666667,6.85,7.6,4.95,-2.2,-6.55,0.3,-0.35,"Sub039_ToD_Online",16,14,15,45,4,6,5,15,8,9,7,24,0,0,0,0
"YA","Morning","28/10/24","Sub061_ToD_Online",25.7959183673469,14.4375,33.6875,29.0588235294118,-1.30612244897959,-0.0625,-5.1875,1.17647058823529,6.46666666666667,6.85,7.6,4.95,-2.2,-6.55,0.3,-0.35,"Sub061_ToD_Online",16,16,17,49,3,4,3,10,8,9,7,24,0,0,0,0
"YA","Morning","6/11/2024","Sub087_ToD_Online",44.9444444444444,44.1818181818182,14.5555555555556,62.5625,4.55555555555556,9.63636363636364,-13.6666666666667,11.3125,6.98333333333333,4,11.25,5.7,-2.51666666666667,-0.6,-7.05,0.1,"Sub087_ToD_Online",11,9,16,36,9,11,4,24,8,8,8,24,0,0,0,0
"YA","Morning","6/12/2024","Sub088_ToD_Online",46.375,56.3,39.8888888888889,43.2307692307692,-0.25,14.9,12.1111111111111,-20.4615384615385,13.45,20,9.15,11.2,1.48333333333333,-3,3.45,4,"Sub088_ToD_Online",10,9,13,32,10,11,7,28,7,9,7,23,0,0,0,0
"YA","Morning","6/13/2024","Sub089_ToD_Online",22.4117647058824,19.4,31.5,13.875,-3,13.6666666666667,-10.8,-8.875,7.9,3.2,15.6,4.9,1.86666666666667,0.8,6.1,-1.3,"Sub089_ToD_Online",15,20,16,51,4,0,4,8,8,9,5,22,0,0,2,2
"YA","Morning","6/13/2024","Sub089_ToD_Online",22.4117647058824,19.4,31.5,13.875,-3,13.6666666666667,-10.8,-8.875,7.9,3.2,15.6,4.9,1.86666666666667,0.8,6.1,-1.3,"Sub092_ToD_Online",14,7,9,30,6,13,11,30,8,7,5,20,0,1,3,4
"YA","Morning","6/13/2024","Sub092_ToD_Online",74.8666666666667,76.3571428571429,43.5714285714286,96.8888888888889,-0.8,-0.642857142857143,3.57142857142857,-4.44444444444444,11.0833333333333,6.8,13.75,12.7,-0.416666666666667,0,-7.75,6.5,"Sub089_ToD_Online",15,20,16,51,4,0,4,8,8,9,5,22,0,0,2,2
"YA","Morning","6/13/2024","Sub092_ToD_Online",74.8666666666667,76.3571428571429,43.5714285714286,96.8888888888889,-0.8,-0.642857142857143,3.57142857142857,-4.44444444444444,11.0833333333333,6.8,13.75,12.7,-0.416666666666667,0,-7.75,6.5,"Sub092_ToD_Online",14,7,9,30,6,13,11,30,8,7,5,20,0,1,3,4
"YA","Night","23/10/24","Sub008_ToD_Online",46.6363636363636,37.2307692307692,51,50.2777777777778,-0.227272727272727,5.07692307692308,3,-6.38888888888889,10.4166666666667,9.45,6.8,15,-2.75,-2.35,1.2,-7.1,"Sub008_ToD_Online",13,13,18,44,7,7,2,16,8,7,7,22,0,1,1,2
"YA","Night","23/10/24","Sub008_ToD_Online",46.6363636363636,37.2307692307692,51,50.2777777777778,-0.227272727272727,5.07692307692308,3,-6.38888888888889,10.4166666666667,9.45,6.8,15,-2.75,-2.35,1.2,-7.1,"Sub009_ToD_Online",15,13,8,36,5,7,12,24,7,9,7,23,0,0,0,0
"YA","Night","23/10/24","Sub009_ToD_Online",34.9722222222222,28.2666666666667,39.3846153846154,40.375,0.861111111111111,2.66666666666667,11.2307692307692,-19.375,5.43333333333333,5.3,6.1,4.9,-0.566666666666667,-2.1,0.5,-0.1,"Sub008_ToD_Online",13,13,18,44,7,7,2,16,8,7,7,22,0,1,1,2
"YA","Night","23/10/24","Sub009_ToD_Online",34.9722222222222,28.2666666666667,39.3846153846154,40.375,0.861111111111111,2.66666666666667,11.2307692307692,-19.375,5.43333333333333,5.3,6.1,4.9,-0.566666666666667,-2.1,0.5,-0.1,"Sub009_ToD_Online",15,13,8,36,5,7,12,24,7,9,7,23,0,0,0,0
"YA","Night","24/10/24","Sub012_ToD_Online",20.3620689655172,8.25,24.1,29.6666666666667,7.18965517241379,-2.75,4.1,21.6666666666667,4.18333333333333,4.4,3.45,4.7,0.45,0.3,-0.25,1.3,"Sub012_ToD_Online",20,20,18,58,0,0,2,2,8,8,8,24,0,0,0,0
"YA","Night","24/10/24","Sub012_ToD_Online",20.3620689655172,8.25,24.1,29.6666666666667,7.18965517241379,-2.75,4.1,21.6666666666667,4.18333333333333,4.4,3.45,4.7,0.45,0.3,-0.25,1.3,"Sub013_ToD_Online",16,17,16,49,4,3,4,11,6,9,7,22,1,0,0,1
"YA","Night","24/10/24","Sub012_ToD_Online",20.3620689655172,8.25,24.1,29.6666666666667,7.18965517241379,-2.75,4.1,21.6666666666667,4.18333333333333,4.4,3.45,4.7,0.45,0.3,-0.25,1.3,"Sub014_ToD_Online",19,17,14,50,1,3,6,10,8,8,8,24,0,0,0,0
"YA","Night","24/10/24","Sub012_ToD_Online",20.3620689655172,8.25,24.1,29.6666666666667,7.18965517241379,-2.75,4.1,21.6666666666667,4.18333333333333,4.4,3.45,4.7,0.45,0.3,-0.25,1.3,"Sub015_ToD_Online",14,17,13,44,6,3,7,16,8,8,8,24,0,0,0,0
"YA","Night","24/10/24","Sub013_ToD_Online",56.9795918367347,46.25,61.7647058823529,62.625,-6.04081632653061,-10.875,18.8235294117647,-27.625,10.4166666666667,7.4,17,6.85,3.25,-2.7,12.3,0.15,"Sub012_ToD_Online",20,20,18,58,0,0,2,2,8,8,8,24,0,0,0,0
"YA","Night","24/10/24","Sub013_ToD_Online",56.9795918367347,46.25,61.7647058823529,62.625,-6.04081632653061,-10.875,18.8235294117647,-27.625,10.4166666666667,7.4,17,6.85,3.25,-2.7,12.3,0.15,"Sub013_ToD_Online",16,17,16,49,4,3,4,11,6,9,7,22,1,0,0,1
"YA","Night","24/10/24","Sub013_ToD_Online",56.9795918367347,46.25,61.7647058823529,62.625,-6.04081632653061,-10.875,18.8235294117647,-27.625,10.4166666666667,7.4,17,6.85,3.25,-2.7,12.3,0.15,"Sub014_ToD_Online",19,17,14,50,1,3,6,10,8,8,8,24,0,0,0,0
"YA","Night","24/10/24","Sub013_ToD_Online",56.9795918367347,46.25,61.7647058823529,62.625,-6.04081632653061,-10.875,18.8235294117647,-27.625,10.4166666666667,7.4,17,6.85,3.25,-2.7,12.3,0.15,"Sub015_ToD_Online",14,17,13,44,6,3,7,16,8,8,8,24,0,0,0,0
"YA","Night","24/10/24","Sub014_ToD_Online",27.22,23.8947368421053,24.7058823529412,34.7857142857143,-6.66,2.84210526315789,-8.11764705882353,-17.7857142857143,6.01666666666667,6.45,5.5,6.1,0.116666666666667,0.75,0.9,-1.3,"Sub012_ToD_Online",20,20,18,58,0,0,2,2,8,8,8,24,0,0,0,0
"YA","Night","24/10/24","Sub014_ToD_Online",27.22,23.8947368421053,24.7058823529412,34.7857142857143,-6.66,2.84210526315789,-8.11764705882353,-17.7857142857143,6.01666666666667,6.45,5.5,6.1,0.116666666666667,0.75,0.9,-1.3,"Sub013_ToD_Online",16,17,16,49,4,3,4,11,6,9,7,22,1,0,0,1
"YA","Night","24/10/24","Sub014_ToD_Online",27.22,23.8947368421053,24.7058823529412,34.7857142857143,-6.66,2.84210526315789,-8.11764705882353,-17.7857142857143,6.01666666666667,6.45,5.5,6.1,0.116666666666667,0.75,0.9,-1.3,"Sub014_ToD_Online",19,17,14,50,1,3,6,10,8,8,8,24,0,0,0,0
"YA","Night","24/10/24","Sub014_ToD_Online",27.22,23.8947368421053,24.7058823529412,34.7857142857143,-6.66,2.84210526315789,-8.11764705882353,-17.7857142857143,6.01666666666667,6.45,5.5,6.1,0.116666666666667,0.75,0.9,-1.3,"Sub015_ToD_Online",14,17,13,44,6,3,7,16,8,8,8,24,0,0,0,0
"YA","Night","24/10/24","Sub015_ToD_Online",64,68.8571428571429,78.5882352941177,39.6923076923077,3.77272727272727,-23.5714285714286,17.5294117647059,15.2307692307692,7.7,8.2,9.65,5.25,0.266666666666667,4.1,-2.45,-0.85,"Sub012_ToD_Online",20,20,18,58,0,0,2,2,8,8,8,24,0,0,0,0
"YA","Night","24/10/24","Sub015_ToD_Online",64,68.8571428571429,78.5882352941177,39.6923076923077,3.77272727272727,-23.5714285714286,17.5294117647059,15.2307692307692,7.7,8.2,9.65,5.25,0.266666666666667,4.1,-2.45,-0.85,"Sub013_ToD_Online",16,17,16,49,4,3,4,11,6,9,7,22,1,0,0,1
"YA","Night","24/10/24","Sub015_ToD_Online",64,68.8571428571429,78.5882352941177,39.6923076923077,3.77272727272727,-23.5714285714286,17.5294117647059,15.2307692307692,7.7,8.2,9.65,5.25,0.266666666666667,4.1,-2.45,-0.85,"Sub014_ToD_Online",19,17,14,50,1,3,6,10,8,8,8,24,0,0,0,0
"YA","Night","24/10/24","Sub015_ToD_Online",64,68.8571428571429,78.5882352941177,39.6923076923077,3.77272727272727,-23.5714285714286,17.5294117647059,15.2307692307692,7.7,8.2,9.65,5.25,0.266666666666667,4.1,-2.45,-0.85,"Sub015_ToD_Online",14,17,13,44,6,3,7,16,8,8,8,24,0,0,0,0
"YA","Night","25/10/24","Sub024_ToD_Online",20.5,29.1,13.8333333333333,16.7857142857143,3.15384615384615,22.4,-4.61111111111111,-14.3571428571429,3.8,3.8,4.5,3.1,0.0666666666666667,-1.9,1.4,0.7,"Sub024_ToD_Online",20,18,14,52,0,2,6,8,7,8,7,22,1,1,0,2
"YA","Night","25/10/24","Sub024_ToD_Online",20.5,29.1,13.8333333333333,16.7857142857143,3.15384615384615,22.4,-4.61111111111111,-14.3571428571429,3.8,3.8,4.5,3.1,0.0666666666666667,-1.9,1.4,0.7,"Sub025_ToD_Online",19,20,20,59,1,0,0,1,8,8,8,24,0,0,0,0
"YA","Night","25/10/24","Sub024_ToD_Online",20.5,29.1,13.8333333333333,16.7857142857143,3.15384615384615,22.4,-4.61111111111111,-14.3571428571429,3.8,3.8,4.5,3.1,0.0666666666666667,-1.9,1.4,0.7,"Sub026_ToD_Online",11,13,9,33,8,7,11,26,7,6,7,20,0,2,1,3
"YA","Night","25/10/24","Sub025_ToD_Online",13.3728813559322,13.5263157894737,13.7,12.9,1.91525423728814,2.68421052631579,3.1,0,12.5166666666667,11.75,14.8,11,3.21666666666667,-0.35,7.1,2.9,"Sub024_ToD_Online",20,18,14,52,0,2,6,8,7,8,7,22,1,1,0,2
"YA","Night","25/10/24","Sub025_ToD_Online",13.3728813559322,13.5263157894737,13.7,12.9,1.91525423728814,2.68421052631579,3.1,0,12.5166666666667,11.75,14.8,11,3.21666666666667,-0.35,7.1,2.9,"Sub025_ToD_Online",19,20,20,59,1,0,0,1,8,8,8,24,0,0,0,0
"YA","Night","25/10/24","Sub025_ToD_Online",13.3728813559322,13.5263157894737,13.7,12.9,1.91525423728814,2.68421052631579,3.1,0,12.5166666666667,11.75,14.8,11,3.21666666666667,-0.35,7.1,2.9,"Sub026_ToD_Online",11,13,9,33,8,7,11,26,7,6,7,20,0,2,1,3
"YA","Night","25/10/24","Sub026_ToD_Online",72.6060606060606,86.3636363636364,61.4615384615385,71.8888888888889,2.48484848484848,7.27272727272727,14.3846153846154,-20.5555555555556,6.06666666666667,9.75,4.3,4.15,0.866666666666667,3.85,-0.1,-1.15,"Sub024_ToD_Online",20,18,14,52,0,2,6,8,7,8,7,22,1,1,0,2
"YA","Night","25/10/24","Sub026_ToD_Online",72.6060606060606,86.3636363636364,61.4615384615385,71.8888888888889,2.48484848484848,7.27272727272727,14.3846153846154,-20.5555555555556,6.06666666666667,9.75,4.3,4.15,0.866666666666667,3.85,-0.1,-1.15,"Sub025_ToD_Online",19,20,20,59,1,0,0,1,8,8,8,24,0,0,0,0
"YA","Night","25/10/24","Sub026_ToD_Online",72.6060606060606,86.3636363636364,61.4615384615385,71.8888888888889,2.48484848484848,7.27272727272727,14.3846153846154,-20.5555555555556,6.06666666666667,9.75,4.3,4.15,0.866666666666667,3.85,-0.1,-1.15,"Sub026_ToD_Online",11,13,9,33,8,7,11,26,7,6,7,20,0,2,1,3
"YA","Night","28/10/24","Sub062_ToD_Online",27.5208333333333,25.4736842105263,35.875,20.2307692307692,4.64583333333333,8.63157894736842,0.5,3.92307692307692,6.16666666666667,4.85,6.85,6.8,0.2,1.15,0.75,-1.3,"Sub062_ToD_Online",19,16,13,48,1,4,7,12,8,8,7,23,0,1,0,1
"YA","Night","28/10/24","Sub062_ToD_Online",27.5208333333333,25.4736842105263,35.875,20.2307692307692,4.64583333333333,8.63157894736842,0.5,3.92307692307692,6.16666666666667,4.85,6.85,6.8,0.2,1.15,0.75,-1.3,"Sub063_ToD_Online",17,13,13,43,3,7,7,17,7,9,7,23,1,0,0,1
"YA","Night","28/10/24","Sub062_ToD_Online",27.5208333333333,25.4736842105263,35.875,20.2307692307692,4.64583333333333,8.63157894736842,0.5,3.92307692307692,6.16666666666667,4.85,6.85,6.8,0.2,1.15,0.75,-1.3,"Sub064_ToD_Online",16,15,13,44,4,5,7,16,8,9,7,24,0,0,0,0
"YA","Night","28/10/24","Sub062_ToD_Online",27.5208333333333,25.4736842105263,35.875,20.2307692307692,4.64583333333333,8.63157894736842,0.5,3.92307692307692,6.16666666666667,4.85,6.85,6.8,0.2,1.15,0.75,-1.3,"Sub065_ToD_Online",19,18,16,53,1,2,4,7,7,8,7,22,1,1,0,2
"YA","Night","28/10/24","Sub062_ToD_Online",27.5208333333333,25.4736842105263,35.875,20.2307692307692,4.64583333333333,8.63157894736842,0.5,3.92307692307692,6.16666666666667,4.85,6.85,6.8,0.2,1.15,0.75,-1.3,"Sub066_ToD_Online",20,19,18,57,0,1,2,3,8,7,6,21,0,2,1,3
"YA","Night","28/10/24","Sub063_ToD_Online",22.6279069767442,30.9411764705882,12.7692307692308,21.6153846153846,-2.06976744186047,-2,9.53846153846154,-13.7692307692308,5.08333333333333,5.4,4.95,4.9,-0.0166666666666667,0.4,-0.85,0.4,"Sub062_ToD_Online",19,16,13,48,1,4,7,12,8,8,7,23,0,1,0,1
"YA","Night","28/10/24","Sub063_ToD_Online",22.6279069767442,30.9411764705882,12.7692307692308,21.6153846153846,-2.06976744186047,-2,9.53846153846154,-13.7692307692308,5.08333333333333,5.4,4.95,4.9,-0.0166666666666667,0.4,-0.85,0.4,"Sub063_ToD_Online",17,13,13,43,3,7,7,17,7,9,7,23,1,0,0,1
"YA","Night","28/10/24","Sub063_ToD_Online",22.6279069767442,30.9411764705882,12.7692307692308,21.6153846153846,-2.06976744186047,-2,9.53846153846154,-13.7692307692308,5.08333333333333,5.4,4.95,4.9,-0.0166666666666667,0.4,-0.85,0.4,"Sub064_ToD_Online",16,15,13,44,4,5,7,16,8,9,7,24,0,0,0,0
"YA","Night","28/10/24","Sub063_ToD_Online",22.6279069767442,30.9411764705882,12.7692307692308,21.6153846153846,-2.06976744186047,-2,9.53846153846154,-13.7692307692308,5.08333333333333,5.4,4.95,4.9,-0.0166666666666667,0.4,-0.85,0.4,"Sub065_ToD_Online",19,18,16,53,1,2,4,7,7,8,7,22,1,1,0,2
"YA","Night","28/10/24","Sub063_ToD_Online",22.6279069767442,30.9411764705882,12.7692307692308,21.6153846153846,-2.06976744186047,-2,9.53846153846154,-13.7692307692308,5.08333333333333,5.4,4.95,4.9,-0.0166666666666667,0.4,-0.85,0.4,"Sub066_ToD_Online",20,19,18,57,0,1,2,3,8,7,6,21,0,2,1,3
"YA","Night","28/10/24","Sub064_ToD_Online",49.0454545454545,55.3125,55.0666666666667,34.3846153846154,0.590909090909091,-21.9375,22.4,3.15384615384615,6.93333333333333,7,5.15,8.65,1.06666666666667,-0.5,0.75,2.95,"Sub062_ToD_Online",19,16,13,48,1,4,7,12,8,8,7,23,0,1,0,1
"YA","Night","28/10/24","Sub064_ToD_Online",49.0454545454545,55.3125,55.0666666666667,34.3846153846154,0.590909090909091,-21.9375,22.4,3.15384615384615,6.93333333333333,7,5.15,8.65,1.06666666666667,-0.5,0.75,2.95,"Sub063_ToD_Online",17,13,13,43,3,7,7,17,7,9,7,23,1,0,0,1
"YA","Night","28/10/24","Sub064_ToD_Online",49.0454545454545,55.3125,55.0666666666667,34.3846153846154,0.590909090909091,-21.9375,22.4,3.15384615384615,6.93333333333333,7,5.15,8.65,1.06666666666667,-0.5,0.75,2.95,"Sub064_ToD_Online",16,15,13,44,4,5,7,16,8,9,7,24,0,0,0,0
"YA","Night","28/10/24","Sub064_ToD_Online",49.0454545454545,55.3125,55.0666666666667,34.3846153846154,0.590909090909091,-21.9375,22.4,3.15384615384615,6.93333333333333,7,5.15,8.65,1.06666666666667,-0.5,0.75,2.95,"Sub065_ToD_Online",19,18,16,53,1,2,4,7,7,8,7,22,1,1,0,2
"YA","Night","28/10/24","Sub064_ToD_Online",49.0454545454545,55.3125,55.0666666666667,34.3846153846154,0.590909090909091,-21.9375,22.4,3.15384615384615,6.93333333333333,7,5.15,8.65,1.06666666666667,-0.5,0.75,2.95,"Sub066_ToD_Online",20,19,18,57,0,1,2,3,8,7,6,21,0,2,1,3
"YA","Night","28/10/24","Sub065_ToD_Online",51.6415094339623,42.0526315789474,59.6111111111111,54.0625,-0.320754716981132,-14.3684210526316,0.0555555555555556,15.9375,8.4,12.3,5.35,7.55,-1.16666666666667,-3.9,3.55,-3.15,"Sub062_ToD_Online",19,16,13,48,1,4,7,12,8,8,7,23,0,1,0,1
"YA","Night","28/10/24","Sub065_ToD_Online",51.6415094339623,42.0526315789474,59.6111111111111,54.0625,-0.320754716981132,-14.3684210526316,0.0555555555555556,15.9375,8.4,12.3,5.35,7.55,-1.16666666666667,-3.9,3.55,-3.15,"Sub063_ToD_Online",17,13,13,43,3,7,7,17,7,9,7,23,1,0,0,1
"YA","Night","28/10/24","Sub065_ToD_Online",51.6415094339623,42.0526315789474,59.6111111111111,54.0625,-0.320754716981132,-14.3684210526316,0.0555555555555556,15.9375,8.4,12.3,5.35,7.55,-1.16666666666667,-3.9,3.55,-3.15,"Sub064_ToD_Online",16,15,13,44,4,5,7,16,8,9,7,24,0,0,0,0
"YA","Night","28/10/24","Sub065_ToD_Online",51.6415094339623,42.0526315789474,59.6111111111111,54.0625,-0.320754716981132,-14.3684210526316,0.0555555555555556,15.9375,8.4,12.3,5.35,7.55,-1.16666666666667,-3.9,3.55,-3.15,"Sub065_ToD_Online",19,18,16,53,1,2,4,7,7,8,7,22,1,1,0,2
"YA","Night","28/10/24","Sub065_ToD_Online",51.6415094339623,42.0526315789474,59.6111111111111,54.0625,-0.320754716981132,-14.3684210526316,0.0555555555555556,15.9375,8.4,12.3,5.35,7.55,-1.16666666666667,-3.9,3.55,-3.15,"Sub066_ToD_Online",20,19,18,57,0,1,2,3,8,7,6,21,0,2,1,3
"YA","Night","28/10/24","Sub066_ToD_Online",51.5438596491228,54.45,62.7368421052632,36.5,19.6491228070175,13.75,41.4736842105263,3.16666666666667,6.46666666666667,6.45,5.8,7.15,1.26666666666667,3.15,0.3,0.35,"Sub062_ToD_Online",19,16,13,48,1,4,7,12,8,8,7,23,0,1,0,1
"YA","Night","28/10/24","Sub066_ToD_Online",51.5438596491228,54.45,62.7368421052632,36.5,19.6491228070175,13.75,41.4736842105263,3.16666666666667,6.46666666666667,6.45,5.8,7.15,1.26666666666667,3.15,0.3,0.35,"Sub063_ToD_Online",17,13,13,43,3,7,7,17,7,9,7,23,1,0,0,1
"YA","Night","28/10/24","Sub066_ToD_Online",51.5438596491228,54.45,62.7368421052632,36.5,19.6491228070175,13.75,41.4736842105263,3.16666666666667,6.46666666666667,6.45,5.8,7.15,1.26666666666667,3.15,0.3,0.35,"Sub064_ToD_Online",16,15,13,44,4,5,7,16,8,9,7,24,0,0,0,0
"YA","Night","28/10/24","Sub066_ToD_Online",51.5438596491228,54.45,62.7368421052632,36.5,19.6491228070175,13.75,41.4736842105263,3.16666666666667,6.46666666666667,6.45,5.8,7.15,1.26666666666667,3.15,0.3,0.35,"Sub065_ToD_Online",19,18,16,53,1,2,4,7,7,8,7,22,1,1,0,2
"YA","Night","28/10/24","Sub066_ToD_Online",51.5438596491228,54.45,62.7368421052632,36.5,19.6491228070175,13.75,41.4736842105263,3.16666666666667,6.46666666666667,6.45,5.8,7.15,1.26666666666667,3.15,0.3,0.35,"Sub066_ToD_Online",20,19,18,57,0,1,2,3,8,7,6,21,0,2,1,3
"YA","Night","6/11/2024","Sub080_ToD_Online",37.6285714285714,42,27.6,41.3571428571429,2.54285714285714,2.18181818181818,2.8,2.64285714285714,4.93333333333333,7,4,3.8,1.56666666666667,0.3,1.8,2.6,"Sub080_ToD_Online",11,10,14,35,9,10,6,25,8,8,8,24,0,0,0,0
"YA","Night","6/11/2024","Sub080_ToD_Online",37.6285714285714,42,27.6,41.3571428571429,2.54285714285714,2.18181818181818,2.8,2.64285714285714,4.93333333333333,7,4,3.8,1.56666666666667,0.3,1.8,2.6,"Sub081_ToD_Online",18,16,19,53,2,4,1,7,8,8,8,24,0,0,0,0
"YA","Night","6/11/2024","Sub080_ToD_Online",37.6285714285714,42,27.6,41.3571428571429,2.54285714285714,2.18181818181818,2.8,2.64285714285714,4.93333333333333,7,4,3.8,1.56666666666667,0.3,1.8,2.6,"Sub082_ToD_Online",16,12,14,42,4,8,6,18,8,9,6,23,0,0,1,1
"YA","Night","6/11/2024","Sub080_ToD_Online",37.6285714285714,42,27.6,41.3571428571429,2.54285714285714,2.18181818181818,2.8,2.64285714285714,4.93333333333333,7,4,3.8,1.56666666666667,0.3,1.8,2.6,"Sub083_ToD_Online",17,18,16,51,3,2,4,9,8,8,5,21,0,1,2,3
"YA","Night","6/11/2024","Sub080_ToD_Online",37.6285714285714,42,27.6,41.3571428571429,2.54285714285714,2.18181818181818,2.8,2.64285714285714,4.93333333333333,7,4,3.8,1.56666666666667,0.3,1.8,2.6,"Sub084_ToD_Online",19,15,15,49,1,5,5,11,8,9,7,24,0,0,0,0
"YA","Night","6/11/2024","Sub080_ToD_Online",37.6285714285714,42,27.6,41.3571428571429,2.54285714285714,2.18181818181818,2.8,2.64285714285714,4.93333333333333,7,4,3.8,1.56666666666667,0.3,1.8,2.6,"Sub085_ToD_Online",18,16,20,54,2,4,0,6,8,9,7,24,0,0,0,0
"YA","Night","6/11/2024","Sub080_ToD_Online",37.6285714285714,42,27.6,41.3571428571429,2.54285714285714,2.18181818181818,2.8,2.64285714285714,4.93333333333333,7,4,3.8,1.56666666666667,0.3,1.8,2.6,"Sub086_ToD_Online",17,12,17,46,3,8,3,14,8,8,8,24,0,0,0,0
"YA","Night","6/11/2024","Sub081_ToD_Online",22.8301886792453,22.9444444444444,15.8125,28.6315789473684,1.50943396226415,16.7222222222222,-8.6875,-4.31578947368421,3.88333333333333,3.85,3.3,4.5,0.85,-0.15,1.6,1.1,"Sub080_ToD_Online",11,10,14,35,9,10,6,25,8,8,8,24,0,0,0,0
"YA","Night","6/11/2024","Sub081_ToD_Online",22.8301886792453,22.9444444444444,15.8125,28.6315789473684,1.50943396226415,16.7222222222222,-8.6875,-4.31578947368421,3.88333333333333,3.85,3.3,4.5,0.85,-0.15,1.6,1.1,"Sub081_ToD_Online",18,16,19,53,2,4,1,7,8,8,8,24,0,0,0,0
"YA","Night","6/11/2024","Sub081_ToD_Online",22.8301886792453,22.9444444444444,15.8125,28.6315789473684,1.50943396226415,16.7222222222222,-8.6875,-4.31578947368421,3.88333333333333,3.85,3.3,4.5,0.85,-0.15,1.6,1.1,"Sub082_ToD_Online",16,12,14,42,4,8,6,18,8,9,6,23,0,0,1,1
"YA","Night","6/11/2024","Sub081_ToD_Online",22.8301886792453,22.9444444444444,15.8125,28.6315789473684,1.50943396226415,16.7222222222222,-8.6875,-4.31578947368421,3.88333333333333,3.85,3.3,4.5,0.85,-0.15,1.6,1.1,"Sub083_ToD_Online",17,18,16,51,3,2,4,9,8,8,5,21,0,1,2,3
"YA","Night","6/11/2024","Sub081_ToD_Online",22.8301886792453,22.9444444444444,15.8125,28.6315789473684,1.50943396226415,16.7222222222222,-8.6875,-4.31578947368421,3.88333333333333,3.85,3.3,4.5,0.85,-0.15,1.6,1.1,"Sub084_ToD_Online",19,15,15,49,1,5,5,11,8,9,7,24,0,0,0,0
"YA","Night","6/11/2024","Sub081_ToD_Online",22.8301886792453,22.9444444444444,15.8125,28.6315789473684,1.50943396226415,16.7222222222222,-8.6875,-4.31578947368421,3.88333333333333,3.85,3.3,4.5,0.85,-0.15,1.6,1.1,"Sub085_ToD_Online",18,16,20,54,2,4,0,6,8,9,7,24,0,0,0,0
"YA","Night","6/11/2024","Sub081_ToD_Online",22.8301886792453,22.9444444444444,15.8125,28.6315789473684,1.50943396226415,16.7222222222222,-8.6875,-4.31578947368421,3.88333333333333,3.85,3.3,4.5,0.85,-0.15,1.6,1.1,"Sub086_ToD_Online",17,12,17,46,3,8,3,14,8,8,8,24,0,0,0,0
"YA","Night","6/11/2024","Sub082_ToD_Online",64.1904761904762,52.5625,69.1666666666667,73.2142857142857,14.1904761904762,-23.6875,65.6666666666667,13.3571428571429,10.8166666666667,6,6.8,19.65,1.48333333333333,0.5,1.1,2.85,"Sub080_ToD_Online",11,10,14,35,9,10,6,25,8,8,8,24,0,0,0,0
"YA","Night","6/11/2024","Sub082_ToD_Online",64.1904761904762,52.5625,69.1666666666667,73.2142857142857,14.1904761904762,-23.6875,65.6666666666667,13.3571428571429,10.8166666666667,6,6.8,19.65,1.48333333333333,0.5,1.1,2.85,"Sub081_ToD_Online",18,16,19,53,2,4,1,7,8,8,8,24,0,0,0,0
"YA","Night","6/11/2024","Sub082_ToD_Online",64.1904761904762,52.5625,69.1666666666667,73.2142857142857,14.1904761904762,-23.6875,65.6666666666667,13.3571428571429,10.8166666666667,6,6.8,19.65,1.48333333333333,0.5,1.1,2.85,"Sub082_ToD_Online",16,12,14,42,4,8,6,18,8,9,6,23,0,0,1,1
"YA","Night","6/11/2024","Sub082_ToD_Online",64.1904761904762,52.5625,69.1666666666667,73.2142857142857,14.1904761904762,-23.6875,65.6666666666667,13.3571428571429,10.8166666666667,6,6.8,19.65,1.48333333333333,0.5,1.1,2.85,"Sub083_ToD_Online",17,18,16,51,3,2,4,9,8,8,5,21,0,1,2,3
"YA","Night","6/11/2024","Sub082_ToD_Online",64.1904761904762,52.5625,69.1666666666667,73.2142857142857,14.1904761904762,-23.6875,65.6666666666667,13.3571428571429,10.8166666666667,6,6.8,19.65,1.48333333333333,0.5,1.1,2.85,"Sub084_ToD_Online",19,15,15,49,1,5,5,11,8,9,7,24,0,0,0,0
"YA","Night","6/11/2024","Sub082_ToD_Online",64.1904761904762,52.5625,69.1666666666667,73.2142857142857,14.1904761904762,-23.6875,65.6666666666667,13.3571428571429,10.8166666666667,6,6.8,19.65,1.48333333333333,0.5,1.1,2.85,"Sub085_ToD_Online",18,16,20,54,2,4,0,6,8,9,7,24,0,0,0,0
"YA","Night","6/11/2024","Sub082_ToD_Online",64.1904761904762,52.5625,69.1666666666667,73.2142857142857,14.1904761904762,-23.6875,65.6666666666667,13.3571428571429,10.8166666666667,6,6.8,19.65,1.48333333333333,0.5,1.1,2.85,"Sub086_ToD_Online",17,12,17,46,3,8,3,14,8,8,8,24,0,0,0,0
"YA","Night","6/11/2024","Sub083_ToD_Online",60.0392156862745,51.2352941176471,68.7777777777778,59.5625,-1.88235294117647,4.52941176470588,11.6666666666667,-23.9375,11.7666666666667,6.75,20.1,8.45,-6.23333333333333,-4.75,-7.9,-6.05,"Sub080_ToD_Online",11,10,14,35,9,10,6,25,8,8,8,24,0,0,0,0
"YA","Night","6/11/2024","Sub083_ToD_Online",60.0392156862745,51.2352941176471,68.7777777777778,59.5625,-1.88235294117647,4.52941176470588,11.6666666666667,-23.9375,11.7666666666667,6.75,20.1,8.45,-6.23333333333333,-4.75,-7.9,-6.05,"Sub081_ToD_Online",18,16,19,53,2,4,1,7,8,8,8,24,0,0,0,0
"YA","Night","6/11/2024","Sub083_ToD_Online",60.0392156862745,51.2352941176471,68.7777777777778,59.5625,-1.88235294117647,4.52941176470588,11.6666666666667,-23.9375,11.7666666666667,6.75,20.1,8.45,-6.23333333333333,-4.75,-7.9,-6.05,"Sub082_ToD_Online",16,12,14,42,4,8,6,18,8,9,6,23,0,0,1,1
"YA","Night","6/11/2024","Sub083_ToD_Online",60.0392156862745,51.2352941176471,68.7777777777778,59.5625,-1.88235294117647,4.52941176470588,11.6666666666667,-23.9375,11.7666666666667,6.75,20.1,8.45,-6.23333333333333,-4.75,-7.9,-6.05,"Sub083_ToD_Online",17,18,16,51,3,2,4,9,8,8,5,21,0,1,2,3
"YA","Night","6/11/2024","Sub083_ToD_Online",60.0392156862745,51.2352941176471,68.7777777777778,59.5625,-1.88235294117647,4.52941176470588,11.6666666666667,-23.9375,11.7666666666667,6.75,20.1,8.45,-6.23333333333333,-4.75,-7.9,-6.05,"Sub084_ToD_Online",19,15,15,49,1,5,5,11,8,9,7,24,0,0,0,0
"YA","Night","6/11/2024","Sub083_ToD_Online",60.0392156862745,51.2352941176471,68.7777777777778,59.5625,-1.88235294117647,4.52941176470588,11.6666666666667,-23.9375,11.7666666666667,6.75,20.1,8.45,-6.23333333333333,-4.75,-7.9,-6.05,"Sub085_ToD_Online",18,16,20,54,2,4,0,6,8,9,7,24,0,0,0,0
"YA","Night","6/11/2024","Sub083_ToD_Online",60.0392156862745,51.2352941176471,68.7777777777778,59.5625,-1.88235294117647,4.52941176470588,11.6666666666667,-23.9375,11.7666666666667,6.75,20.1,8.45,-6.23333333333333,-4.75,-7.9,-6.05,"Sub086_ToD_Online",17,12,17,46,3,8,3,14,8,8,8,24,0,0,0,0
"YA","Night","6/11/2024","Sub084_ToD_Online",51.0816326530612,45.8421052631579,75,33.8,4.42857142857143,2.57894736842105,-7.53333333333333,18.7333333333333,7.48333333333333,7.8,7.2,7.45,0.25,-2.3,2.8,0.25,"Sub080_ToD_Online",11,10,14,35,9,10,6,25,8,8,8,24,0,0,0,0
"YA","Night","6/11/2024","Sub084_ToD_Online",51.0816326530612,45.8421052631579,75,33.8,4.42857142857143,2.57894736842105,-7.53333333333333,18.7333333333333,7.48333333333333,7.8,7.2,7.45,0.25,-2.3,2.8,0.25,"Sub081_ToD_Online",18,16,19,53,2,4,1,7,8,8,8,24,0,0,0,0
"YA","Night","6/11/2024","Sub084_ToD_Online",51.0816326530612,45.8421052631579,75,33.8,4.42857142857143,2.57894736842105,-7.53333333333333,18.7333333333333,7.48333333333333,7.8,7.2,7.45,0.25,-2.3,2.8,0.25,"Sub082_ToD_Online",16,12,14,42,4,8,6,18,8,9,6,23,0,0,1,1
"YA","Night","6/11/2024","Sub084_ToD_Online",51.0816326530612,45.8421052631579,75,33.8,4.42857142857143,2.57894736842105,-7.53333333333333,18.7333333333333,7.48333333333333,7.8,7.2,7.45,0.25,-2.3,2.8,0.25,"Sub083_ToD_Online",17,18,16,51,3,2,4,9,8,8,5,21,0,1,2,3
"YA","Night","6/11/2024","Sub084_ToD_Online",51.0816326530612,45.8421052631579,75,33.8,4.42857142857143,2.57894736842105,-7.53333333333333,18.7333333333333,7.48333333333333,7.8,7.2,7.45,0.25,-2.3,2.8,0.25,"Sub084_ToD_Online",19,15,15,49,1,5,5,11,8,9,7,24,0,0,0,0
"YA","Night","6/11/2024","Sub084_ToD_Online",51.0816326530612,45.8421052631579,75,33.8,4.42857142857143,2.57894736842105,-7.53333333333333,18.7333333333333,7.48333333333333,7.8,7.2,7.45,0.25,-2.3,2.8,0.25,"Sub085_ToD_Online",18,16,20,54,2,4,0,6,8,9,7,24,0,0,0,0
"YA","Night","6/11/2024","Sub084_ToD_Online",51.0816326530612,45.8421052631579,75,33.8,4.42857142857143,2.57894736842105,-7.53333333333333,18.7333333333333,7.48333333333333,7.8,7.2,7.45,0.25,-2.3,2.8,0.25,"Sub086_ToD_Online",17,12,17,46,3,8,3,14,8,8,8,24,0,0,0,0
"YA","Night","6/11/2024","Sub085_ToD_Online",29.462962962963,33.0555555555556,34,22.6,-10.9814814814815,0.833333333333333,-27,-8.8,6.43333333333333,6.65,8.65,4,-2.23333333333333,-2.05,-4.25,-0.4,"Sub080_ToD_Online",11,10,14,35,9,10,6,25,8,8,8,24,0,0,0,0
"YA","Night","6/11/2024","Sub085_ToD_Online",29.462962962963,33.0555555555556,34,22.6,-10.9814814814815,0.833333333333333,-27,-8.8,6.43333333333333,6.65,8.65,4,-2.23333333333333,-2.05,-4.25,-0.4,"Sub081_ToD_Online",18,16,19,53,2,4,1,7,8,8,8,24,0,0,0,0
"YA","Night","6/11/2024","Sub085_ToD_Online",29.462962962963,33.0555555555556,34,22.6,-10.9814814814815,0.833333333333333,-27,-8.8,6.43333333333333,6.65,8.65,4,-2.23333333333333,-2.05,-4.25,-0.4,"Sub082_ToD_Online",16,12,14,42,4,8,6,18,8,9,6,23,0,0,1,1
"YA","Night","6/11/2024","Sub085_ToD_Online",29.462962962963,33.0555555555556,34,22.6,-10.9814814814815,0.833333333333333,-27,-8.8,6.43333333333333,6.65,8.65,4,-2.23333333333333,-2.05,-4.25,-0.4,"Sub083_ToD_Online",17,18,16,51,3,2,4,9,8,8,5,21,0,1,2,3
"YA","Night","6/11/2024","Sub085_ToD_Online",29.462962962963,33.0555555555556,34,22.6,-10.9814814814815,0.833333333333333,-27,-8.8,6.43333333333333,6.65,8.65,4,-2.23333333333333,-2.05,-4.25,-0.4,"Sub084_ToD_Online",19,15,15,49,1,5,5,11,8,9,7,24,0,0,0,0
"YA","Night","6/11/2024","Sub085_ToD_Online",29.462962962963,33.0555555555556,34,22.6,-10.9814814814815,0.833333333333333,-27,-8.8,6.43333333333333,6.65,8.65,4,-2.23333333333333,-2.05,-4.25,-0.4,"Sub085_ToD_Online",18,16,20,54,2,4,0,6,8,9,7,24,0,0,0,0
"YA","Night","6/11/2024","Sub085_ToD_Online",29.462962962963,33.0555555555556,34,22.6,-10.9814814814815,0.833333333333333,-27,-8.8,6.43333333333333,6.65,8.65,4,-2.23333333333333,-2.05,-4.25,-0.4,"Sub086_ToD_Online",17,12,17,46,3,8,3,14,8,8,8,24,0,0,0,0
"YA","Night","6/11/2024","Sub086_ToD_Online",45.195652173913,39,67.25,35.8235294117647,4.19565217391304,1.23529411764706,19.25,-3.47058823529412,7.18333333333333,6.7,7.95,6.9,-1.05,-2.2,-0.15,-0.8,"Sub080_ToD_Online",11,10,14,35,9,10,6,25,8,8,8,24,0,0,0,0
"YA","Night","6/11/2024","Sub086_ToD_Online",45.195652173913,39,67.25,35.8235294117647,4.19565217391304,1.23529411764706,19.25,-3.47058823529412,7.18333333333333,6.7,7.95,6.9,-1.05,-2.2,-0.15,-0.8,"Sub081_ToD_Online",18,16,19,53,2,4,1,7,8,8,8,24,0,0,0,0
"YA","Night","6/11/2024","Sub086_ToD_Online",45.195652173913,39,67.25,35.8235294117647,4.19565217391304,1.23529411764706,19.25,-3.47058823529412,7.18333333333333,6.7,7.95,6.9,-1.05,-2.2,-0.15,-0.8,"Sub082_ToD_Online",16,12,14,42,4,8,6,18,8,9,6,23,0,0,1,1
"YA","Night","6/11/2024","Sub086_ToD_Online",45.195652173913,39,67.25,35.8235294117647,4.19565217391304,1.23529411764706,19.25,-3.47058823529412,7.18333333333333,6.7,7.95,6.9,-1.05,-2.2,-0.15,-0.8,"Sub083_ToD_Online",17,18,16,51,3,2,4,9,8,8,5,21,0,1,2,3
"YA","Night","6/11/2024","Sub086_ToD_Online",45.195652173913,39,67.25,35.8235294117647,4.19565217391304,1.23529411764706,19.25,-3.47058823529412,7.18333333333333,6.7,7.95,6.9,-1.05,-2.2,-0.15,-0.8,"Sub084_ToD_Online",19,15,15,49,1,5,5,11,8,9,7,24,0,0,0,0
"YA","Night","6/11/2024","Sub086_ToD_Online",45.195652173913,39,67.25,35.8235294117647,4.19565217391304,1.23529411764706,19.25,-3.47058823529412,7.18333333333333,6.7,7.95,6.9,-1.05,-2.2,-0.15,-0.8,"Sub085_ToD_Online",18,16,20,54,2,4,0,6,8,9,7,24,0,0,0,0
"YA","Night","6/11/2024","Sub086_ToD_Online",45.195652173913,39,67.25,35.8235294117647,4.19565217391304,1.23529411764706,19.25,-3.47058823529412,7.18333333333333,6.7,7.95,6.9,-1.05,-2.2,-0.15,-0.8,"Sub086_ToD_Online",17,12,17,46,3,8,3,14,8,8,8,24,0,0,0,0
