"SubjectID","AgeGroup","ToD_Condition","Imm_Delay","obj1","locresp1","locresp1_adj","respposX1","respposY1","Learning_Loc_Test_rt","condnum","respposX2","respposY2","backgr","obj1loc","TrialID","StudyTrialNum","block","testObj1","testObj1Feat1","TestPracTrialNum","testObj1Feat1TargetVal","testObj1LocStartVal1","testObj1LocStartVal2","testObj1LocStartVal3","testObj1LocTargetVal","testObj1Target","OldImages","locresp2","locresp2_adj","Recall_Loc_Test_rt","Old_New_Test","Old_New_Test_rt","Remember_Test","Remember_Test_rt"
"Sub001_ToD_Online","YA","Morning",1,"airfreshener1_tr.png",156,156,NA,NA,0.5373,249,NA,NA,"Bckg42.jpg",2,91,25,1,1,1,24,2,156,345,88,2,"airfreshener1_tr.png",1,345,345,1.2784,1,0.3739,1,0.2141
"Sub001_ToD_Online","YA","Morning",1,"dog1_tr.png",16,16,NA,NA,1.7527,249,NA,NA,"Bckg23.jpg",167,111,45,2,1,1,76,167,16,26,214,167,"dog1_tr.png",1,26,26,1.0328,1,0.7737,2,0.3117
"Sub001_ToD_Online","YA","Morning",1,"fireextinguisher1_tr.png",212,212,NA,NA,0.0862,249,NA,NA,"Bckg88.jpg",294,85,77,2,1,1,63,294,212,94,215,294,"fireextinguisher1_tr.png",1,94,94,0.3865,1,0.8179,1,0.458
"Sub001_ToD_Online","YA","Morning",1,"goggle1_tr.png",157,157,NA,NA,12.1526,249,NA,NA,"Bckg120.jpg",25,96,110,3,1,1,115,25,157,292,131,25,"goggle1_tr.png",1,292,292,1.4599,1,0.404,2,0.4759
"Sub001_ToD_Online","YA","Morning",1,"hairdryer1_tr.png",52,52,NA,NA,0.1534,249,NA,NA,"Bckg79.jpg",63,73,23,1,1,1,18,63,52,27,90,63,"hairdryer1_tr.png",1,27,27,0.8513,1,0.3939,1,0.9557
"Sub001_ToD_Online","YA","Morning",1,"hotdog1_tr.png",327,327,NA,NA,1.4735,249,NA,NA,"Bckg126.jpg",152,42,46,2,1,1,54,152,327,275,320,152,"hotdog1_tr.png",1,275,275,1.8465,1,0.0489,1,1.0007
"Sub001_ToD_Online","YA","Morning",1,"jellybeans1_tr.png",347,347,NA,NA,0.0335,249,NA,NA,"Bckg46.jpg",235,49,83,3,1,1,86,235,347,110,157,235,"jellybeans1_tr.png",1,110,110,3.6682,1,0.4226,2,0.4335
"Sub001_ToD_Online","YA","Morning",1,"kite1_tr.png",59,59,NA,NA,17.1421,249,NA,NA,"Bckg128.jpg",181,115,106,3,1,1,118,181,59,221,177,181,"kite1_tr.png",1,221,221,0.9657,1,0.0835,2,0.8333
"Sub001_ToD_Online","YA","Morning",1,"present1_tr.png",45,45,NA,NA,0.4326,249,NA,NA,"Bckg121.jpg",184,46,3,1,1,1,14,184,45,118,188,184,"present1_tr.png",1,118,118,4.7591,1,0.9351,2,0.9822
"Sub001_ToD_Online","YA","Morning",1,"rollingpin1_tr.png",12,12,NA,NA,0.0399,249,NA,NA,"Bckg69.jpg",228,89,40,1,1,1,4,228,12,120,126,228,"rollingpin1_tr.png",1,120,120,2.0387,1,1.2248,1,0.0572
"Sub001_ToD_Online","YA","Morning",1,"rubikscube1_tr.png",4,4,NA,NA,0.0487,249,NA,NA,"Bckg122.jpg",113,105,70,2,1,1,51,113,4,222,200,113,"rubikscube1_tr.png",1,222,222,0.642,1,8e-04,2,1.1749
"Sub001_ToD_Online","YA","Morning",1,"sink1_tr.png",267,267,NA,NA,7.5902,249,NA,NA,"Bckg32.jpg",178,112,7,1,1,1,8,178,267,137,336,178,"sink1_tr.png",1,137,137,3.401,1,0.4646,2,0.319
"Sub001_ToD_Online","YA","Morning",1,"soccerball1_tr.png",86,86,NA,NA,0.2556,249,NA,NA,"Bckg101.jpg",43,53,13,1,1,1,27,43,86,145,39,43,"soccerball1_tr.png",1,145,145,2.0933,1,6.8732,2,0.5922
"Sub001_ToD_Online","YA","Morning",1,"trumpet1_tr.png",313,313,NA,NA,0.9482,249,NA,NA,"Bckg130.jpg",355,58,9,1,1,1,5,355,313,133,32,355,"trumpet1_tr.png",1,133,133,0.6619,1,1.0175,2,0.4473
"Sub002_ToD_Online","YA","Morning",1,"abacus1_tr.png",-59,301,-0.188820087,0.113454555,6.9747,27,NA,NA,"Bckg135.jpg",299,41,74,2,1,1,42,299,113,108,23,299,"abacus1_tr.png",1,108,108,0.6461,1,0.7544,2,0.4525
"Sub002_ToD_Online","YA","Morning",1,"airfreshener1_tr.png",368,8,0.030657582,0.218140033,7.8418,27,NA,NA,"Bckg42.jpg",2,91,40,1,1,1,12,2,156,345,88,2,"airfreshener1_tr.png",1,345,345,0.6264,1,1.0057,2,0.4042
"Sub002_ToD_Online","YA","Morning",1,"bagel1_tr.png",243,243,NA,NA,0.7432,27,NA,NA,"Bckg43.jpg",246,20,102,3,1,1,104,246,243,284,250,246,"bagel1_tr.png",1,284,284,0.245,1,1.8267,2,0.6009
"Sub002_ToD_Online","YA","Morning",1,"basket1_tr.png",110,110,0.20699908,-0.075341504,3.9573,27,NA,NA,"Bckg24.jpg",110,8,87,3,1,1,86,110,14,332,96,110,"basket1_tr.png",1,332,332,0.6566,1,2.2815,2,1.2182
"Sub002_ToD_Online","YA","Morning",1,"bathingsuit1_tr.png",307,307,-0.175926481,0.132570112,4.9605,27,-0.202772325,0.086071746,"Bckg19.jpg",288,65,31,1,1,1,11,288,311,51,176,288,"bathingsuit1_tr.png",1,-67,293,5.3398,1,1.6413,1,0.7979
"Sub002_ToD_Online","YA","Morning",1,"bottleofwine1_tr.png",125,125,0.180445941,-0.126349608,3.3962,27,NA,NA,"Bckg29.jpg",126,71,58,2,1,1,71,126,55,131,270,126,"bottleofwine1_tr.png",1,131,131,0.4972,1,1.2612,2,0.6337
"Sub002_ToD_Online","YA","Morning",1,"bowls1_tr.png",90,90,0.22028382,0,4.6613,27,NA,NA,"Bckg103.jpg",76,79,19,1,1,1,31,76,238,207,139,76,"bowls1_tr.png",1,207,207,1.0295,1,1.7934,2,0.6347
"Sub002_ToD_Online","YA","Morning",1,"boxinggloves1_tr.png",273,273,-0.219981929,0.011528764,5.2941,27,-0.216236586,0.042032134,"Bckg131.jpg",276,95,13,1,1,1,8,276,159,125,149,276,"boxinggloves1_tr.png",1,281,281,7.1945,1,3.6356,1,0.985
"Sub002_ToD_Online","YA","Morning",1,"fantacan1_tr.png",122,122,0.186811274,-0.11673264,3.3467,27,NA,NA,"Bckg86.jpg",126,84,57,2,1,1,69,126,32,278,53,126,"fantacan1_tr.png",1,278,278,0.5306,1,1.7454,2,0.5342
"Sub002_ToD_Online","YA","Morning",1,"fireextinguisher1_tr.png",300,300,-0.190771384,0.11014191,3.8279,27,NA,NA,"Bckg88.jpg",294,85,25,1,1,1,26,294,212,94,215,294,"fireextinguisher1_tr.png",1,94,94,0.4954,1,3.2448,2,1.0177
"Sub002_ToD_Online","YA","Morning",1,"highheel1_tr.png",120,120,0.190771384,-0.11014191,1.2342,27,NA,NA,"Bckg57.jpg",128,77,8,1,1,1,30,128,108,34,194,128,"highheel1_tr.png",1,34,34,0.7317,1,1.1801,2,0.5651
"Sub002_ToD_Online","YA","Morning",1,"jackolantern1_tr.png",55,55,0.180445941,0.126349608,4.6465,27,NA,NA,"Bckg21.jpg",51,93,28,1,1,1,21,51,161,66,118,51,"jackolantern1_tr.png",1,66,66,0.8789,1,3.3586,2,4.4603
"Sub002_ToD_Online","YA","Morning",1,"jellybeans1_tr.png",237,237,-0.184745556,-0.119975167,4.6276,27,NA,NA,"Bckg46.jpg",235,49,63,2,1,1,75,235,347,110,157,235,"jellybeans1_tr.png",1,110,110,0.4631,1,0.9437,2,0.4356
"Sub002_ToD_Online","YA","Morning",1,"kite1_tr.png",183,183,-0.011528764,-0.219981929,4.7946,27,0.003844483,-0.22025027,"Bckg128.jpg",181,115,38,1,1,1,33,181,59,221,177,181,"kite1_tr.png",1,179,179,5.0415,1,1.1959,1,0.9335
"Sub002_ToD_Online","YA","Morning",1,"lemon1_tr.png",383,23,0.086071746,0.202772325,4.5602,27,NA,NA,"Bckg99.jpg",20,66,3,1,1,1,16,20,265,285,180,20,"lemon1_tr.png",1,285,285,1.1808,1,1.0127,2,0.6328
"Sub002_ToD_Online","YA","Morning",1,"nailpolish1_tr.png",276,276,-0.219077082,0.023025929,4.2748,27,NA,NA,"Bckg84.jpg",301,32,18,1,1,1,24,301,148,320,226,301,"nailpolish1_tr.png",1,320,320,1.2079,1,3.4679,2,1.116
"Sub002_ToD_Online","YA","Morning",1,"oven1_tr.png",473,113,0.202772325,-0.086071746,6.6737,27,NA,NA,"Bckg55.jpg",111,9,39,1,1,1,36,111,305,27,70,111,"oven1_tr.png",1,27,27,1.0296,1,2.9581,2,1.466
"Sub002_ToD_Online","YA","Morning",1,"partyhats1_tr.png",43,43,0.150233204,0.161105387,8.4403,27,NA,NA,"Bckg110.jpg",52,18,84,3,1,1,113,52,175,231,196,52,"partyhats1_tr.png",1,231,231,0.5118,1,0.9924,2,0.502
"Sub002_ToD_Online","YA","Morning",1,"pinecone1_tr.png",150,150,0.11014191,-0.190771384,4.6588,27,0.057013648,-0.212777831,"Bckg10.jpg",167,55,76,2,1,1,72,167,204,167,102,167,"pinecone1_tr.png",1,165,165,1.149,1,1.544,1,2.0981
"Sub002_ToD_Online","YA","Morning",1,"pokerchips1_tr.png",17,17,0.064404756,0.210658465,5.3805,27,NA,NA,"Bckg127.jpg",11,88,98,3,1,1,112,11,51,229,63,11,"pokerchips1_tr.png",1,229,229,0.6132,1,1.7647,2,0.6505
"Sub002_ToD_Online","YA","Morning",1,"potatochips1_tr.png",16,16,0.06071845,0.211750398,5.5946,27,0.023025929,0.219077082,"Bckg124.jpg",13,81,67,2,1,1,50,13,164,112,355,13,"potatochips1_tr.png",1,6,6,4.5773,1,1.6553,1,0.852
"Sub002_ToD_Online","YA","Morning",1,"present1_tr.png",181,181,-0.003844483,-0.22025027,4.4488,27,NA,NA,"Bckg121.jpg",184,46,32,1,1,1,3,184,45,118,188,184,"present1_tr.png",1,118,118,0.8293,1,1.5866,2,0.6847
"Sub002_ToD_Online","YA","Morning",1,"rubikscube1_tr.png",110,110,0.20699908,-0.075341504,3.8811,27,NA,NA,"Bckg122.jpg",113,105,52,2,1,1,55,113,4,222,200,113,"rubikscube1_tr.png",1,222,222,0.4641,1,1.111,2,0.5337
"Sub002_ToD_Online","YA","Morning",1,"silvertray1_tr.png",287,287,-0.210658465,0.064404756,2.5583,27,NA,NA,"Bckg64.jpg",288,6,50,2,1,1,47,288,241,343,248,288,"silvertray1_tr.png",1,343,343,0.7734,1,1.4784,2,0.5672
"Sub002_ToD_Online","YA","Morning",1,"sippycup1_tr.png",110,110,0.20699908,-0.075341504,3.9911,27,NA,NA,"Bckg105.jpg",107,106,2,1,1,1,27,107,24,15,204,107,"sippycup1_tr.png",1,15,15,1.5745,1,1.2387,2,0.8174
"Sub002_ToD_Online","YA","Morning",1,"steeringwheel1_tr.png",222,222,-0.147398646,-0.163702781,4.0454,27,NA,NA,"Bckg62.jpg",229,90,72,2,1,1,51,229,132,225,181,229,"steeringwheel1_tr.png",1,225,225,0.7668,1,0.6399,2,1.1324
"Sub002_ToD_Online","YA","Morning",1,"suit1_tr.png",259,259,-0.216236586,-0.042032134,5.3425,27,NA,NA,"Bckg52.jpg",262,36,77,2,1,1,79,262,153,255,138,262,"suit1_tr.png",1,255,255,1.2188,1,2.6828,2,0.5444
"Sub002_ToD_Online","YA","Morning",1,"telephonebooth1_tr.png",212,212,-0.11673264,-0.186811274,5.0763,27,NA,NA,"Bckg107.jpg",214,63,7,1,1,1,23,214,64,281,300,214,"telephonebooth1_tr.png",1,281,281,1.0789,1,1.2258,2,0.7845
"Sub002_ToD_Online","YA","Morning",1,"toad1_tr.png",386,26,0.096566071,0.197989786,5.2619,27,NA,NA,"Bckg65.jpg",25,27,37,1,1,1,18,25,278,24,220,25,"toad1_tr.png",1,24,24,1.6291,1,1.1972,1,0.7171
"Sub002_ToD_Online","YA","Morning",1,"trumpet1_tr.png",353,353,-0.026845845,0.218641858,3.2124,27,NA,NA,"Bckg130.jpg",355,58,65,2,1,1,53,355,313,133,32,355,"trumpet1_tr.png",1,133,133,1.1176,1,2.7298,2,0.4307
"Sub002_ToD_Online","YA","Morning",1,"turtle1_tr.png",229,229,-0.166250309,-0.144519189,3.8726,27,NA,NA,"Bckg44.jpg",223,61,103,3,1,1,117,223,185,158,305,223,"turtle1_tr.png",1,158,158,0.4128,1,1.0936,2,0.4715
"Sub002_ToD_Online","YA","Morning",1,"valentinesdaycard1_tr.png",342,342,-0.068071444,0.209502362,5.7592,27,NA,NA,"Bckg111.jpg",338,26,106,3,1,1,119,338,234,203,108,338,"valentinesdaycard1_tr.png",1,203,203,0.6608,1,1.3474,2,0.5186
"Sub002_ToD_Online","YA","Morning",1,"watch1_tr.png",119,119,0.19266457,-0.106795715,3.41,27,0.175926481,-0.132570112,"Bckg117.jpg",119,43,93,3,1,1,87,119,181,237,158,119,"watch1_tr.png",1,127,127,5.6917,1,1.5197,1,0.6989
"Sub002_ToD_Online","YA","Morning",1,"wisk1_tr.png",316,316,-0.153021999,0.158458919,6.2588,27,0.071717397,-0.208282444,"Bckg95.jpg",315,23,10,1,1,1,5,315,150,163,135,315,"wisk1_tr.png",1,161,161,2.3116,1,1.8735,2,0.3838
"Sub003_ToD_Online","OA","Night",1,"asparagus1_tr.png",260,260,-0.223622158,-0.03943062,3.0535,268,-0.226207813,-0.019790619,"Bckg134.jpg",263,47,119,3,1,1,120,263,290,137,190,263,"asparagus1_tr.png",1,265,265,6.7538,1,1.9311,1,1.071
"Sub003_ToD_Online","OA","Night",1,"banana1_tr.png",417,57,0.190438511,0.123672215,4.7567,268,0.183705018,0.133469508,"Bckg93.jpg",44,114,113,3,1,1,85,44,233,78,338,44,"banana1_tr.png",1,54,54,7.8315,1,1.3849,1,0.7526
"Sub003_ToD_Online","OA","Night",1,"basket1_tr.png",116,116,0.204090863,-0.099541765,3.7414,268,0.151940751,-0.1687473,"Bckg24.jpg",110,8,75,2,1,1,79,110,14,332,96,110,"basket1_tr.png",1,498,138,6.614,1,2.3353,1,1.5263
"Sub003_ToD_Online","OA","Night",1,"bathingsuit1_tr.png",287,287,-0.217149928,0.066389396,3.4577,268,-0.226207813,-0.019790619,"Bckg19.jpg",288,65,33,1,1,1,33,288,311,51,176,288,"bathingsuit1_tr.png",1,-95,265,4.7168,1,1.5526,1,0.9513
"Sub003_ToD_Online","OA","Night",1,"bell1_tr.png",347,347,-0.051080061,0.221252052,3.5543,268,-0.062589495,0.21827551,"Bckg36.jpg",349,78,100,3,1,1,112,349,287,282,294,349,"bell1_tr.png",1,344,344,5.7947,1,1.2329,1,0.7361
"Sub003_ToD_Online","OA","Night",1,"bike1_tr.png",149,149,0.116950669,-0.194638599,3.4842,268,0.160564073,-0.160564073,"Bckg39.jpg",135,2,78,2,1,1,71,135,209,107,240,135,"bike1_tr.png",1,135,135,3.312,1,1.28,1,0.7685
"Sub003_ToD_Online","OA","Night",1,"bowls1_tr.png",84,84,0.225827966,0.023735476,9.3186,268,-0.226207813,0.019790619,"Bckg103.jpg",76,79,18,1,1,1,1,76,238,207,139,76,"bowls1_tr.png",1,275,275,4.6985,1,1.3111,1,1.0367
"Sub003_ToD_Online","OA","Night",1,"cabinet1_tr.png",361,1,0.003962951,0.227037306,5.7862,268,-0.226933564,0.007924695,"Bckg13.jpg",355,110,35,1,1,1,14,355,291,250,164,355,"cabinet1_tr.png",1,272,272,8.499,1,1.7601,1,1.1198
"Sub003_ToD_Online","OA","Night",1,"cakemixer1_tr.png",252,252,-0.215958201,-0.070169073,6.3339,268,-0.207440494,-0.092358458,"Bckg12.jpg",255,117,60,2,1,1,59,255,108,314,330,255,"cakemixer1_tr.png",1,246,246,8.0054,1,1.4357,1,1.0182
"Sub003_ToD_Online","OA","Night",1,"christmasstocking1_tr.png",522,162,0.070169073,-0.215958201,4.8215,268,0.092358458,-0.207440494,"Bckg136.jpg",165,50,97,3,1,1,105,165,322,246,121,165,"christmasstocking1_tr.png",1,156,156,5.8156,1,1.6308,1,0.7329
"Sub003_ToD_Online","OA","Night",1,"coffeemug1_tr.png",321,321,-0.142900971,0.176468002,3.7005,268,0.03552187,-0.224276258,"Bckg20.jpg",325,70,68,2,1,1,56,325,253,113,22,325,"coffeemug1_tr.png",1,171,171,5.4502,1,1.6835,1,0.9156
"Sub003_ToD_Online","OA","Night",1,"crayon1_tr.png",274,274,-0.226518754,0.015839734,3.0836,268,-0.226933564,-0.007924695,"Bckg87.jpg",267,33,116,3,1,1,99,267,220,22,283,267,"crayon1_tr.png",1,-92,268,5.5555,1,1.9151,1,0.6504
"Sub003_ToD_Online","OA","Night",1,"cucumber1_tr.png",448,88,0.226933564,0.007924695,5.3001,268,0.226933564,0.007924695,"Bckg92.jpg",82,87,72,2,1,1,54,82,286,332,303,82,"cucumber1_tr.png",1,448,88,4.2142,1,1.428,1,0.9192
"Sub003_ToD_Online","OA","Night",1,"dog1_tr.png",162,162,0.070169073,-0.215958201,4.0499,268,0.047210901,-0.222109824,"Bckg23.jpg",167,111,114,3,1,1,94,167,16,26,214,167,"dog1_tr.png",1,168,168,6.2372,1,1.381,1,1.0335
"Sub003_ToD_Online","OA","Night",1,"dress1_tr.png",453,93,0.226760696,-0.011884024,5.907,268,0.224276258,0.03552187,"Bckg96.jpg",83,51,98,3,1,1,92,83,239,71,9,83,"dress1_tr.png",1,81,81,3.349,1,1.5639,1,1.4873
"Sub003_ToD_Online","OA","Night",1,"eggs1_tr.png",88,88,0.226933564,0.007924695,2.8833,268,0.226207813,0.019790619,"Bckg132.jpg",84,28,79,2,1,1,64,84,124,265,170,84,"eggs1_tr.png",1,445,85,7.7314,1,1.4505,1,0.9319
"Sub003_ToD_Online","OA","Night",1,"encyclopedia1_tr.png",293,293,-0.209020777,0.088724056,5.0338,268,0.21053739,0.085062627,"Bckg72.jpg",286,11,42,2,1,1,53,286,151,110,236,286,"encyclopedia1_tr.png",1,68,68,7.4987,1,2.3789,1,0.8184
"Sub003_ToD_Online","OA","Night",1,"grater1_tr.png",237,237,-0.190438511,-0.123672215,5.618,268,-0.103088481,-0.202322535,"Bckg118.jpg",227,108,2,1,1,1,37,227,183,311,225,227,"grater1_tr.png",1,207,207,6.6987,1,2.1966,1,1.3069
"Sub003_ToD_Online","OA","Night",1,"hairdryer1_tr.png",62,62,0.200492579,0.106603795,2.6509,268,0.22289994,-0.043327359,"Bckg79.jpg",63,73,71,2,1,1,67,63,52,27,90,63,"hairdryer1_tr.png",1,101,101,4.8141,1,1.1794,1,0.7685
"Sub003_ToD_Online","OA","Night",1,"hammer1_tr.png",221,221,-0.148972564,-0.171373331,4.1864,268,0.136655275,-0.181347675,"Bckg138.jpg",237,118,57,2,1,1,42,237,139,321,245,237,"hammer1_tr.png",1,503,143,5.1951,1,3.8247,1,0.6043
"Sub003_ToD_Online","OA","Night",1,"handsoap1_tr.png",438,78,0.222109824,0.047210901,5.2656,268,0.22289994,0.043327359,"Bckg73.jpg",74,57,85,3,1,1,109,74,352,41,5,74,"handsoap1_tr.png",1,79,79,6.6382,1,2.0981,1,0.9864
"Sub003_ToD_Online","OA","Night",1,"highheel1_tr.png",148,148,0.120329769,-0.192567884,2.4329,268,0.192567884,-0.120329769,"Bckg57.jpg",128,77,96,3,1,1,91,128,108,34,194,128,"highheel1_tr.png",1,122,122,5.9839,1,1.3948,1,0.834
"Sub003_ToD_Online","OA","Night",1,"hotdog1_tr.png",513,153,0.103088481,-0.202322535,4.8147,268,0.081375288,-0.211989872,"Bckg126.jpg",152,42,82,3,1,1,90,152,327,275,320,152,"hotdog1_tr.png",1,159,159,4.1338,1,1.297,1,0.7015
"Sub003_ToD_Online","OA","Night",1,"jackolantern1_tr.png",51,51,0.176468002,0.142900971,4.6212,268,0.1687473,0.151940751,"Bckg21.jpg",51,93,9,1,1,1,13,51,161,66,118,51,"jackolantern1_tr.png",1,48,48,5.2853,1,1.7321,1,1.0505
"Sub003_ToD_Online","OA","Night",1,"lei1_tr.png",52,52,0.178935091,0.139799415,8.8634,268,0.133469508,0.183705018,"Bckg119.jpg",49,5,4,1,1,1,5,49,174,32,226,49,"lei1_tr.png",1,36,36,5.7492,1,1.9064,1,1.3
"Sub003_ToD_Online","OA","Night",1,"lipstick1_tr.png",482,122,0.192567884,-0.120329769,5.1005,268,0.166069867,-0.154862657,"Bckg22.jpg",106,22,64,2,1,1,80,106,284,129,228,106,"lipstick1_tr.png",1,133,133,4.4685,1,2.2649,1,2.0349
"Sub003_ToD_Online","OA","Night",1,"mouthwash1_tr.png",347,347,-0.051080061,0.221252052,5.5529,268,0.007924695,0.226933564,"Bckg109.jpg",352,100,111,3,1,1,86,352,115,250,226,352,"mouthwash1_tr.png",1,362,2,4.8493,1,1.686,1,0.6513
"Sub003_ToD_Online","OA","Night",1,"nailpolish1_tr.png",290,290,-0.213377779,0.07766316,5.0153,268,-0.213377779,0.07766316,"Bckg84.jpg",301,32,25,1,1,1,20,301,148,320,226,301,"nailpolish1_tr.png",1,290,290,5.249,1,1.7783,1,1.0667
"Sub003_ToD_Online","OA","Night",1,"paintpalette1_tr.png",255,255,-0.219334603,-0.05877053,3.6237,268,-0.226933564,0.007924695,"Bckg56.jpg",259,16,101,3,1,1,119,259,311,154,192,259,"paintpalette1_tr.png",1,272,272,5.4309,1,1.5464,1,0.9708
"Sub003_ToD_Online","OA","Night",1,"pan1_tr.png",145,145,0.130243085,-0.186006403,3.0951,268,0.139799415,-0.178935091,"Bckg58.jpg",133,116,109,3,1,1,97,133,89,30,229,133,"pan1_tr.png",1,142,142,4.9308,1,1.7403,2,1.2848
"Sub003_ToD_Online","OA","Night",1,"pinecone1_tr.png",168,168,0.047210901,-0.222109824,3.7144,268,0.03552187,-0.224276258,"Bckg10.jpg",167,55,117,3,1,1,95,167,204,167,102,167,"pinecone1_tr.png",1,171,171,3.811,1,1.28,1,0.8568
"Sub003_ToD_Online","OA","Night",1,"potatochips1_tr.png",372,12,0.047210901,0.222109824,5.4178,268,0.023735476,0.225827966,"Bckg124.jpg",13,81,41,2,1,1,78,13,164,112,355,13,"potatochips1_tr.png",1,6,6,5.1486,1,1.2391,1,1.1168
"Sub003_ToD_Online","OA","Night",1,"present1_tr.png",187,187,-0.027673102,-0.225379331,4.5984,268,-0.007924695,-0.226933564,"Bckg121.jpg",184,46,74,2,1,1,52,184,45,118,188,184,"present1_tr.png",1,182,182,7.0583,1,2.51,1,1.5213
"Sub003_ToD_Online","OA","Night",1,"radish1_tr.png",209,209,-0.110086637,-0.19860155,3.9678,268,-0.120329769,-0.192567884,"Bckg112.jpg",221,14,43,2,1,1,61,221,203,64,59,221,"radish1_tr.png",1,212,212,4.6973,1,1.4079,1,0.7148
"Sub003_ToD_Online","OA","Night",1,"ricecooker1_tr.png",22,22,0.085062627,0.21053739,5.0161,268,0.081375288,0.211989872,"Bckg102.jpg",14,19,54,2,1,1,46,14,178,267,92,14,"ricecooker1_tr.png",1,381,21,4.8878,1,1.3448,1,0.983
"Sub003_ToD_Online","OA","Night",1,"seashell1_tr.png",212,212,-0.120329769,-0.192567884,5.8656,268,-0.157737389,-0.163341848,"Bckg8.jpg",205,13,12,1,1,1,2,205,224,134,59,205,"seashell1_tr.png",1,224,224,4.6193,1,2.1824,1,1.1179
"Sub003_ToD_Online","OA","Night",1,"silvertray1_tr.png",287,287,-0.217149928,0.066389396,5.2144,268,-0.22289994,-0.043327359,"Bckg64.jpg",288,6,46,2,1,1,49,288,241,343,248,288,"silvertray1_tr.png",1,259,259,4.6171,1,2.0436,1,0.8012
"Sub003_ToD_Online","OA","Night",1,"sink1_tr.png",169,169,0.043327359,-0.22289994,4.3181,268,0.142900971,-0.176468002,"Bckg32.jpg",178,112,102,3,1,1,84,178,267,137,336,178,"sink1_tr.png",1,141,141,2.6447,1,1.619,1,1.0231
"Sub003_ToD_Online","OA","Night",1,"sippycup1_tr.png",116,116,0.204090863,-0.099541765,3.9623,268,0.19860155,-0.110086637,"Bckg105.jpg",107,106,37,1,1,1,15,107,24,15,204,107,"sippycup1_tr.png",1,119,119,10.218,1,2.5766,1,1.5593
"Sub003_ToD_Online","OA","Night",1,"skippingrope1_tr.png",49,49,0.171373331,0.148972564,5.6064,268,0.160564073,-0.160564073,"Bckg7.jpg",60,45,15,1,1,1,28,60,87,213,277,60,"skippingrope1_tr.png",1,135,135,6.6481,1,1.6978,1,0.9195
"Sub003_ToD_Online","OA","Night",1,"slide1_tr.png",38,38,0.139799415,0.178935091,2.635,268,0.160564073,-0.160564073,"Bckg94.jpg",44,44,63,2,1,1,63,44,4,217,28,44,"slide1_tr.png",1,495,135,10.9211,1,1.3674,2,1.2342
"Sub003_ToD_Online","OA","Night",1,"spoon1_tr.png",511,151,0.110086637,-0.19860155,5.2,268,0.103088481,-0.202322535,"Bckg67.jpg",161,10,16,1,1,1,34,161,301,195,183,161,"spoon1_tr.png",1,153,153,5.0631,1,2.413,1,1.0272
"Sub003_ToD_Online","OA","Night",1,"steeringwheel1_tr.png",222,222,-0.151940751,-0.1687473,4.3009,268,-0.160564073,-0.160564073,"Bckg62.jpg",229,90,61,2,1,1,74,229,132,225,181,229,"steeringwheel1_tr.png",1,225,225,2.851,1,1.3365,1,0.9358
"Sub003_ToD_Online","OA","Night",1,"stoplights1_tr.png",216,216,-0.133469508,-0.183705018,3.0987,268,-0.145958997,-0.17394716,"Bckg53.jpg",219,60,88,3,1,1,115,219,214,124,240,219,"stoplights1_tr.png",1,220,220,4.6669,1,1.4547,1,0.6052
"Sub003_ToD_Online","OA","Night",1,"streamer1_tr.png",-31,329,-0.116950669,0.194638599,4.6144,268,-0.092358458,0.207440494,"Bckg4.jpg",338,35,87,3,1,1,101,338,69,290,195,338,"streamer1_tr.png",1,336,336,3.6327,1,1.314,1,0.7857
"Sub003_ToD_Online","OA","Night",1,"sunglasses1_tr.png",411,51,0.176468002,0.142900971,4.2976,268,0.166069867,0.154862657,"Bckg11.jpg",27,29,81,3,1,1,104,27,287,111,147,27,"sunglasses1_tr.png",1,47,47,4.1528,1,2.2061,1,1.0343
"Sub003_ToD_Online","OA","Night",1,"telephonebooth1_tr.png",200,200,-0.07766316,-0.213377779,4.2847,268,-0.148972564,-0.171373331,"Bckg107.jpg",214,63,90,3,1,1,98,214,64,281,300,214,"telephonebooth1_tr.png",1,221,221,4.1661,1,1.2813,1,0.7883
"Sub003_ToD_Online","OA","Night",1,"tissuebox1_tr.png",-1,359,-0.003962951,0.227037306,7.2509,268,-4.17124e-17,0.22707189,"Bckg98.jpg",1,12,14,1,1,1,31,1,95,272,311,1,"tissuebox1_tr.png",1,360,0,8.9184,1,2.5333,1,2.0435
"Sub003_ToD_Online","OA","Night",1,"toaster1_tr.png",357,357,-0.011884024,0.226760696,2.7664,268,-0.136655275,-0.181347675,"Bckg104.jpg",358,119,105,3,1,1,106,358,291,211,356,358,"toaster1_tr.png",1,217,217,6.8884,1,1.2669,2,1.5713
"Sub003_ToD_Online","OA","Night",1,"tractor1_tr.png",302,302,-0.192567884,0.120329769,6.1963,268,-0.17394716,0.145958997,"Bckg63.jpg",316,86,47,2,1,1,43,316,132,20,87,316,"tractor1_tr.png",1,-50,310,5.2484,1,1.8723,1,0.9734
"Sub003_ToD_Online","OA","Night",1,"turtle1_tr.png",215,215,-0.130243085,-0.186006403,5.3898,268,-0.113535945,-0.196650025,"Bckg44.jpg",223,61,73,2,1,1,41,223,185,158,305,223,"turtle1_tr.png",1,210,210,4.2129,1,2.3684,1,0.887
"Sub003_ToD_Online","OA","Night",1,"vegeplatter1_tr.png",244,244,-0.204090863,-0.099541765,5.2501,268,-0.226760696,-0.011884024,"Bckg70.jpg",246,30,1,1,1,1,7,246,122,321,75,246,"vegeplatter1_tr.png",1,267,267,4.8007,1,1.3464,1,1.0513
"Sub003_ToD_Online","OA","Night",1,"wagon1_tr.png",99,99,0.224276258,-0.03552187,3.5396,268,-0.22707189,2.78083e-17,"Bckg47.jpg",95,38,8,1,1,1,17,95,87,36,143,95,"wagon1_tr.png",1,-90,270,7.6656,1,1.9648,1,1.1395
"Sub003_ToD_Online","OA","Night",1,"wheelchair1_tr.png",168,168,0.047210901,-0.222109824,4.9338,268,0.015839734,-0.226518754,"Bckg80.jpg",171,52,62,2,1,1,69,171,180,294,263,171,"wheelchair1_tr.png",1,176,176,4.9986,1,1.3804,1,0.6839
"Sub004_ToD_Online","OA","Night",1,"apple1_tr.png",475,115,0.224451718,-0.104663555,4.1714,149,0.226244164,-0.100730392,"Bckg81.jpg",114,62,107,3,1,1,101,114,347,32,264,114,"apple1_tr.png",1,114,114,4.4968,1,5.6858,1,1.2
"Sub004_ToD_Online","OA","Night",1,"banana1_tr.png",407,47,0.181123452,0.168900352,6.0369,149,-0.131237192,-0.210023411,"Bckg93.jpg",44,114,64,2,1,1,45,44,233,78,338,44,"banana1_tr.png",1,212,212,9.5342,1,3.6733,1,1.2531
"Sub004_ToD_Online","OA","Night",1,"bandaid1_tr.png",249,249,-0.231205926,-0.08875164,3.5648,149,-0.202867157,-0.142049112,"Bckg45.jpg",246,107,112,3,1,1,90,246,143,243,11,246,"bandaid1_tr.png",1,235,235,4.3256,1,1.3754,1,0.6674
"Sub004_ToD_Online","OA","Night",1,"basket1_tr.png",112,112,0.229621782,-0.092773222,2.9429,149,0.178148149,-0.172035667,"Bckg24.jpg",110,8,100,3,1,1,113,110,14,332,96,110,"basket1_tr.png",1,494,134,7.0263,1,2.4132,1,0.497
"Sub004_ToD_Online","OA","Night",1,"bathingsuit1_tr.png",295,295,-0.224451718,0.104663555,4.1758,149,0.134882618,0.207701018,"Bckg19.jpg",288,65,61,2,1,1,46,288,311,51,176,288,"bathingsuit1_tr.png",1,33,33,5.056,1,4.4537,1,0.5679
"Sub004_ToD_Online","OA","Night",1,"bike1_tr.png",147,147,0.134882618,-0.207701018,3.7261,149,0.038741788,-0.244606025,"Bckg39.jpg",135,2,19,1,1,1,40,135,209,107,240,135,"bike1_tr.png",1,171,171,9.2642,1,2.4073,1,1.1352
"Sub004_ToD_Online","OA","Night",1,"bowlingpin1_tr.png",317,317,-0.168900352,0.181123452,5.3452,149,-0.197786133,0.149042542,"Bckg34.jpg",301,48,49,2,1,1,67,301,219,51,324,301,"bowlingpin1_tr.png",1,-53,307,5.4623,1,1.5818,1,0.6588
"Sub004_ToD_Online","OA","Night",1,"bowls1_tr.png",434,74,0.238061333,0.068262989,5.6733,149,-0.181123452,0.168900352,"Bckg103.jpg",76,79,47,2,1,1,79,76,238,207,139,76,"bowls1_tr.png",1,313,313,6.7387,1,1.7611,1,1.3719
"Sub004_ToD_Online","OA","Night",1,"christmasstocking1_tr.png",524,164,0.068262989,-0.238061333,5.9258,149,0.116267013,-0.218666448,"Bckg136.jpg",165,50,97,3,1,1,85,165,322,246,121,165,"christmasstocking1_tr.png",1,152,152,7.67,1,1.8892,1,1.0659
"Sub004_ToD_Online","OA","Night",1,"coat1_tr.png",469,109,0.234162469,-0.080628604,6.9817,149,0.192464137,0.155854385,"Bckg108.jpg",94,102,71,2,1,1,61,94,309,13,198,94,"coat1_tr.png",1,51,51,5.2725,1,7.161,2,1.5663
"Sub004_ToD_Online","OA","Night",1,"coke1_tr.png",-29,331,-0.12006556,0.216604005,5.4639,149,-0.175118579,0.175118579,"Bckg78.jpg",322,74,45,2,1,1,42,322,31,323,307,322,"coke1_tr.png",1,315,315,3.1115,1,3.7042,1,1.2798
"Sub004_ToD_Online","OA","Night",1,"dress1_tr.png",445,85,0.246712668,0.021584562,5.4582,149,0.247315667,0.012961265,"Bckg96.jpg",83,51,73,2,1,1,71,83,239,71,9,83,"dress1_tr.png",1,87,87,8.185,1,1.5662,1,1.1843
"Sub004_ToD_Online","OA","Night",1,"eggs1_tr.png",92,92,0.247504205,-0.008643037,3.5971,149,0.247617351,-0.004322177,"Bckg132.jpg",84,28,11,1,1,1,39,84,124,265,170,84,"eggs1_tr.png",1,451,91,9.0325,1,3.1639,1,1.6019
"Sub004_ToD_Online","OA","Night",1,"grater1_tr.png",223,223,-0.168900352,-0.181123452,3.7596,149,-0.155854385,-0.192464137,"Bckg118.jpg",227,108,18,1,1,1,34,227,183,311,225,227,"grater1_tr.png",1,219,219,8.1061,1,4.7082,1,2.1825
"Sub004_ToD_Online","OA","Night",1,"handsoap1_tr.png",418,58,0.210023411,0.131237192,2.9472,149,-0.245809087,-0.030181561,"Bckg73.jpg",74,57,87,3,1,1,83,74,352,41,5,74,"handsoap1_tr.png",1,-97,263,6.7325,1,3.3836,1,1.0446
"Sub004_ToD_Online","OA","Night",1,"hotdog1_tr.png",503,143,0.149042542,-0.197786133,4.4252,149,0.096766545,-0.227967694,"Bckg126.jpg",152,42,69,2,1,1,70,152,327,275,320,152,"hotdog1_tr.png",1,157,157,6.1057,1,1.8155,1,1.0871
"Sub004_ToD_Online","OA","Night",1,"jellybeans1_tr.png",243,243,-0.220662283,-0.112433049,4.2756,149,-0.138486958,-0.205315358,"Bckg46.jpg",235,49,58,2,1,1,47,235,347,110,157,235,"jellybeans1_tr.png",1,214,214,7.5551,1,1.7054,1,1.6158
"Sub004_ToD_Online","OA","Night",1,"kite1_tr.png",187,187,-0.030181561,-0.245809087,4.7319,149,0.055710269,-0.241307687,"Bckg128.jpg",181,115,44,2,1,1,52,181,59,221,177,181,"kite1_tr.png",1,167,167,6.3686,1,2.487,1,0.7006
"Sub004_ToD_Online","OA","Night",1,"pan1_tr.png",129,129,0.192464137,-0.155854385,3.293,149,0.165713587,-0.184043584,"Bckg58.jpg",133,116,8,1,1,1,38,133,89,30,229,133,"pan1_tr.png",1,138,138,7.5495,1,4.915,2,1.8493
"Sub004_ToD_Online","OA","Night",1,"partyhats1_tr.png",49,49,0.186907654,0.162476345,5.5249,149,0.155854385,0.192464137,"Bckg110.jpg",52,18,117,3,1,1,105,52,175,231,196,52,"partyhats1_tr.png",1,399,39,6.9058,1,1.9578,1,0.9623
"Sub004_ToD_Online","OA","Night",1,"pickle1_tr.png",139,139,0.162476345,-0.186907654,3.3937,149,0.165713587,-0.184043584,"Bckg66.jpg",150,83,109,3,1,1,81,150,65,78,256,150,"pickle1_tr.png",1,138,138,5.144,1,1.7495,1,1.0164
"Sub004_ToD_Online","OA","Night",1,"podium1_tr.png",-23,337,-0.096766545,0.227967694,4.097,149,-0.165713587,0.184043584,"Bckg75.jpg",356,113,111,3,1,1,114,356,73,322,182,356,"podium1_tr.png",1,318,318,5.8242,1,1.7464,1,1.6788
"Sub004_ToD_Online","OA","Night",1,"popcorn1_tr.png",145,145,0.142049112,-0.202867157,3.2967,149,0.15918961,-0.18971479,"Bckg76.jpg",144,15,96,3,1,1,99,144,211,30,310,144,"popcorn1_tr.png",1,140,140,6.006,1,8.8655,1,1.2776
"Sub004_ToD_Online","OA","Night",1,"rollingpin1_tr.png",226,226,-0.178148149,-0.172035667,4.9163,149,-0.184043584,-0.165713587,"Bckg69.jpg",228,89,90,3,1,1,110,228,12,120,126,228,"rollingpin1_tr.png",1,228,228,6.4681,1,1.6441,1,0.95
"Sub004_ToD_Online","OA","Night",1,"rubikscube1_tr.png",116,116,0.222590902,-0.108564837,5.9868,149,0.210023411,-0.131237192,"Bckg122.jpg",113,105,54,2,1,1,51,113,4,222,200,113,"rubikscube1_tr.png",1,122,122,4.9442,1,1.9835,1,0.9547
"Sub004_ToD_Online","OA","Night",1,"scarf1_tr.png",273,273,-0.247315667,0.012961265,3.4254,149,0.145567998,0.20035716,"Bckg51.jpg",276,59,31,1,1,1,7,276,231,56,236,276,"scarf1_tr.png",1,36,36,8.6099,1,1.2494,2,3.8335
"Sub004_ToD_Online","OA","Night",1,"scrabble1_tr.png",26,26,0.108564837,0.222590902,4.9413,149,0.184043584,-0.165713587,"Bckg91.jpg",15,39,22,1,1,1,20,15,152,156,110,15,"scrabble1_tr.png",1,132,132,4.5244,1,2.0421,1,1.3841
"Sub004_ToD_Online","OA","Night",1,"seashell1_tr.png",200,200,-0.084703023,-0.232719642,4.0352,149,-0.123827535,-0.214475582,"Bckg8.jpg",205,13,114,3,1,1,116,205,224,134,59,205,"seashell1_tr.png",1,210,210,4.9276,1,1.5272,1,0.8837
"Sub004_ToD_Online","OA","Night",1,"silvertray1_tr.png",287,287,-0.236833721,0.072407335,5.93,149,-0.175118579,-0.175118579,"Bckg64.jpg",288,6,4,1,1,1,31,288,241,343,248,288,"silvertray1_tr.png",1,225,225,9.8471,1,3.0248,1,0.9276
"Sub004_ToD_Online","OA","Night",1,"soccerball1_tr.png",44,44,0.172035667,0.178148149,3.4208,149,0.168900352,-0.181123452,"Bckg101.jpg",43,53,67,2,1,1,65,43,86,145,39,43,"soccerball1_tr.png",1,137,137,7.022,1,3.1134,1,1.7184
"Sub004_ToD_Online","OA","Night",1,"suit1_tr.png",235,235,-0.202867157,-0.142049112,4.92,149,0.181123452,-0.168900352,"Bckg52.jpg",262,36,62,2,1,1,43,262,153,255,138,262,"suit1_tr.png",1,493,133,13.5167,1,3.5026,2,1.9899
"Sub004_ToD_Online","OA","Night",1,"telephonebooth1_tr.png",-144,216,-0.145567998,-0.20035716,6.972,149,-0.186907654,-0.162476345,"Bckg107.jpg",214,63,99,3,1,1,87,214,64,281,300,214,"telephonebooth1_tr.png",1,229,229,3.8755,1,2.3921,1,1.0796
"Sub004_ToD_Online","OA","Night",1,"tennisball1_tr.png",378,18,0.076529625,0.235533968,6.2068,149,0.100730392,0.226244164,"Bckg125.jpg",15,31,35,1,1,1,5,15,270,276,311,15,"tennisball1_tr.png",1,384,24,5.0615,1,3.3279,1,1.3853
"Sub004_ToD_Online","OA","Night",1,"toaster1_tr.png",363,3,0.012961265,0.247315667,5.2337,149,-0.162476345,-0.186907654,"Bckg104.jpg",358,119,37,1,1,1,1,358,291,211,356,358,"toaster1_tr.png",1,221,221,11.3842,1,3.1422,1,3.1458
"Sub004_ToD_Online","OA","Night",1,"toothpaste1_tr.png",260,260,-0.243892633,-0.043004852,3.7652,149,-0.241307687,-0.055710269,"Bckg38.jpg",259,1,94,3,1,1,94,259,232,85,230,259,"toothpaste1_tr.png",1,-103,257,7.4686,1,2.0946,1,1.1204
"Sub004_ToD_Online","OA","Night",1,"towels1_tr.png",194,194,-0.059913184,-0.240298656,3.8077,149,-0.181123452,-0.168900352,"Bckg115.jpg",193,37,79,2,1,1,74,193,106,21,53,193,"towels1_tr.png",1,-133,227,9.6955,1,2.665,1,0.9777
"Sub004_ToD_Online","OA","Night",1,"train1_tr.png",115,115,0.224451718,-0.104663555,5.0711,149,0.175118579,-0.175118579,"Bckg61.jpg",127,104,25,1,1,1,6,127,71,191,165,127,"train1_tr.png",1,135,135,6.3471,1,1.9829,1,1.1172
"Sub004_ToD_Online","OA","Night",1,"trophy1_tr.png",68,68,0.229621782,0.092773222,2.8622,149,-0.15918961,0.18971479,"Bckg68.jpg",75,99,104,3,1,1,119,75,66,178,228,75,"trophy1_tr.png",1,-40,320,7.0897,1,1.6489,2,1.3039
"Sub004_ToD_Online","OA","Night",1,"turtle1_tr.png",213,213,-0.134882618,-0.207701018,5.9604,149,-0.15918961,-0.18971479,"Bckg44.jpg",223,61,3,1,1,1,3,223,185,158,305,223,"turtle1_tr.png",1,220,220,7.7499,1,2.3674,1,0.8649
"Sub004_ToD_Online","OA","Night",1,"umbrella1_tr.png",134,134,0.178148149,-0.172035667,2.7141,149,0.184043584,-0.165713587,"Bckg50.jpg",134,101,98,3,1,1,96,134,64,344,85,134,"umbrella1_tr.png",1,492,132,6.4613,1,1.8445,1,0.7373
"Sub004_ToD_Online","OA","Night",1,"valentinesdaycard1_tr.png",334,334,-0.108564837,0.222590902,5.1615,149,-0.080628604,0.234162469,"Bckg111.jpg",338,26,24,1,1,1,11,338,234,203,108,338,"valentinesdaycard1_tr.png",1,-19,341,7.555,1,2.551,1,1.4486
"Sub004_ToD_Online","OA","Night",1,"waterfilter1_tr.png",478,118,0.218666448,-0.116267013,4.9739,149,0.165713587,0.184043584,"Bckg123.jpg",115,56,106,3,1,1,118,115,280,232,286,115,"waterfilter1_tr.png",1,402,42,6.9923,1,2.1672,1,2.0648
"Sub005_ToD_Online","OA","Morning",1,"abacus1_tr.png",301,301,-0.134388849,0.080748967,11.0274,133,-0.155256723,0.021819909,"Bckg135.jpg",299,41,18,1,1,1,15,299,113,108,23,299,"abacus1_tr.png",1,278,278,5.7611,1,1.7837,1,1.817
"Sub005_ToD_Online","OA","Morning",1,"apple1_tr.png",473,113,0.144319071,-0.061259811,3.7047,133,0.140915196,-0.068728933,"Bckg81.jpg",114,62,78,2,1,1,70,114,347,32,264,114,"apple1_tr.png",1,116,116,5.9934,1,1.2656,1,0.5743
"Sub005_ToD_Online","OA","Morning",1,"banana1_tr.png",407,47,0.114663476,0.106925422,9.7437,133,0.123546312,0.096524958,"Bckg93.jpg",44,114,5,1,1,1,2,44,233,78,338,44,"banana1_tr.png",1,52,52,5.3316,1,3.0163,1,0.7772
"Sub005_ToD_Online","OA","Morning",1,"basket1_tr.png",102,102,0.153356446,-0.032596919,4.5862,133,0.155923649,-0.016388236,"Bckg24.jpg",110,8,64,2,1,1,66,110,14,332,96,110,"basket1_tr.png",1,456,96,8.7321,1,2.9407,1,0.7853
"Sub005_ToD_Online","OA","Morning",1,"bathingsuit1_tr.png",299,299,-0.137125082,0.076009674,1.892,133,-0.137125082,0.076009674,"Bckg19.jpg",288,65,34,1,1,1,33,288,311,51,176,288,"bathingsuit1_tr.png",1,-61,299,3.8155,1,1.6,1,0.5506
"Sub005_ToD_Online","OA","Morning",1,"bell1_tr.png",341,341,-0.051043396,0.148240785,9.161,133,-0.032596919,0.153356446,"Bckg36.jpg",349,78,30,1,1,1,18,349,287,282,294,349,"bell1_tr.png",1,348,348,9.3992,1,4.5582,1,0.9048
"Sub005_ToD_Online","OA","Morning",1,"bird1_tr.png",38,38,0.096524958,0.123546312,4.3443,133,0.071177775,0.139694248,"Bckg2.jpg",39,72,87,3,1,1,81,39,118,137,33,39,"bird1_tr.png",1,27,27,7.3054,1,1.8737,1,0.9738
"Sub005_ToD_Online","OA","Morning",1,"bowls1_tr.png",80,80,0.154400641,0.027224999,6.6739,133,0.137125082,0.076009674,"Bckg103.jpg",76,79,54,2,1,1,58,76,238,207,139,76,"bowls1_tr.png",1,61,61,7.4894,1,2.7594,1,1.3732
"Sub005_ToD_Online","OA","Morning",1,"cabinet1_tr.png",379,19,0.051043396,0.148240785,6.54,133,-2.88005e-17,0.15678252,"Bckg13.jpg",355,110,86,3,1,1,104,355,291,250,164,355,"cabinet1_tr.png",1,360,0,4.1387,1,1.6131,1,0.2174
"Sub005_ToD_Online","OA","Morning",1,"christmasstocking1_tr.png",148,148,0.083082078,-0.132959118,8.0112,133,0.087671673,-0.1299786,"Bckg136.jpg",165,50,79,2,1,1,79,165,322,246,121,165,"christmasstocking1_tr.png",1,146,146,6.7656,1,1.4075,1,0.6087
"Sub005_ToD_Online","OA","Morning",1,"coke1_tr.png",-41,319,-0.102858588,0.11832527,5.2552,133,-0.002736232,-0.156758641,"Bckg78.jpg",322,74,74,2,1,1,44,322,31,323,307,322,"coke1_tr.png",1,541,181,10.3699,1,3.5463,2,0.918
"Sub005_ToD_Online","OA","Morning",1,"cookie1_tr.png",198,198,-0.048448463,-0.149109037,6.059,133,-0.013664497,-0.156185915,"Bckg1.jpg",196,109,76,2,1,1,62,196,142,307,242,196,"cookie1_tr.png",1,185,185,12.6065,1,3.2877,1,0.6924
"Sub005_ToD_Online","OA","Morning",1,"cow1_tr.png",344,344,-0.043215119,0.150709031,8.81,133,-0.076009674,0.137125082,"Bckg113.jpg",352,24,98,3,1,1,96,352,172,11,137,352,"cow1_tr.png",1,-29,331,2.1852,1,1.2408,1,0.5411
"Sub005_ToD_Online","OA","Morning",1,"cucumber1_tr.png",424,64,0.140915196,0.068728933,4.2708,133,0.155923649,0.016388236,"Bckg92.jpg",82,87,38,1,1,1,25,82,286,332,303,82,"cucumber1_tr.png",1,444,84,4.1579,1,2.7762,1,0.9961
"Sub005_ToD_Online","OA","Morning",1,"dog1_tr.png",158,158,0.058731766,-0.145366221,3.6432,133,0.104907983,-0.116512118,"Bckg23.jpg",167,111,109,3,1,1,87,167,16,26,214,167,"dog1_tr.png",1,138,138,3.8648,1,2.0013,1,0.3709
"Sub005_ToD_Online","OA","Morning",1,"fantacan1_tr.png",134,134,0.112779907,-0.10891029,4.1168,133,0.116512118,-0.104907983,"Bckg86.jpg",126,84,67,2,1,1,75,126,32,278,53,126,"fantacan1_tr.png",1,132,132,4.7288,1,1.3094,1,1.7429
"Sub005_ToD_Online","OA","Morning",1,"goggle1_tr.png",29,29,0.076009674,0.137125082,7.2297,133,0.096524958,0.123546312,"Bckg120.jpg",25,96,81,3,1,1,114,25,157,292,131,25,"goggle1_tr.png",1,398,38,4.0711,1,1.5222,1,0.5514
"Sub005_ToD_Online","OA","Morning",1,"hammer1_tr.png",235,235,-0.128428722,-0.089926759,8.716,133,-0.106925422,-0.114663476,"Bckg138.jpg",237,118,3,1,1,1,26,237,139,321,245,237,"hammer1_tr.png",1,223,223,4.4867,1,1.1816,1,1.1179
"Sub005_ToD_Online","OA","Morning",1,"highheel1_tr.png",130,130,0.120102378,-0.100777861,6.1734,133,0.140915196,-0.068728933,"Bckg57.jpg",128,77,84,3,1,1,99,128,108,34,194,128,"highheel1_tr.png",1,116,116,4.2541,1,1.2826,1,0.4008
"Sub005_ToD_Online","OA","Morning",1,"hotdog1_tr.png",505,145,0.089926759,-0.128428722,7.7046,133,0.148240785,-0.051043396,"Bckg126.jpg",152,42,115,3,1,1,92,152,327,275,320,152,"hotdog1_tr.png",1,109,109,9.2964,1,1.7843,1,0.302
"Sub005_ToD_Online","OA","Morning",1,"kite1_tr.png",181,181,-0.002736232,-0.156758641,5.6179,133,0.110861983,-0.110861983,"Bckg128.jpg",181,115,24,1,1,1,21,181,59,221,177,181,"kite1_tr.png",1,135,135,4.6194,1,4.1566,1,1.5106
"Sub005_ToD_Online","OA","Morning",1,"lei1_tr.png",50,50,0.120102378,0.100777861,5.2813,133,0.104907983,0.116512118,"Bckg119.jpg",49,5,21,1,1,1,1,49,174,32,226,49,"lei1_tr.png",1,42,42,3.7006,1,1.595,1,0.4505
"Sub005_ToD_Online","OA","Morning",1,"lipstick1_tr.png",100,100,0.154400641,-0.027224999,7.758,133,0.156185915,-0.013664497,"Bckg22.jpg",106,22,29,1,1,1,34,106,284,129,228,106,"lipstick1_tr.png",1,95,95,2.3424,1,1.7674,1,1.5188
"Sub005_ToD_Online","OA","Morning",1,"loaf1_tr.png",457,97,0.155613887,-0.019106983,3.1564,133,0.147327377,-0.05362278,"Bckg90.jpg",101,25,63,2,1,1,69,101,357,138,325,101,"loaf1_tr.png",1,110,110,3.0752,1,3.458,1,0.5426
"Sub005_ToD_Online","OA","Morning",1,"motorcycle1_tr.png",256,256,-0.152125409,-0.037929124,5.2211,133,-0.156758641,0.002736232,"Bckg100.jpg",260,4,114,3,1,1,84,260,342,17,98,260,"motorcycle1_tr.png",1,-89,271,4.1483,1,1.8621,1,0.7082
"Sub005_ToD_Online","OA","Morning",1,"mouthwash1_tr.png",-11,349,-0.029915515,0.153901984,3.7386,133,-0.016388236,0.155923649,"Bckg109.jpg",352,100,93,3,1,1,108,352,115,250,226,352,"mouthwash1_tr.png",1,354,354,3.7154,1,2.6518,1,0.3954
"Sub005_ToD_Online","OA","Morning",1,"oven1_tr.png",131,131,0.11832527,-0.102858588,8.2664,133,0.134388849,-0.080748967,"Bckg55.jpg",111,9,65,2,1,1,55,111,305,27,70,111,"oven1_tr.png",1,121,121,4.914,1,5.1556,1,0.722
"Sub005_ToD_Online","OA","Morning",1,"pan1_tr.png",131,131,0.11832527,-0.102858588,10.5002,133,0.150709031,-0.043215119,"Bckg58.jpg",133,116,7,1,1,1,16,133,89,30,229,133,"pan1_tr.png",1,106,106,7.1881,1,2.5586,1,0.5875
"Sub005_ToD_Online","OA","Morning",1,"penguin1_tr.png",419,59,0.134388849,0.080748967,3.7045,133,0.149109037,0.048448463,"Bckg114.jpg",71,7,103,3,1,1,107,71,333,350,66,71,"penguin1_tr.png",1,432,72,3.4359,1,2.6058,1,0.3182
"Sub005_ToD_Online","OA","Morning",1,"pickle1_tr.png",137,137,0.106925422,-0.114663476,8.1639,133,0.123546312,-0.096524958,"Bckg66.jpg",150,83,73,2,1,1,51,150,65,78,256,150,"pickle1_tr.png",1,128,128,3.8039,1,2.5056,1,1.9531
"Sub005_ToD_Online","OA","Morning",1,"pin1_tr.png",310,310,-0.120102378,0.100777861,7.8918,133,-0.15678252,1.92003e-17,"Bckg59.jpg",300,82,23,1,1,1,4,300,260,88,40,300,"pin1_tr.png",1,-90,270,5.7107,1,3.6764,1,1.1975
"Sub005_ToD_Online","OA","Morning",1,"popcorn1_tr.png",141,141,0.098666437,-0.121842902,4.9733,133,0.100777861,-0.120102378,"Bckg76.jpg",144,15,88,3,1,1,120,144,211,30,310,144,"popcorn1_tr.png",1,140,140,4.0376,1,1.4781,1,0.3511
"Sub005_ToD_Online","OA","Morning",1,"qtips1_tr.png",167,167,0.035268393,-0.152764194,3.4027,133,0.019106983,-0.155613887,"Bckg129.jpg",171,92,111,3,1,1,116,171,235,155,124,171,"qtips1_tr.png",1,173,173,5.2752,1,2.58,1,0.6516
"Sub005_ToD_Online","OA","Morning",1,"ricecooker1_tr.png",22,22,0.058731766,0.145366221,6.1626,133,0.040578302,0.151440285,"Bckg102.jpg",14,19,62,2,1,1,76,14,178,267,92,14,"ricecooker1_tr.png",1,375,15,5.9737,1,2.6851,1,0.8172
"Sub005_ToD_Online","OA","Morning",1,"rollingpin1_tr.png",224,224,-0.10891029,-0.112779907,4.8993,133,-0.100777861,-0.120102378,"Bckg69.jpg",228,89,49,2,1,1,73,228,12,120,126,228,"rollingpin1_tr.png",1,220,220,4.8145,1,3.4441,1,0.6019
"Sub005_ToD_Online","OA","Morning",1,"scrabble1_tr.png",16,16,0.043215119,0.150709031,7.5797,133,0.043215119,0.150709031,"Bckg91.jpg",15,39,70,2,1,1,78,15,152,156,110,15,"scrabble1_tr.png",1,16,16,4.2703,1,1.4501,1,0.6389
"Sub005_ToD_Online","OA","Morning",1,"seashell1_tr.png",222,222,-0.104907983,-0.116512118,5.133,133,-0.07839126,-0.135777645,"Bckg8.jpg",205,13,71,2,1,1,45,205,224,134,59,205,"seashell1_tr.png",1,210,210,7.3706,1,3.705,2,1.9515
"Sub005_ToD_Online","OA","Morning",1,"skippingrope1_tr.png",59,59,0.134388849,0.080748967,6.1723,133,0.142093219,0.066259156,"Bckg7.jpg",60,45,50,2,1,1,46,60,87,213,277,60,"skippingrope1_tr.png",1,65,65,8.2712,1,4.2096,1,0.4536
"Sub005_ToD_Online","OA","Morning",1,"slide1_tr.png",54,54,0.126839723,0.092154453,5.9312,133,0.128428722,0.089926759,"Bckg94.jpg",44,44,118,3,1,1,110,44,4,217,28,44,"slide1_tr.png",1,415,55,6.6558,1,2.8513,1,1.0867
"Sub005_ToD_Online","OA","Morning",1,"soccerball1_tr.png",46,46,0.112779907,0.10891029,7.4995,133,0.121842902,0.098666437,"Bckg101.jpg",43,53,28,1,1,1,13,43,86,145,39,43,"soccerball1_tr.png",1,51,51,5.6069,1,1.3906,1,0.8733
"Sub005_ToD_Online","OA","Morning",1,"spoon1_tr.png",143,143,0.094354076,-0.125212088,4.9226,133,0.076009674,-0.137125082,"Bckg67.jpg",161,10,104,3,1,1,88,161,301,195,183,161,"spoon1_tr.png",1,151,151,8.6426,1,3.2467,2,2.2272
"Sub005_ToD_Online","OA","Morning",1,"starfish1_tr.png",77,77,0.152764194,0.035268393,4.2233,133,0.14993187,0.045838773,"Bckg106.jpg",77,54,112,3,1,1,102,77,197,61,78,77,"starfish1_tr.png",1,73,73,3.1955,1,1.696,1,0.4673
"Sub005_ToD_Online","OA","Morning",1,"steeringwheel1_tr.png",230,230,-0.120102378,-0.100777861,5.6073,133,-0.125212088,-0.094354076,"Bckg62.jpg",229,90,47,2,1,1,60,229,132,225,181,229,"steeringwheel1_tr.png",1,233,233,6.6231,1,2.8887,2,1.2926
"Sub005_ToD_Online","OA","Morning",1,"stoplights1_tr.png",216,216,-0.092154453,-0.126839723,6.6596,133,-0.068728933,-0.140915196,"Bckg53.jpg",219,60,42,2,1,1,54,219,214,124,240,219,"stoplights1_tr.png",1,206,206,5.3647,1,1.9217,1,0.4901
"Sub005_ToD_Online","OA","Morning",1,"telephonebooth1_tr.png",222,222,-0.104907983,-0.116512118,7.5414,133,-0.125212088,-0.094354076,"Bckg107.jpg",214,63,26,1,1,1,10,214,64,281,300,214,"telephonebooth1_tr.png",1,233,233,2.6539,1,3.2497,1,1.0257
"Sub005_ToD_Online","OA","Morning",1,"toothpaste1_tr.png",262,262,-0.155256723,-0.021819909,5.2231,133,-0.146369092,-0.05618583,"Bckg38.jpg",259,1,96,3,1,1,118,259,232,85,230,259,"toothpaste1_tr.png",1,249,249,5.3054,1,1.3183,1,0.4155
"Sub005_ToD_Online","OA","Morning",1,"towels1_tr.png",196,196,-0.043215119,-0.150709031,2.8451,133,-0.05618583,-0.146369092,"Bckg115.jpg",193,37,37,1,1,1,39,193,106,21,53,193,"towels1_tr.png",1,201,201,7.458,1,1.5882,1,0.9046
"Sub005_ToD_Online","OA","Morning",1,"tractor1_tr.png",-40,320,-0.100777861,0.120102378,7.8316,133,-0.1299786,0.087671673,"Bckg63.jpg",316,86,11,1,1,1,36,316,132,20,87,316,"tractor1_tr.png",1,-56,304,2.6503,1,3.6502,1,1.0476
"Sub005_ToD_Online","OA","Morning",1,"train1_tr.png",111,111,0.146369092,-0.05618583,7.6596,133,0.154852267,-0.02452619,"Bckg61.jpg",127,104,61,2,1,1,59,127,71,191,165,127,"train1_tr.png",1,99,99,7.131,1,2.5659,1,0.494
"Sub005_ToD_Online","OA","Morning",1,"trophy1_tr.png",88,88,0.156687012,0.005471631,2.8699,133,0.155923649,0.016388236,"Bckg68.jpg",75,99,82,3,1,1,93,75,66,178,228,75,"trophy1_tr.png",1,84,84,5.2218,1,2.467,1,0.8381
"Sub005_ToD_Online","OA","Morning",1,"trumpet1_tr.png",359,359,-0.002736232,0.156758641,4.638,133,0.002736232,0.156758641,"Bckg130.jpg",355,58,40,1,1,1,38,355,313,133,32,355,"trumpet1_tr.png",1,1,1,4.8039,1,2.1545,1,1.5428
"Sub005_ToD_Online","OA","Morning",1,"turtle1_tr.png",217,217,-0.094354076,-0.125212088,6.0407,133,-0.096524958,-0.123546312,"Bckg44.jpg",223,61,48,2,1,1,49,223,185,158,305,223,"turtle1_tr.png",1,218,218,3.4099,1,1.6153,1,1.0523
"Sub005_ToD_Online","OA","Morning",1,"vacuum1_tr.png",481,121,0.134388849,-0.080748967,7.3435,133,0.092154453,-0.126839723,"Bckg60.jpg",108,97,97,3,1,1,97,108,327,356,335,108,"vacuum1_tr.png",1,504,144,11.2002,1,3.0286,2,1.6379
"Sub005_ToD_Online","OA","Morning",1,"vegeplatter1_tr.png",222,222,-0.104907983,-0.116512118,6.2666,133,-0.045838773,-0.14993187,"Bckg70.jpg",246,30,36,1,1,1,30,246,122,321,75,246,"vegeplatter1_tr.png",1,557,197,8.7021,1,2.0341,1,1.1786
"Sub005_ToD_Online","OA","Morning",1,"wagon1_tr.png",89,89,0.156758641,0.002736232,2.3806,133,0.155256723,0.021819909,"Bckg47.jpg",95,38,12,1,1,1,6,95,87,36,143,95,"wagon1_tr.png",1,82,82,5.8299,1,1.4481,1,0.9285
"Sub005_ToD_Online","OA","Morning",1,"wisk1_tr.png",304,304,-0.1299786,0.087671673,5.0718,133,-0.131488885,0.08538988,"Bckg95.jpg",315,23,117,3,1,1,86,315,150,163,135,315,"wisk1_tr.png",1,303,303,8.5282,1,2.3098,1,0.723
"Sub005_ToD_Online","OA","Morning",1,"wreath1_tr.png",223,223,-0.106925422,-0.114663476,5.0223,133,-0.114663476,-0.106925422,"Bckg71.jpg",229,98,90,3,1,1,90,229,357,97,101,229,"wreath1_tr.png",1,227,227,4.6394,1,1.2494,1,0.3466
"Sub006_ToD_Online","OA","Morning",1,"abacus1_tr.png",-65,295,-0.217307367,0.101332089,4.9686,269,NA,NA,"Bckg135.jpg",299,41,117,3,1,1,83,299,113,108,23,299,"abacus1_tr.png",1,108,108,1.149,1,2.9957,2,0.72
"Sub006_ToD_Online","OA","Morning",1,"airfreshener1_tr.png",8,8,0.033369834,0.237438704,4.1919,269,NA,NA,"Bckg42.jpg",2,91,25,1,1,1,25,2,156,345,88,2,"airfreshener1_tr.png",1,345,345,3.2812,1,4.5262,2,1.1514
"Sub006_ToD_Online","OA","Morning",1,"banana1_tr.png",407,47,0.175358249,0.163524213,4.6075,269,NA,NA,"Bckg93.jpg",44,114,60,2,1,1,78,44,233,78,338,44,"banana1_tr.png",1,78,78,0.9049,1,2.1399,2,0.5919
"Sub006_ToD_Online","OA","Morning",1,"bandaid1_tr.png",259,259,-0.23536686,-0.045750683,4.2172,269,-0.238859745,-0.02089752,"Bckg45.jpg",246,107,64,2,1,1,77,246,143,243,11,246,"bandaid1_tr.png",1,265,265,3.0119,1,1.5429,1,0.5845
"Sub006_ToD_Online","OA","Morning",1,"bbqmachine1_tr.png",199,199,-0.078062176,-0.226709022,3.8481,269,-0.127059881,-0.203338315,"Bckg48.jpg",172,40,96,3,1,1,99,172,331,332,338,172,"bbqmachine1_tr.png",1,212,212,5.6043,1,1.2889,1,0.5441
"Sub006_ToD_Online","OA","Morning",1,"bed1_tr.png",226,226,-0.172477651,-0.166559731,8.1208,269,NA,NA,"Bckg77.jpg",245,120,46,2,1,1,41,245,138,143,160,245,"bed1_tr.png",1,143,143,2.6757,1,1.3944,2,1.0706
"Sub006_ToD_Online","OA","Morning",1,"bell1_tr.png",343,343,-0.070102592,0.229295247,2.8835,269,NA,NA,"Bckg36.jpg",349,78,82,3,1,1,119,349,287,282,294,349,"bell1_tr.png",1,282,282,0.7335,1,1.1942,2,0.7963
"Sub006_ToD_Online","OA","Morning",1,"binder1_tr.png",450,90,0.23977215,5.87272e-17,6.9728,269,0.193979744,-0.140934534,"Bckg82.jpg",91,21,24,1,1,1,2,91,236,320,312,91,"binder1_tr.png",1,486,126,8.982,1,1.6861,1,2.771
"Sub006_ToD_Online","OA","Morning",1,"bowlingpin1_tr.png",303,303,-0.201089845,0.130589272,4.0964,269,NA,NA,"Bckg34.jpg",301,48,71,2,1,1,65,301,219,51,324,301,"bowlingpin1_tr.png",1,51,51,0.8742,1,2.6398,2,0.8507
"Sub006_ToD_Online","OA","Morning",1,"breakfast1_tr.png",300,300,-0.207648773,0.119886075,6.1151,269,-0.217307367,0.101332089,"Bckg89.jpg",300,3,10,1,1,1,16,300,348,149,173,300,"breakfast1_tr.png",1,295,295,4.6375,1,3.8247,1,0.7485
"Sub006_ToD_Online","OA","Morning",1,"clock1_tr.png",132,132,0.178185433,-0.160438884,2.6772,269,NA,NA,"Bckg137.jpg",133,76,78,2,1,1,75,133,128,1,280,133,"clock1_tr.png",1,1,1,0.8787,1,2.4377,2,0.745
"Sub006_ToD_Online","OA","Morning",1,"coke1_tr.png",-33,327,-0.130589272,0.201089845,2.7577,269,NA,NA,"Bckg78.jpg",322,74,85,3,1,1,105,322,31,323,307,322,"coke1_tr.png",1,323,323,2.0434,1,1.9445,1,0.6607
"Sub006_ToD_Online","OA","Morning",1,"cucumber1_tr.png",76,76,0.232649892,0.058006133,5.0118,269,0.219042759,0.097524119,"Bckg92.jpg",82,87,27,1,1,1,34,82,286,332,303,82,"cucumber1_tr.png",1,426,66,6.507,1,1.9894,1,2.386
"Sub006_ToD_Online","OA","Morning",1,"goggle1_tr.png",29,29,0.116243845,0.209709448,4.2812,269,NA,NA,"Bckg120.jpg",25,96,44,2,1,1,70,25,157,292,131,25,"goggle1_tr.png",1,292,292,1.1889,1,2.3469,2,1.8247
"Sub006_ToD_Online","OA","Morning",1,"hairdryer1_tr.png",64,64,0.215505781,0.105109192,1.7161,269,NA,NA,"Bckg79.jpg",63,73,89,3,1,1,113,63,52,27,90,63,"hairdryer1_tr.png",1,27,27,1.0423,1,1.385,2,0.5903
"Sub006_ToD_Online","OA","Morning",1,"handsoap1_tr.png",432,72,0.228036866,0.074093669,2.8928,269,NA,NA,"Bckg73.jpg",74,57,108,3,1,1,116,74,352,41,5,74,"handsoap1_tr.png",1,41,41,1.3698,1,2.4043,1,0.7418
"Sub006_ToD_Online","OA","Morning",1,"highheel1_tr.png",112,112,0.222312866,-0.089820228,3.0707,269,NA,NA,"Bckg57.jpg",128,77,119,3,1,1,102,128,108,34,194,128,"highheel1_tr.png",1,34,34,1.1152,1,2.6517,2,0.7958
"Sub006_ToD_Online","OA","Morning",1,"jackolantern1_tr.png",49,49,0.180958339,0.157304684,4.0883,269,0.188943033,0.147618476,"Bckg21.jpg",51,93,107,3,1,1,84,51,161,66,118,51,"jackolantern1_tr.png",1,52,52,3.7112,1,2.0254,1,0.6948
"Sub006_ToD_Online","OA","Morning",1,"kite1_tr.png",185,185,-0.02089752,-0.238859745,5.2609,269,NA,NA,"Bckg128.jpg",181,115,40,1,1,1,5,181,59,221,177,181,"kite1_tr.png",1,221,221,1.4456,1,2.3357,2,1.4863
"Sub006_ToD_Online","OA","Morning",1,"mouthwash1_tr.png",-19,341,-0.078062176,0.226709022,5.5588,269,-0.01672566,0.239188077,"Bckg109.jpg",352,100,47,2,1,1,50,352,115,250,226,352,"mouthwash1_tr.png",1,356,356,5.4552,1,1.6457,1,0.6803
"Sub006_ToD_Online","OA","Morning",1,"partyhats1_tr.png",47,47,0.175358249,0.163524213,4.5881,269,0.108854278,0.21363855,"Bckg110.jpg",52,18,116,3,1,1,92,52,175,231,196,52,"partyhats1_tr.png",1,27,27,5.3373,1,2.0795,1,0.5162
"Sub006_ToD_Online","OA","Morning",1,"pin1_tr.png",268,268,-0.239626087,-0.008367927,1.9762,269,-0.166559731,0.172477651,"Bckg59.jpg",300,82,74,2,1,1,79,300,260,88,40,300,"pin1_tr.png",1,-44,316,5.096,1,2.1939,1,1.1635
"Sub006_ToD_Online","OA","Morning",1,"ricecooker1_tr.png",378,18,0.074093669,0.228036866,5.1539,269,NA,NA,"Bckg102.jpg",14,19,97,3,1,1,96,14,178,267,92,14,"ricecooker1_tr.png",1,267,267,0.7996,1,1.6896,2,0.754
"Sub006_ToD_Online","OA","Morning",1,"scrabble1_tr.png",12,12,0.049851433,0.234532553,3.7982,269,0.082006905,0.22531212,"Bckg91.jpg",15,39,43,2,1,1,69,15,152,156,110,15,"scrabble1_tr.png",1,20,20,5.4086,1,1.9807,1,0.5243
"Sub006_ToD_Online","OA","Morning",1,"steeringwheel1_tr.png",-152,208,-0.112566206,-0.211706243,7.2419,269,NA,NA,"Bckg62.jpg",229,90,68,2,1,1,66,229,132,225,181,229,"steeringwheel1_tr.png",1,225,225,0.778,1,2.8563,2,1.1435
"Sub006_ToD_Online","OA","Morning",1,"stoplights1_tr.png",222,222,-0.160438884,-0.178185433,1.9985,269,-0.097524119,-0.219042759,"Bckg53.jpg",219,60,59,2,1,1,71,219,214,124,240,219,"stoplights1_tr.png",1,204,204,4.9043,1,2.7459,1,0.6976
"Sub006_ToD_Online","OA","Morning",1,"train1_tr.png",129,129,0.186337958,-0.150893503,2.6535,269,0.137527655,-0.196409847,"Bckg61.jpg",127,104,42,2,1,1,61,127,71,191,165,127,"train1_tr.png",1,145,145,4.6741,1,2.2005,1,2.0631
"Sub006_ToD_Online","OA","Morning",1,"trumpet1_tr.png",355,355,-0.02089752,0.238859745,2.4126,269,-0.045750683,0.23536686,"Bckg130.jpg",355,58,95,3,1,1,108,355,313,133,32,355,"trumpet1_tr.png",1,-11,349,4.8301,1,1.4476,1,0.5659
"Sub006_ToD_Online","OA","Morning",1,"vacuum1_tr.png",471,111,0.223846586,-0.085926654,4.0471,269,NA,NA,"Bckg60.jpg",108,97,36,1,1,1,24,108,327,356,335,108,"vacuum1_tr.png",1,356,356,1.5911,1,2.3993,1,1.0208
"Sub007_ToD_Online","OA","Morning",1,"bathingsuit1_tr.png",295,295,-0.200835667,0.093651209,5.1528,143,0.139455913,0.172213711,"Bckg19.jpg",288,65,51,2,1,1,73,288,311,51,176,288,"bathingsuit1_tr.png",1,39,39,3.719,1,1.4908,1,1.0704
"Sub007_ToD_Online","OA","Morning",1,"bed1_tr.png",152,152,0.10403379,-0.195659103,4.4042,143,NA,NA,"Bckg77.jpg",245,120,46,2,1,1,66,245,138,143,160,245,"bed1_tr.png",1,143,143,1.5282,1,1.5004,2,1.068
"Sub007_ToD_Online","OA","Morning",1,"bell1_tr.png",315,315,-0.156693194,0.156693194,8.1625,143,-0.075790857,0.208233667,"Bckg36.jpg",349,78,43,2,1,1,65,349,287,282,294,349,"bell1_tr.png",1,340,340,15.9045,1,2.6033,1,1.0924
"Sub007_ToD_Online","OA","Morning",1,"bike1_tr.png",137,137,0.151129227,-0.162066254,19.6625,143,NA,NA,"Bckg39.jpg",135,2,47,2,1,1,49,135,209,107,240,135,"bike1_tr.png",1,107,107,1.5209,1,2.5639,2,1.1684
"Sub007_ToD_Online","OA","Morning",1,"bird1_tr.png",48,48,0.16467914,0.148277763,19.0977,143,NA,NA,"Bckg2.jpg",39,72,91,3,1,1,95,39,118,137,33,39,"bird1_tr.png",1,137,137,1.0344,1,2.5184,2,1.0537
"Sub007_ToD_Online","OA","Morning",1,"boxinggloves1_tr.png",297,297,-0.197444943,0.100603223,36.3347,143,0.218869405,-0.034665508,"Bckg131.jpg",276,95,31,1,1,1,27,276,159,125,149,276,"boxinggloves1_tr.png",1,99,99,9.3864,1,0.521,2,0.0138
"Sub007_ToD_Online","OA","Morning",1,"cabinet1_tr.png",355,355,-0.019313507,0.220754394,18.2089,143,NA,NA,"Bckg13.jpg",355,110,11,1,1,1,17,355,291,250,164,355,"cabinet1_tr.png",1,250,250,3.08,1,1.4966,2,0.5606
"Sub007_ToD_Online","OA","Morning",1,"christmasstocking1_tr.png",316,316,-0.153934655,0.159404002,1.6182,143,-0.208233667,-0.075790857,"Bckg136.jpg",165,50,52,2,1,1,78,165,322,246,121,165,"christmasstocking1_tr.png",1,250,250,1.5146,1,1.9764,1,1.0706
"Sub007_ToD_Online","OA","Morning",1,"clock1_tr.png",130,130,0.169753641,-0.142440217,7.2329,143,NA,NA,"Bckg137.jpg",133,76,32,1,1,1,29,133,128,1,280,133,"clock1_tr.png",1,1,1,1.5092,1,2.5971,2,1.068
"Sub007_ToD_Online","OA","Morning",1,"crayon1_tr.png",272,272,-0.221462649,0.007733646,15.3637,143,-0.205461754,-0.083011937,"Bckg87.jpg",267,33,13,1,1,1,18,267,220,22,283,267,"crayon1_tr.png",1,-112,248,36.8434,1,2.482,1,0.0133
"Sub007_ToD_Online","OA","Morning",1,"dog1_tr.png",160,160,0.075790857,-0.208233667,38.3326,143,0.159404002,0.153934655,"Bckg23.jpg",167,111,77,2,1,1,52,167,16,26,214,167,"dog1_tr.png",1,46,46,5.8659,1,1.9828,2,2.2119
"Sub007_ToD_Online","OA","Morning",1,"encyclopedia1_tr.png",287,287,-0.211914877,0.06478888,36.3508,143,0.205461754,-0.083011937,"Bckg72.jpg",286,11,66,2,1,1,54,286,151,110,236,286,"encyclopedia1_tr.png",1,112,112,3.1211,1,1.5679,2,0.6451
"Sub007_ToD_Online","OA","Morning",1,"fireextinguisher1_tr.png",306,306,-0.179276257,0.130251825,25.8937,143,0.208233667,-0.075790857,"Bckg88.jpg",294,85,56,2,1,1,48,294,212,94,215,294,"fireextinguisher1_tr.png",1,110,110,4.5941,1,1.9818,2,0.0147
"Sub007_ToD_Online","OA","Morning",1,"goggle1_tr.png",47,47,0.162066254,0.151129227,30.9168,143,0.174621323,0.13642913,"Bckg120.jpg",25,96,18,1,1,1,10,25,157,292,131,25,"goggle1_tr.png",1,412,52,32.0901,1,1.9956,1,1.0704
"Sub007_ToD_Online","OA","Morning",1,"hairdryer1_tr.png",56,56,0.18371277,0.123915828,3.9952,143,0.221293948,-0.011597524,"Bckg79.jpg",63,73,15,1,1,1,40,63,52,27,90,63,"hairdryer1_tr.png",1,93,93,21.7214,1,2.4727,1,1.145
"Sub007_ToD_Online","OA","Morning",1,"handsoap1_tr.png",356,356,-0.01545787,0.221057839,1.0522,143,NA,NA,"Bckg73.jpg",74,57,84,3,1,1,117,74,352,41,5,74,"handsoap1_tr.png",1,41,41,1.0306,1,3.0095,2,0.5613
"Sub007_ToD_Online","OA","Morning",1,"hat1_tr.png",239,239,-0.189946251,-0.114131222,6.3595,143,-0.130251825,0.179276257,"Bckg133.jpg",235,68,1,1,1,1,6,235,251,330,13,235,"hat1_tr.png",1,324,324,2.0364,1,2.5128,2,1.061
"Sub007_ToD_Online","OA","Morning",1,"highheel1_tr.png",124,124,0.18371277,-0.123915828,8.0669,143,0.195659103,-0.10403379,"Bckg57.jpg",128,77,28,1,1,1,1,128,108,34,194,128,"highheel1_tr.png",1,118,118,23.4827,1,1.9774,1,0.0145
"Sub007_ToD_Online","OA","Morning",1,"iceskates1_tr.png",194,194,-0.053609321,-0.215015243,28.1075,143,0.114131222,-0.189946251,"Bckg27.jpg",186,64,68,2,1,1,61,186,280,131,293,186,"iceskates1_tr.png",1,149,149,5.1573,1,1.4935,2,0.0134
"Sub007_ToD_Online","OA","Morning",1,"jackolantern1_tr.png",103,103,0.215918107,-0.049848623,15.7377,143,0.179276257,0.130251825,"Bckg21.jpg",51,93,106,3,1,1,85,51,161,66,118,51,"jackolantern1_tr.png",1,54,54,7.5599,1,1.517,1,0.0138
"Sub007_ToD_Online","OA","Morning",1,"jellybeans1_tr.png",229,229,-0.167241862,-0.145381133,32.0818,143,0.202439517,-0.09013188,"Bckg46.jpg",235,49,70,2,1,1,41,235,347,110,157,235,"jellybeans1_tr.png",1,114,114,3.9992,1,4.5238,1,1.6765
"Sub007_ToD_Online","OA","Morning",1,"kite1_tr.png",69,69,0.206879219,0.079413492,3.0885,143,-0.049848623,-0.215918107,"Bckg128.jpg",181,115,78,2,1,1,77,181,59,221,177,181,"kite1_tr.png",1,193,193,11.1523,1,1.4987,1,0.546
"Sub007_ToD_Online","OA","Morning",1,"lipstick1_tr.png",280,280,-0.218231074,0.038480026,1.5881,143,0.167241862,-0.145381133,"Bckg22.jpg",106,22,82,3,1,1,97,106,284,129,228,106,"lipstick1_tr.png",1,131,131,2.1033,1,2.0862,2,0.5547
"Sub007_ToD_Online","OA","Morning",1,"loaf1_tr.png",467,107,0.211914877,-0.06478888,30.2432,143,NA,NA,"Bckg90.jpg",101,25,6,1,1,1,14,101,357,138,325,101,"loaf1_tr.png",1,138,138,1.5133,1,2.5576,1,0.553
"Sub007_ToD_Online","OA","Morning",1,"mouthwash1_tr.png",117,117,0.197444943,-0.100603223,3.1229,143,-0.213013323,-0.061080588,"Bckg109.jpg",352,100,71,2,1,1,70,352,115,250,226,352,"mouthwash1_tr.png",1,254,254,2.5191,1,1.5053,2,0.5313
"Sub007_ToD_Online","OA","Morning",1,"partyhats1_tr.png",41,41,0.145381133,0.167241862,37.0229,143,0.189946251,0.114131222,"Bckg110.jpg",52,18,21,1,1,1,36,52,175,231,196,52,"partyhats1_tr.png",1,59,59,46.5646,1,2.4751,1,1.6095
"Sub007_ToD_Online","OA","Morning",1,"penguin1_tr.png",433,73,0.211914877,0.06478888,26.8748,143,0.21075188,-0.068477437,"Bckg114.jpg",71,7,8,1,1,1,15,71,333,350,66,71,"penguin1_tr.png",1,468,108,34.1138,1,2.5446,2,2.8106
"Sub007_ToD_Online","OA","Morning",1,"pickle1_tr.png",113,113,0.203981703,-0.086585096,13.2536,143,NA,NA,"Bckg66.jpg",150,83,99,3,1,1,104,150,65,78,256,150,"pickle1_tr.png",1,78,78,1.0089,1,1.999,2,0.5528
"Sub007_ToD_Online","OA","Morning",1,"pizza1_tr.png",27,27,0.100603223,0.197444943,34.7199,143,-0.162066254,0.151129227,"Bckg83.jpg",31,80,17,1,1,1,28,31,153,237,175,31,"pizza1_tr.png",1,313,313,21.3544,1,2.0878,2,1.0703
"Sub007_ToD_Online","OA","Morning",1,"plant1_tr.png",227,227,-0.162066254,-0.151129227,9.6815,143,-0.18152216,-0.127103185,"Bckg116.jpg",229,75,64,2,1,1,58,229,191,233,122,229,"plant1_tr.png",1,235,235,2.6127,1,1.5798,1,1.0729
"Sub007_ToD_Online","OA","Morning",1,"podium1_tr.png",15,15,0.05735369,0.214046884,15.5665,143,-0.18371277,0.123915828,"Bckg75.jpg",356,113,67,2,1,1,75,356,73,322,182,356,"podium1_tr.png",1,304,304,5.1068,1,1.9722,1,0.6392
"Sub007_ToD_Online","OA","Morning",1,"scrabble1_tr.png",150,150,0.11079882,-0.191909186,1.0359,143,NA,NA,"Bckg91.jpg",15,39,98,3,1,1,105,15,152,156,110,15,"scrabble1_tr.png",1,156,156,1.0098,1,2.0674,2,0.5342
"Sub007_ToD_Online","OA","Morning",1,"skippingrope1_tr.png",57,57,0.185847419,0.120690725,8.2752,143,0.220754394,-0.019313507,"Bckg7.jpg",60,45,5,1,1,1,19,60,87,213,277,60,"skippingrope1_tr.png",1,95,95,34.5892,1,1.503,1,1.0656
"Sub007_ToD_Online","OA","Morning",1,"starfish1_tr.png",189,189,-0.034665508,-0.218869405,2.5397,143,NA,NA,"Bckg106.jpg",77,54,113,3,1,1,114,77,197,61,78,77,"starfish1_tr.png",1,61,61,1.0127,1,1.4825,2,0.6244
"Sub007_ToD_Online","OA","Morning",1,"steeringwheel1_tr.png",242,242,-0.195659103,-0.10403379,29.3392,143,NA,NA,"Bckg62.jpg",229,90,34,1,1,1,23,229,132,225,181,229,"steeringwheel1_tr.png",1,225,225,1.5303,1,1.9803,1,1.2439
"Sub007_ToD_Online","OA","Morning",1,"stoplights1_tr.png",222,222,-0.148277763,-0.16467914,3.1282,143,0.179276257,-0.130251825,"Bckg53.jpg",219,60,88,3,1,1,82,219,214,124,240,219,"stoplights1_tr.png",1,126,126,2.5182,1,1.4968,2,0.0139
"Sub007_ToD_Online","OA","Morning",1,"streamer1_tr.png",81,81,0.218869405,0.034665508,3.1391,143,-0.19917064,0.097142012,"Bckg4.jpg",338,35,75,2,1,1,79,338,69,290,195,338,"streamer1_tr.png",1,296,296,2.687,1,1.9962,2,0.5843
"Sub007_ToD_Online","OA","Morning",1,"suit1_tr.png",235,235,-0.18152216,-0.127103185,21.8165,143,-0.189946251,-0.114131222,"Bckg52.jpg",262,36,25,1,1,1,22,262,153,255,138,262,"suit1_tr.png",1,239,239,4.7438,1,1.5743,1,0.5478
"Sub007_ToD_Online","OA","Morning",1,"sunglasses1_tr.png",283,283,-0.215918107,0.049848623,1.0663,143,0.197444943,0.100603223,"Bckg11.jpg",27,29,115,3,1,1,118,27,287,111,147,27,"sunglasses1_tr.png",1,63,63,16.2917,1,1.487,1,0.5337
"Sub007_ToD_Online","OA","Morning",1,"tissuebox1_tr.png",3,3,0.011597524,0.221293948,24.4358,143,NA,NA,"Bckg98.jpg",1,12,29,1,1,1,33,1,95,272,311,1,"tissuebox1_tr.png",1,272,272,1.6671,1,2.5581,2,0.6282
"Sub007_ToD_Online","OA","Morning",1,"toaster1_tr.png",367,7,0.027005959,0.219945885,20.4972,143,-0.042282823,0.217526267,"Bckg104.jpg",358,119,27,1,1,1,21,358,291,211,356,358,"toaster1_tr.png",1,349,349,38.6694,1,1.6852,1,0.5465
"Sub007_ToD_Online","OA","Morning",1,"toothpaste1_tr.png",260,260,-0.218231074,-0.038480026,12.0793,143,0.221293948,0.011597524,"Bckg38.jpg",259,1,83,3,1,1,87,259,232,85,230,259,"toothpaste1_tr.png",1,87,87,1.5329,1,1.5244,2,1.6219
"Sub007_ToD_Online","OA","Morning",1,"train1_tr.png",127,127,0.176975744,-0.133360789,15.2608,143,0.05735369,-0.214046884,"Bckg61.jpg",127,104,103,3,1,1,94,127,71,191,165,127,"train1_tr.png",1,165,165,10.0321,1,1.5012,1,0.0142
"Sub007_ToD_Online","OA","Morning",1,"turtle1_tr.png",221,221,-0.145381133,-0.167241862,11.1643,143,-0.10403379,-0.195659103,"Bckg44.jpg",223,61,26,1,1,1,4,223,185,158,305,223,"turtle1_tr.png",1,208,208,14.1491,1,1.9875,1,1.0556
"Sub007_ToD_Online","OA","Morning",1,"umbrella1_tr.png",134,134,0.159404002,-0.153934655,18.657,143,-0.023163261,0.220383705,"Bckg50.jpg",134,101,60,2,1,1,56,134,64,344,85,134,"umbrella1_tr.png",1,354,354,3.1594,1,1.51,2,1.0729
"Sub007_ToD_Online","OA","Morning",1,"vegeplatter1_tr.png",234,234,-0.179276257,-0.130251825,32.7143,143,-0.167241862,0.145381133,"Bckg70.jpg",246,30,59,2,1,1,44,246,122,321,75,246,"vegeplatter1_tr.png",1,311,311,3.7307,1,1.4975,2,0.6315
"Sub007_ToD_Online","OA","Morning",1,"watch1_tr.png",141,141,0.139455913,-0.172213711,11.8959,143,-0.189946251,-0.114131222,"Bckg117.jpg",119,43,107,3,1,1,98,119,181,237,158,119,"watch1_tr.png",1,239,239,1.5213,1,1.5895,2,1.0691
"Sub007_ToD_Online","OA","Morning",1,"waterfilter1_tr.png",272,272,-0.221462649,0.007733646,2.5427,143,-0.179276257,-0.130251825,"Bckg123.jpg",115,56,102,3,1,1,116,115,280,232,286,115,"waterfilter1_tr.png",1,234,234,1.6014,1,2.083,2,1.0633
"Sub008_ToD_Online","YA","Night",1,"abacus1_tr.png",-51,309,-0.172894398,0.140007123,8.4443,252,0.130766654,-0.179984858,"Bckg135.jpg",299,41,119,3,1,1,82,299,113,108,23,299,"abacus1_tr.png",1,144,144,1.6957,1,1.0899,2,0.4235
"Sub008_ToD_Online","YA","Night",1,"airfreshener1_tr.png",10,10,0.038632121,0.219093647,3.9942,252,NA,NA,"Bckg42.jpg",2,91,107,3,1,1,111,2,156,345,88,2,"airfreshener1_tr.png",1,345,345,1.0472,1,0.9273,1,0.6665
"Sub008_ToD_Online","YA","Night",1,"apple1_tr.png",501,141,0.140007123,-0.172894398,3.2555,252,0.22247352,0,"Bckg81.jpg",114,62,80,2,1,1,75,114,347,32,264,114,"apple1_tr.png",1,90,90,1.9946,1,0.9432,2,1.5999
"Sub008_ToD_Online","YA","Night",1,"asparagus1_tr.png",252,252,-0.211584891,-0.068748098,2.2257,252,0.065044962,-0.212752485,"Bckg134.jpg",263,47,100,3,1,1,93,263,290,137,190,263,"asparagus1_tr.png",1,163,163,2.2799,1,0.8336,2,0.7516
"Sub008_ToD_Online","YA","Night",1,"bagel1_tr.png",241,241,-0.194579725,-0.107857303,0.8328,252,-0.22247352,-2.72451e-17,"Bckg43.jpg",246,20,57,2,1,1,49,246,243,284,250,246,"bagel1_tr.png",1,270,270,1.8139,1,1.2561,2,0.7681
"Sub008_ToD_Online","YA","Night",1,"banana1_tr.png",409,49,0.167902897,0.145955762,4.1754,252,0.170424604,-0.143003222,"Bckg93.jpg",44,114,90,3,1,1,102,44,233,78,338,44,"banana1_tr.png",1,130,130,1.8095,1,1.2701,2,0.3061
"Sub008_ToD_Online","YA","Night",1,"bathingsuit1_tr.png",289,289,-0.210352846,0.072430293,1.9117,252,-0.219734502,0.034802526,"Bckg19.jpg",288,65,69,2,1,1,66,288,311,51,176,288,"bathingsuit1_tr.png",1,-81,279,3.5915,1,0.7843,1,0.7325
"Sub008_ToD_Online","YA","Night",1,"bbqmachine1_tr.png",165,165,0.057580384,-0.214892919,4.4673,252,-0.007764214,-0.222337995,"Bckg48.jpg",172,40,29,1,1,1,17,172,331,332,338,172,"bbqmachine1_tr.png",1,182,182,3.3767,1,1.2452,1,0.7181
"Sub008_ToD_Online","YA","Night",1,"bowlingpin1_tr.png",315,315,-0.157312535,0.157312535,4.631,252,0.057580384,0.214892919,"Bckg34.jpg",301,48,36,1,1,1,1,301,219,51,324,301,"bowlingpin1_tr.png",1,15,15,1.5505,1,0.8326,2,0.5853
"Sub008_ToD_Online","YA","Night",1,"clock1_tr.png",142,142,0.136968376,-0.175311526,2.3435,252,0.050045653,-0.216771538,"Bckg137.jpg",133,76,110,3,1,1,119,133,128,1,280,133,"clock1_tr.png",1,167,167,3.6582,1,1.1293,2,0.3215
"Sub008_ToD_Online","YA","Night",1,"coffeemug1_tr.png",321,321,-0.140007123,0.172894398,2.645,252,0.204787955,0.08692733,"Bckg20.jpg",325,70,13,1,1,1,33,325,253,113,22,325,"coffeemug1_tr.png",1,67,67,2.3769,1,1.294,1,0.7681
"Sub008_ToD_Online","YA","Night",1,"cookie1_tr.png",206,206,-0.097525972,-0.199957875,2.7932,252,-0.216771538,-0.050045653,"Bckg1.jpg",196,109,87,3,1,1,108,196,142,307,242,196,"cookie1_tr.png",1,257,257,2.7471,1,1.0258,2,0.8967
"Sub008_ToD_Online","YA","Night",1,"dog1_tr.png",158,158,0.083340047,-0.206273856,3.2601,252,0.068748098,-0.211584891,"Bckg23.jpg",167,111,78,2,1,1,50,167,16,26,214,167,"dog1_tr.png",1,162,162,3.5923,1,1.0026,1,0.8662
"Sub008_ToD_Online","YA","Night",1,"eggs1_tr.png",70,70,0.209056725,0.076090425,1.9115,252,0.167902897,0.145955762,"Bckg132.jpg",84,28,30,1,1,1,15,84,124,265,170,84,"eggs1_tr.png",1,409,49,6.507,1,1.0223,1,0.6997
"Sub008_ToD_Online","YA","Night",1,"encyclopedia1_tr.png",177,177,0.011643364,-0.222168628,2.3821,252,-0.19266772,0.11123676,"Bckg72.jpg",286,11,82,3,1,1,84,286,151,110,236,286,"encyclopedia1_tr.png",1,-60,300,3.7542,1,0.6803,1,1.2005
"Sub008_ToD_Online","YA","Night",1,"fantacan1_tr.png",134,134,0.160034057,-0.154543093,4.2728,252,-0.046254846,-0.21761194,"Bckg86.jpg",126,84,40,1,1,1,2,126,32,278,53,126,"fantacan1_tr.png",1,192,192,2.3256,1,2.7919,2,0.909
"Sub008_ToD_Online","YA","Night",1,"grater1_tr.png",213,213,-0.121167763,-0.186581993,2.3884,252,-0.094021372,-0.201629484,"Bckg118.jpg",227,108,27,1,1,1,32,227,183,311,225,227,"grater1_tr.png",1,205,205,4.5737,1,0.769,1,0.7683
"Sub008_ToD_Online","YA","Night",1,"highheel1_tr.png",106,106,0.213855273,-0.061322013,2.2967,252,0.215865106,0.053821216,"Bckg57.jpg",128,77,109,3,1,1,115,128,108,34,194,128,"highheel1_tr.png",1,76,76,1.5461,1,1.3109,1,0.8342
"Sub008_ToD_Online","YA","Night",1,"jellybeans1_tr.png",227,227,-0.162706832,-0.151726576,3.7667,252,0.053821216,-0.215865106,"Bckg46.jpg",235,49,53,2,1,1,51,235,347,110,157,235,"jellybeans1_tr.png",1,166,166,3.5119,1,1.1608,2,0.286
"Sub008_ToD_Online","YA","Night",1,"lei1_tr.png",52,52,0.175311526,0.136968376,3.46,252,-0.154543093,-0.160034057,"Bckg119.jpg",49,5,75,2,1,1,46,49,174,32,226,49,"lei1_tr.png",1,-136,224,4.1334,1,1.0314,2,0.4849
"Sub008_ToD_Online","YA","Night",1,"lemon1_tr.png",385,25,0.094021372,0.201629484,3.557,252,-0.198225358,-0.101000865,"Bckg99.jpg",20,66,60,2,1,1,73,20,265,285,180,20,"lemon1_tr.png",1,243,243,1.3828,1,0.8181,2,0.8637
"Sub008_ToD_Online","YA","Night",1,"penguin1_tr.png",423,63,0.198225358,0.101000865,3.0584,252,0.203239674,0.090488133,"Bckg114.jpg",71,7,51,2,1,1,79,71,333,350,66,71,"penguin1_tr.png",1,426,66,3.0102,1,0.7175,1,0.6327
"Sub008_ToD_Online","YA","Night",1,"pickle1_tr.png",143,143,0.133887907,-0.177675253,2.3502,252,0.117893004,-0.188668245,"Bckg66.jpg",150,83,91,3,1,1,103,150,65,78,256,150,"pickle1_tr.png",1,148,148,1.8845,1,1.0302,1,0.4996
"Sub008_ToD_Online","YA","Night",1,"plant1_tr.png",219,219,-0.140007123,-0.172894398,3.0617,252,0.050045653,-0.216771538,"Bckg116.jpg",229,75,66,2,1,1,43,229,191,233,122,229,"plant1_tr.png",1,167,167,5.0518,1,1.3586,2,0.9087
"Sub008_ToD_Online","YA","Night",1,"present1_tr.png",197,197,-0.065044962,-0.212752485,3.8882,252,0.199957875,-0.097525972,"Bckg121.jpg",184,46,93,3,1,1,117,184,45,118,188,184,"present1_tr.png",1,116,116,0.9773,1,1.1663,2,0.5911
"Sub008_ToD_Online","YA","Night",1,"radish1_tr.png",225,225,-0.157312535,-0.157312535,1.4806,252,-0.184438907,0.124405614,"Bckg112.jpg",221,14,47,2,1,1,53,221,203,64,59,221,"radish1_tr.png",1,-56,304,4.1264,1,1.6945,2,0.9741
"Sub008_ToD_Online","YA","Night",1,"scrabble1_tr.png",12,12,0.046254846,0.21761194,4.3298,252,0.053821216,0.215865106,"Bckg91.jpg",15,39,72,2,1,1,74,15,152,156,110,15,"scrabble1_tr.png",1,14,14,5.6615,1,1.0271,1,0.6509
"Sub008_ToD_Online","YA","Night",1,"silvertray1_tr.png",295,295,-0.201629484,0.094021372,2.5239,252,-0.172894398,0.140007123,"Bckg64.jpg",288,6,81,3,1,1,92,288,241,343,248,288,"silvertray1_tr.png",1,309,309,1.3274,1,1.06,1,0.4345
"Sub008_ToD_Online","YA","Night",1,"sippycup1_tr.png",106,106,0.213855273,-0.061322013,2.5447,252,0.145955762,-0.167902897,"Bckg105.jpg",107,106,84,3,1,1,113,107,24,15,204,107,"sippycup1_tr.png",1,139,139,3.2652,1,1.6123,2,0.7728
"Sub008_ToD_Online","YA","Night",1,"skippingrope1_tr.png",61,61,0.194579725,0.107857303,2.5127,252,0.222439636,0.003882698,"Bckg7.jpg",60,45,73,2,1,1,42,60,87,213,277,60,"skippingrope1_tr.png",1,89,89,4.5446,1,1.0043,2,0.7222
"Sub008_ToD_Online","YA","Night",1,"soccerball1_tr.png",46,46,0.160034057,0.154543093,2.4581,252,0.107857303,0.194579725,"Bckg101.jpg",43,53,28,1,1,1,5,43,86,145,39,43,"soccerball1_tr.png",1,29,29,3.7387,1,1.4895,1,0.9222
"Sub008_ToD_Online","YA","Night",1,"steeringwheel1_tr.png",216,216,-0.130766654,-0.179984858,2.9091,252,-0.219734502,0.034802526,"Bckg62.jpg",229,90,85,3,1,1,97,229,132,225,181,229,"steeringwheel1_tr.png",1,279,279,2.4334,1,0.9324,1,0.4548
"Sub008_ToD_Online","YA","Night",1,"streamer1_tr.png",-43,317,-0.151726576,0.162706832,5.0887,252,-0.097525972,0.199957875,"Bckg4.jpg",338,35,25,1,1,1,40,338,69,290,195,338,"streamer1_tr.png",1,334,334,3.7249,1,0.8137,1,0.718
"Sub008_ToD_Online","YA","Night",1,"suit1_tr.png",263,263,-0.220815236,-0.027112702,3.4244,252,-0.186581993,-0.121167763,"Bckg52.jpg",262,36,97,3,1,1,112,262,153,255,138,262,"suit1_tr.png",1,237,237,2.5416,1,0.8509,2,0.587
"Sub008_ToD_Online","YA","Night",1,"telephonebooth1_tr.png",206,206,-0.097525972,-0.199957875,3.9585,252,0.194579725,-0.107857303,"Bckg107.jpg",214,63,24,1,1,1,23,214,64,281,300,214,"telephonebooth1_tr.png",1,479,119,4.4626,1,2.2575,2,0.8325
"Sub008_ToD_Online","YA","Night",1,"tennisball1_tr.png",384,24,0.090488133,0.203239674,4.123,252,0.061322013,0.213855273,"Bckg125.jpg",15,31,2,1,1,1,37,15,270,276,311,15,"tennisball1_tr.png",1,376,16,3.3134,1,0.8001,1,0.8516
"Sub008_ToD_Online","YA","Night",1,"tissuebox1_tr.png",-19,341,-0.072430293,0.210352846,3.2288,252,-0.061322013,0.213855273,"Bckg98.jpg",1,12,108,3,1,1,116,1,95,272,311,1,"tissuebox1_tr.png",1,344,344,2.4938,1,0.6655,1,0.5024
"Sub008_ToD_Online","YA","Night",1,"toothpaste1_tr.png",250,250,-0.209056725,-0.076090425,2.8052,252,-0.218386055,0.042449949,"Bckg38.jpg",259,1,37,1,1,1,9,259,232,85,230,259,"toothpaste1_tr.png",1,-79,281,3.8238,1,0.7101,1,0.7353
"Sub008_ToD_Online","YA","Night",1,"towels1_tr.png",192,192,-0.046254846,-0.21761194,3.6251,252,-0.177675253,-0.133887907,"Bckg115.jpg",193,37,63,2,1,1,58,193,106,21,53,193,"towels1_tr.png",1,-127,233,3.2009,1,1.2728,2,0.8245
"Sub008_ToD_Online","YA","Night",1,"tractor1_tr.png",316,316,-0.154543093,0.160034057,5.183,252,-0.154543093,0.160034057,"Bckg63.jpg",316,86,15,1,1,1,19,316,132,20,87,316,"tractor1_tr.png",1,316,316,6.173,1,2.7544,2,1.8057
"Sub008_ToD_Online","YA","Night",1,"train1_tr.png",143,143,0.133887907,-0.177675253,2.0295,252,-0.042449949,-0.218386055,"Bckg61.jpg",127,104,99,3,1,1,120,127,71,191,165,127,"train1_tr.png",1,191,191,1.6626,1,0.8647,2,0.6997
"Sub008_ToD_Online","YA","Night",1,"trophy1_tr.png",66,66,NA,NA,0.9007,252,0.130766654,0.179984858,"Bckg68.jpg",75,99,32,1,1,1,13,75,66,178,228,75,"trophy1_tr.png",1,36,36,3.994,1,1.533,2,1.1314
"Sub008_ToD_Online","YA","Night",1,"vacuum1_tr.png",447,87,0.222168628,0.011643364,3.0602,252,0.124405614,0.184438907,"Bckg60.jpg",108,97,88,3,1,1,107,108,327,356,335,108,"vacuum1_tr.png",1,394,34,2.0624,1,1.2983,1,2.1139
"Sub008_ToD_Online","YA","Night",1,"woodenbox1_tr.png",333,333,-0.101000865,0.198225358,3.472,252,0.072430293,0.210352846,"Bckg9.jpg",346,69,83,3,1,1,98,346,209,115,175,346,"woodenbox1_tr.png",1,19,19,2.8536,1,1.3732,1,0.7756
"Sub009_ToD_Online","YA","Night",1,"apple1_tr.png",483,123,0.189336649,-0.122956657,7.8715,126,0.191453701,-0.11963355,"Bckg81.jpg",114,62,27,1,1,1,28,114,347,32,264,114,"apple1_tr.png",1,122,122,4.6332,1,3.9044,1,1.134
"Sub009_ToD_Online","YA","Night",1,"banana1_tr.png",53,53,0.180298411,0.135864598,6.7709,126,0.191453701,0.11963355,"Bckg93.jpg",44,114,57,2,1,1,52,44,233,78,338,44,"banana1_tr.png",1,58,58,8.8191,1,3.1713,1,1.0064
"Sub009_ToD_Online","YA","Night",1,"bandaid1_tr.png",243,243,-0.201151913,-0.102492019,5.2393,126,-0.142074157,-0.175446972,"Bckg45.jpg",246,107,36,1,1,1,21,246,143,243,11,246,"bandaid1_tr.png",1,219,219,3.2836,1,1.9019,1,0.9851
"Sub009_ToD_Online","YA","Night",1,"basket1_tr.png",112,112,0.209319238,-0.084570462,4.4131,126,0.06976308,-0.214708684,"Bckg24.jpg",110,8,43,2,1,1,71,110,14,332,96,110,"basket1_tr.png",1,162,162,5.9217,1,4.0842,2,1.1859
"Sub009_ToD_Online","YA","Night",1,"bathingsuit1_tr.png",287,287,-0.215893516,0.066005272,3.5328,126,-0.210763315,0.080904457,"Bckg19.jpg",288,65,33,1,1,1,33,288,311,51,176,288,"bathingsuit1_tr.png",1,-69,291,5.2167,1,2.1848,1,1.3948
"Sub009_ToD_Online","YA","Night",1,"bbqmachine1_tr.png",167,167,0.050784516,-0.219971905,6.516,126,0.062227357,-0.217012585,"Bckg48.jpg",172,40,78,2,1,1,75,172,331,332,338,172,"bbqmachine1_tr.png",1,524,164,6.2381,1,1.2848,1,0.9005
"Sub009_ToD_Online","YA","Night",1,"bed1_tr.png",236,236,-0.187161922,-0.126242311,4.3699,126,-0.184930185,-0.129489509,"Bckg77.jpg",245,120,83,3,1,1,82,245,138,143,160,245,"bed1_tr.png",1,235,235,5.2084,1,1.5173,1,1.1175
"Sub009_ToD_Online","YA","Night",1,"bell1_tr.png",339,339,-0.080904457,0.210763315,3.3519,126,-0.202910009,-0.098965824,"Bckg36.jpg",349,78,77,2,1,1,53,349,287,282,294,349,"bell1_tr.png",1,244,244,3.8165,1,4.262,2,1.7437
"Sub009_ToD_Online","YA","Night",1,"bike1_tr.png",133,133,0.165109,-0.153966634,6.7161,126,0.116274002,-0.193512435,"Bckg39.jpg",135,2,84,3,1,1,111,135,209,107,240,135,"bike1_tr.png",1,149,149,5.2389,1,6.1671,2,1.5065
"Sub009_ToD_Online","YA","Night",1,"bow1_tr.png",159,159,0.080904457,-0.210763315,5.5838,126,0.073499638,-0.213458449,"Bckg54.jpg",172,67,48,2,1,1,74,172,311,5,258,172,"bow1_tr.png",1,-199,161,6.1794,1,1.2848,1,1.001
"Sub009_ToD_Online","YA","Night",1,"cakemixer1_tr.png",244,244,-0.202910009,-0.098965824,5.5033,126,-0.187161922,-0.126242311,"Bckg12.jpg",255,117,51,2,1,1,49,255,108,314,330,255,"cakemixer1_tr.png",1,236,236,5.5065,1,6.9543,2,2.1243
"Sub009_ToD_Online","YA","Night",1,"coke1_tr.png",-43,317,-0.153966634,0.165109,3.5675,126,-0.088210705,0.207811399,"Bckg78.jpg",322,74,32,1,1,1,10,322,31,323,307,322,"coke1_tr.png",1,337,337,3.8374,1,1.4692,1,0.9457
"Sub009_ToD_Online","YA","Night",1,"cookie1_tr.png",206,206,-0.098965824,-0.202910009,3.7669,126,0.080904457,-0.210763315,"Bckg1.jpg",196,109,56,2,1,1,61,196,142,307,242,196,"cookie1_tr.png",1,159,159,5.2272,1,2.5192,1,0.7711
"Sub009_ToD_Online","YA","Night",1,"crayon1_tr.png",268,268,-0.225620544,-0.007878843,4.5027,126,-0.223561008,-0.031419451,"Bckg87.jpg",267,33,16,1,1,1,32,267,220,22,283,267,"crayon1_tr.png",1,-98,262,5.2832,1,2.5393,1,1.1874
"Sub009_ToD_Online","YA","Night",1,"cucumber1_tr.png",444,84,0.224521344,0.023598144,5.6974,126,0.224521344,0.023598144,"Bckg92.jpg",82,87,21,1,1,1,38,82,286,332,303,82,"cucumber1_tr.png",1,444,84,6.4347,1,1.592,1,1.2836
"Sub009_ToD_Online","YA","Night",1,"handsoap1_tr.png",432,72,0.214708684,0.06976308,5.3442,126,0.207811399,0.088210705,"Bckg73.jpg",74,57,31,1,1,1,23,74,352,41,5,74,"handsoap1_tr.png",1,67,67,3.4371,1,1.8842,1,0.9225
"Sub009_ToD_Online","YA","Night",1,"iceskates1_tr.png",188,188,-0.031419451,-0.223561008,4.3202,126,0.116274002,-0.193512435,"Bckg27.jpg",186,64,116,3,1,1,117,186,280,131,293,186,"iceskates1_tr.png",1,149,149,6.6149,1,1.8843,1,1.0288
"Sub009_ToD_Online","YA","Night",1,"jackolantern1_tr.png",49,49,0.170381778,0.14811062,4.7524,126,0.162396765,0.156824733,"Bckg21.jpg",51,93,6,1,1,1,35,51,161,66,118,51,"jackolantern1_tr.png",1,46,46,3.551,1,1.4642,1,1.0976
"Sub009_ToD_Online","YA","Night",1,"jellybeans1_tr.png",229,229,-0.170381778,-0.14811062,5.6447,126,-0.202910009,-0.098965824,"Bckg46.jpg",235,49,14,1,1,1,30,235,347,110,157,235,"jellybeans1_tr.png",1,244,244,6.7286,1,2.302,1,1.2503
"Sub009_ToD_Online","YA","Night",1,"lemon1_tr.png",383,23,0.088210705,0.207811399,4.6955,126,0.109449684,0.197452457,"Bckg99.jpg",20,66,75,2,1,1,42,20,265,285,180,20,"lemon1_tr.png",1,389,29,4.685,1,1.1015,1,1.0536
"Sub009_ToD_Online","YA","Night",1,"mouthwash1_tr.png",-23,337,-0.088210705,0.207811399,7.1847,126,-0.06976308,0.214708684,"Bckg109.jpg",352,100,29,1,1,1,26,352,115,250,226,352,"mouthwash1_tr.png",1,342,342,5.7657,1,1.5867,1,1.2048
"Sub009_ToD_Online","YA","Night",1,"pin1_tr.png",300,300,-0.195512224,0.112879035,3.7589,126,0.182642115,0.132697264,"Bckg59.jpg",300,82,58,2,1,1,56,300,260,88,40,300,"pin1_tr.png",1,54,54,7.1499,1,3.3338,1,0.8195
"Sub009_ToD_Online","YA","Night",1,"pinecone1_tr.png",156,156,0.09182408,-0.206240259,3.9833,126,0.095409483,-0.204606297,"Bckg10.jpg",167,55,100,3,1,1,114,167,204,167,102,167,"pinecone1_tr.png",1,155,155,4.7512,1,2.0555,1,0.872
"Sub009_ToD_Online","YA","Night",1,"pizza1_tr.png",35,35,0.129489509,0.184930185,5.2136,126,0.142074157,-0.175446972,"Bckg83.jpg",31,80,11,1,1,1,11,31,153,237,175,31,"pizza1_tr.png",1,141,141,8.5317,1,2.5344,2,2.601
"Sub009_ToD_Online","YA","Night",1,"pokerchips1_tr.png",21,21,0.080904457,0.210763315,7.0157,126,0.095409483,0.204606297,"Bckg127.jpg",11,88,54,2,1,1,46,11,51,229,63,11,"pokerchips1_tr.png",1,385,25,5.3065,1,2.7826,1,1.5511
"Sub009_ToD_Online","YA","Night",1,"popcorn1_tr.png",145,145,0.129489509,-0.184930185,4.7649,126,0.062227357,-0.217012585,"Bckg76.jpg",144,15,8,1,1,1,9,144,211,30,310,144,"popcorn1_tr.png",1,164,164,6.0523,1,2.9049,1,0.9871
"Sub009_ToD_Online","YA","Night",1,"present1_tr.png",181,181,-0.003940022,-0.225723686,5.3652,126,-0.007878843,-0.225620544,"Bckg121.jpg",184,46,119,3,1,1,85,184,45,118,188,184,"present1_tr.png",1,182,182,5.2837,1,2.0366,1,0.7514
"Sub009_ToD_Online","YA","Night",1,"scarf1_tr.png",281,281,-0.221610258,0.043076671,4.2271,126,0.11963355,0.191453701,"Bckg51.jpg",276,59,49,2,1,1,78,276,231,56,236,276,"scarf1_tr.png",1,32,32,3.3688,1,5.1028,2,2.4701
"Sub009_ToD_Online","YA","Night",1,"sink1_tr.png",169,169,0.043076671,-0.221610258,4.682,126,0.035316343,-0.222978614,"Bckg32.jpg",178,112,20,1,1,1,40,178,267,137,336,178,"sink1_tr.png",1,171,171,4.9632,1,3.7537,1,1.774
"Sub009_ToD_Online","YA","Night",1,"skippingrope1_tr.png",59,59,0.193512435,0.116274002,3.1139,126,0.189336649,0.122956657,"Bckg7.jpg",60,45,66,2,1,1,41,60,87,213,277,60,"skippingrope1_tr.png",1,57,57,4.8822,1,1.1851,1,0.9201
"Sub009_ToD_Online","YA","Night",1,"starfish1_tr.png",77,77,0.219971905,0.050784516,5.6554,126,0.122956657,-0.189336649,"Bckg106.jpg",77,54,90,3,1,1,113,77,197,61,78,77,"starfish1_tr.png",1,147,147,4.6488,1,1.6552,1,0.9331
"Sub009_ToD_Online","YA","Night",1,"telephonebooth1_tr.png",220,220,-0.14511449,-0.172940715,6.3213,126,0.189336649,0.122956657,"Bckg107.jpg",214,63,102,3,1,1,99,214,64,281,300,214,"telephonebooth1_tr.png",1,417,57,6.6765,1,7.6183,2,1.265
"Sub009_ToD_Online","YA","Night",1,"train1_tr.png",127,127,0.180298411,-0.135864598,5.7157,126,0.153966634,-0.165109,"Bckg61.jpg",127,104,55,2,1,1,69,127,71,191,165,127,"train1_tr.png",1,137,137,3.5722,1,1.2716,1,1.0364
"Sub009_ToD_Online","YA","Night",1,"valentinesdaycard1_tr.png",342,342,-0.06976308,0.214708684,5.6858,126,-0.102492019,-0.201151913,"Bckg111.jpg",338,26,3,1,1,1,27,338,234,203,108,338,"valentinesdaycard1_tr.png",1,207,207,6.4846,1,1.924,2,1.6533
"Sub009_ToD_Online","YA","Night",1,"vegeplatter1_tr.png",246,246,-0.206240259,-0.09182408,6.0536,126,-0.159635062,-0.159635062,"Bckg70.jpg",246,30,105,3,1,1,119,246,122,321,75,246,"vegeplatter1_tr.png",1,225,225,5.0381,1,1.6218,1,1.2692
"Sub009_ToD_Online","YA","Night",1,"woodenbox1_tr.png",333,333,-0.102492019,0.201151913,7.95,126,0.175446972,0.142074157,"Bckg9.jpg",346,69,12,1,1,1,7,346,209,115,175,346,"woodenbox1_tr.png",1,51,51,6.3818,1,4.2498,2,3.9038
"Sub010_ToD_Online","YA","Morning",1,"abacus1_tr.png",-33,327,-0.113773667,0.175196084,12.3664,96,-0.173183777,0.116813932,"Bckg135.jpg",299,41,1,1,1,1,21,299,113,108,23,299,"abacus1_tr.png",1,-56,304,11.8405,1,1.1972,1,0.8121
"Sub010_ToD_Online","YA","Morning",1,"airfreshener1_tr.png",376,16,0.057579921,0.20080505,10.51,96,0.125717582,0.166832866,"Bckg42.jpg",2,91,95,3,1,1,88,2,156,345,88,2,"airfreshener1_tr.png",1,397,37,5.5425,1,0.8387,1,1.2593
"Sub010_ToD_Online","YA","Morning",1,"apple1_tr.png",449,89,0.208865564,0.003645762,11.0314,96,0.180910438,0.10444869,"Bckg81.jpg",114,62,37,1,1,1,4,114,347,32,264,114,"apple1_tr.png",1,60,60,2.1231,1,2.868,1,1.1923
"Sub010_ToD_Online","YA","Morning",1,"basket1_tr.png",104,104,0.202692235,-0.05053685,8.0918,96,0.177155025,-0.110698746,"Bckg24.jpg",110,8,93,3,1,1,81,110,14,332,96,110,"basket1_tr.png",1,482,122,8.4303,1,4.7079,1,1.0676
"Sub010_ToD_Online","YA","Morning",1,"bathroomscale1_tr.png",229,229,-0.157656854,-0.137049012,5.3851,96,-0.152777872,-0.142467671,"Bckg17.jpg",226,17,84,3,1,1,103,226,235,285,318,226,"bathroomscale1_tr.png",1,227,227,8.1645,1,1.0143,1,1.1349
"Sub010_ToD_Online","YA","Morning",1,"bbqmachine1_tr.png",145,145,0.119818615,-0.171118716,12.2651,96,0.177155025,-0.110698746,"Bckg48.jpg",172,40,5,1,1,1,33,172,331,332,338,172,"bbqmachine1_tr.png",1,482,122,8.9104,1,1.6294,2,1.4675
"Sub010_ToD_Online","YA","Morning",1,"bed1_tr.png",218,218,-0.128610069,-0.164613382,6.2979,96,-0.119818615,-0.171118716,"Bckg77.jpg",245,120,116,3,1,1,86,245,138,143,160,245,"bed1_tr.png",1,215,215,6.2327,1,2.2786,1,0.9368
"Sub010_ToD_Online","YA","Morning",1,"bike1_tr.png",159,159,0.074862126,-0.195022505,3.8832,96,0.162343755,-0.131463381,"Bckg39.jpg",135,2,76,2,1,1,64,135,209,107,240,135,"bike1_tr.png",1,129,129,3.8746,1,1.3298,1,2.1467
"Sub010_ToD_Online","YA","Morning",1,"bowls1_tr.png",440,80,0.205723759,0.036274649,10.1007,96,0.208865564,-0.003645762,"Bckg103.jpg",76,79,101,3,1,1,85,76,238,207,139,76,"bowls1_tr.png",1,91,91,8.2477,1,5.3465,1,2.7344
"Sub010_ToD_Online","YA","Morning",1,"cabinet1_tr.png",329,329,-0.107590104,0.179060003,7.4651,96,-0.110698746,0.177155025,"Bckg13.jpg",355,110,16,1,1,1,30,355,291,250,164,355,"cabinet1_tr.png",1,328,328,7.4498,1,3.1256,1,2.5837
"Sub010_ToD_Online","YA","Morning",1,"clock1_tr.png",122,122,0.177155025,-0.110698746,3.7763,96,0.157656854,-0.137049012,"Bckg137.jpg",133,76,42,2,1,1,77,133,128,1,280,133,"clock1_tr.png",1,131,131,7.0662,1,3.7637,1,3.0121
"Sub010_ToD_Online","YA","Morning",1,"coat1_tr.png",461,101,0.205059347,-0.039859499,9.3263,96,0.189325322,-0.088283848,"Bckg108.jpg",94,102,21,1,1,1,36,94,309,13,198,94,"coat1_tr.png",1,115,115,7.0529,1,10.7999,1,3.2435
"Sub010_ToD_Online","YA","Morning",1,"coke1_tr.png",-25,335,-0.088283848,0.189325322,4.4744,96,-0.113773667,0.175196084,"Bckg78.jpg",322,74,62,2,1,1,72,322,31,323,307,322,"coke1_tr.png",1,327,327,5.5515,1,1.782,1,1.1917
"Sub010_ToD_Online","YA","Morning",1,"cow1_tr.png",2,2,0.007290413,0.208770125,9.8663,96,NA,NA,"Bckg113.jpg",352,24,2,1,1,1,27,352,172,11,137,352,"cow1_tr.png",1,11,11,3.7588,1,1.2412,1,1.104
"Sub010_ToD_Online","YA","Morning",1,"crayon1_tr.png",258,258,-0.204332471,-0.043432207,8.5991,96,-0.164613382,-0.128610069,"Bckg87.jpg",267,33,9,1,1,1,6,267,220,22,283,267,"crayon1_tr.png",1,-128,232,22.7332,1,1.3133,2,1.3329
"Sub010_ToD_Online","YA","Morning",1,"cucumber1_tr.png",416,56,0.173183777,0.116813932,6.4508,96,0.187755721,0.091574584,"Bckg92.jpg",82,87,120,3,1,1,84,82,286,332,303,82,"cucumber1_tr.png",1,424,64,4.9821,1,4.9465,1,1.0414
"Sub010_ToD_Online","YA","Morning",1,"dress1_tr.png",383,23,0.081622709,0.192291052,7.3009,96,0.203543354,0.046991686,"Bckg96.jpg",83,51,77,2,1,1,65,83,239,71,9,83,"dress1_tr.png",1,77,77,3.5314,1,1.0118,1,2.1285
"Sub010_ToD_Online","YA","Morning",1,"goggle1_tr.png",29,29,0.101275459,0.182705765,10.8996,96,0.098071379,0.184445439,"Bckg120.jpg",25,96,8,1,1,1,14,25,157,292,131,25,"goggle1_tr.png",1,388,28,5.9599,1,1.3785,1,0.8992
"Sub010_ToD_Online","YA","Morning",1,"granola1_tr.png",220,220,-0.134276648,-0.160024677,7.3274,96,-0.098071379,-0.184445439,"Bckg49.jpg",191,103,28,1,1,1,24,191,262,206,48,191,"granola1_tr.png",1,208,208,9.4597,1,3.6808,1,0.7849
"Sub010_ToD_Online","YA","Morning",1,"hairdryer1_tr.png",72,72,0.198673214,0.064552841,4.0155,96,0.201779374,0.05406662,"Bckg79.jpg",63,73,100,3,1,1,91,63,52,27,90,63,"hairdryer1_tr.png",1,75,75,10.957,1,0.9903,1,1.0129
"Sub010_ToD_Online","YA","Morning",1,"hammer1_tr.png",221,221,-0.137049012,-0.157656854,6.0486,96,-0.166832866,-0.125717582,"Bckg138.jpg",237,118,91,3,1,1,95,237,139,321,245,237,"hammer1_tr.png",1,233,233,6.2738,1,3.6084,1,1.1848
"Sub010_ToD_Online","YA","Morning",1,"handbag1_tr.png",417,57,0.175196084,0.113773667,12.7333,96,-0.160024677,0.134276648,"Bckg97.jpg",66,94,33,1,1,1,11,66,275,244,269,66,"handbag1_tr.png",1,310,310,12.6665,1,1.0735,2,1.1095
"Sub010_ToD_Online","YA","Morning",1,"hotdog1_tr.png",161,161,0.068010334,-0.197516353,12.4588,96,-0.206325507,0.03267875,"Bckg126.jpg",152,42,39,1,1,1,7,152,327,275,320,152,"hotdog1_tr.png",1,279,279,9.2826,1,2.2464,2,2.9187
"Sub010_ToD_Online","YA","Morning",1,"iceskates1_tr.png",152,152,0.098071379,-0.184445439,7.0955,96,0.119818615,-0.171118716,"Bckg27.jpg",186,64,110,3,1,1,115,186,280,131,293,186,"iceskates1_tr.png",1,145,145,3.1257,1,1.3425,1,2.5502
"Sub010_ToD_Online","YA","Morning",1,"jackolantern1_tr.png",185,185,-0.018206606,-0.208102462,4.9481,96,0.196299326,0.071447112,"Bckg21.jpg",51,93,83,3,1,1,117,51,161,66,118,51,"jackolantern1_tr.png",1,70,70,4.4348,1,1.2835,1,2.1007
"Sub010_ToD_Online","YA","Morning",1,"lemon1_tr.png",379,19,0.068010334,0.197516353,7.1165,96,0.119818615,0.171118716,"Bckg99.jpg",20,66,64,2,1,1,44,20,265,285,180,20,"lemon1_tr.png",1,395,35,7.1499,1,2.6298,1,2.4838
"Sub010_ToD_Online","YA","Morning",1,"loaf1_tr.png",431,71,0.197516353,0.068010334,4.4088,96,0.208770125,0.007290413,"Bckg90.jpg",101,25,112,3,1,1,116,101,357,138,325,101,"loaf1_tr.png",1,88,88,6.4336,1,4.5842,1,3.4335
"Sub010_ToD_Online","YA","Morning",1,"motorcycle1_tr.png",224,224,-0.145112314,-0.1502682,8.1165,96,0.137049012,0.157656854,"Bckg100.jpg",260,4,109,3,1,1,113,260,342,17,98,260,"motorcycle1_tr.png",1,41,41,2.9754,1,1.2924,2,0.7995
"Sub010_ToD_Online","YA","Morning",1,"mouthwash1_tr.png",-3,357,-0.010932844,0.208611093,8.7646,96,-0.057579921,0.20080505,"Bckg109.jpg",352,100,51,2,1,1,58,352,115,250,226,352,"mouthwash1_tr.png",1,344,344,7.4236,1,1.2461,1,1.3163
"Sub010_ToD_Online","YA","Morning",1,"nailpolish1_tr.png",306,306,-0.169001531,0.122786799,8.5736,96,-0.10444869,0.180910438,"Bckg84.jpg",301,32,63,2,1,1,67,301,148,320,226,301,"nailpolish1_tr.png",1,330,330,5.4479,1,1.2098,1,2.2006
"Sub010_ToD_Online","YA","Morning",1,"oven1_tr.png",133,133,0.152777872,-0.142467671,11.2091,96,0.189325322,-0.088283848,"Bckg55.jpg",111,9,32,1,1,1,17,111,305,27,70,111,"oven1_tr.png",1,115,115,4.6972,1,4.3956,2,3.3873
"Sub010_ToD_Online","YA","Morning",1,"paintpalette1_tr.png",241,241,-0.182705765,-0.101275459,9.827,96,-0.155241007,-0.139779631,"Bckg56.jpg",259,16,36,1,1,1,16,259,311,154,192,259,"paintpalette1_tr.png",1,228,228,7.8147,1,2.6619,1,1.2994
"Sub010_ToD_Online","YA","Morning",1,"pickle1_tr.png",129,129,0.162343755,-0.131463381,10.0143,96,0.155241007,-0.139779631,"Bckg66.jpg",150,83,4,1,1,1,9,150,65,78,256,150,"pickle1_tr.png",1,132,132,6.2011,1,4.7124,1,0.6519
"Sub010_ToD_Online","YA","Morning",1,"pin1_tr.png",296,296,-0.187755721,0.091574584,5.4013,96,-0.064552841,0.198673214,"Bckg59.jpg",300,82,94,3,1,1,110,300,260,88,40,300,"pin1_tr.png",1,-18,342,10.648,1,0.8985,1,0.9618
"Sub010_ToD_Online","YA","Morning",1,"plant1_tr.png",195,195,-0.05406662,-0.201779374,3.799,96,-0.179060003,-0.107590104,"Bckg116.jpg",229,75,41,2,1,1,47,229,191,233,122,229,"plant1_tr.png",1,239,239,11.2314,1,1.0743,2,1.8129
"Sub010_ToD_Online","YA","Morning",1,"popcorn1_tr.png",207,207,-0.094837426,-0.186128928,6.7315,96,-0.029072896,0.206864405,"Bckg76.jpg",144,15,111,3,1,1,90,144,211,30,310,144,"popcorn1_tr.png",1,-8,352,4.7926,1,0.6541,2,0.7499
"Sub010_ToD_Online","YA","Morning",1,"potatochips1_tr.png",30,30,0.10444869,0.180910438,9.7481,96,0.177155025,0.110698746,"Bckg124.jpg",13,81,99,3,1,1,94,13,164,112,355,13,"potatochips1_tr.png",1,58,58,14.6055,1,2.1306,1,0.9301
"Sub010_ToD_Online","YA","Morning",1,"radish1_tr.png",213,213,-0.113773667,-0.175196084,6.0491,96,-0.139779631,-0.155241007,"Bckg112.jpg",221,14,30,1,1,1,23,221,203,64,59,221,"radish1_tr.png",1,222,222,7.6813,1,1.8957,1,0.9509
"Sub010_ToD_Online","YA","Morning",1,"ricecooker1_tr.png",26,26,0.091574584,0.187755721,12.0159,96,0.171118716,0.119818615,"Bckg102.jpg",14,19,50,2,1,1,52,14,178,267,92,14,"ricecooker1_tr.png",1,415,55,10.3436,1,1.362,1,0.9006
"Sub010_ToD_Online","YA","Morning",1,"rollingpin1_tr.png",-130,230,-0.160024677,-0.134276648,7.9925,96,0.198673214,-0.064552841,"Bckg69.jpg",228,89,57,2,1,1,68,228,12,120,126,228,"rollingpin1_tr.png",1,108,108,8.7485,1,2.3315,2,0.3494
"Sub010_ToD_Online","YA","Morning",1,"rubikscube1_tr.png",120,120,0.180910438,-0.10444869,8.3646,96,0.1502682,-0.145112314,"Bckg122.jpg",113,105,3,1,1,1,31,113,4,222,200,113,"rubikscube1_tr.png",1,134,134,6.599,1,1.4472,1,2.0853
"Sub010_ToD_Online","YA","Morning",1,"seashell1_tr.png",218,218,-0.128610069,-0.164613382,4.4491,96,-0.110698746,-0.177155025,"Bckg8.jpg",205,13,61,2,1,1,50,205,224,134,59,205,"seashell1_tr.png",1,212,212,5.4985,1,3.8556,1,3.0172
"Sub010_ToD_Online","YA","Morning",1,"sink1_tr.png",179,179,0.003645762,-0.208865564,5.4991,96,0.003645762,-0.208865564,"Bckg32.jpg",178,112,118,3,1,1,97,178,267,137,336,178,"sink1_tr.png",1,179,179,8.3317,1,7.0929,1,1.0917
"Sub010_ToD_Online","YA","Morning",1,"soccerball1_tr.png",42,42,0.139779631,0.155241007,6.3178,96,0.003645762,-0.208865564,"Bckg101.jpg",43,53,78,2,1,1,43,43,86,145,39,43,"soccerball1_tr.png",1,179,179,12.7101,1,2.7619,2,3.1677
"Sub010_ToD_Online","YA","Morning",1,"spoon1_tr.png",151,151,0.101275459,-0.182705765,9.5414,96,0.125717582,-0.166832866,"Bckg67.jpg",161,10,47,2,1,1,79,161,301,195,183,161,"spoon1_tr.png",1,143,143,5.2143,1,1.8464,1,1.5013
"Sub010_ToD_Online","YA","Morning",1,"steeringwheel1_tr.png",210,210,-0.10444869,-0.180910438,6.2198,96,NA,NA,"Bckg62.jpg",229,90,66,2,1,1,70,229,132,225,181,229,"steeringwheel1_tr.png",1,225,225,3.7439,1,1.232,1,2.4956
"Sub010_ToD_Online","YA","Morning",1,"suit1_tr.png",225,225,-0.147712754,-0.147712754,4.9495,96,-0.125717582,-0.166832866,"Bckg52.jpg",262,36,114,3,1,1,111,262,153,255,138,262,"suit1_tr.png",1,217,217,5.1767,1,1.0477,1,1.0444
"Sub010_ToD_Online","YA","Morning",1,"tennisball1_tr.png",368,8,0.029072896,0.206864405,15.2982,96,-0.177155025,0.110698746,"Bckg125.jpg",15,31,72,2,1,1,54,15,270,276,311,15,"tennisball1_tr.png",1,302,302,4.1819,1,1.3125,2,1.3009
"Sub010_ToD_Online","YA","Morning",1,"toad1_tr.png",380,20,0.071447112,0.196299326,7.4601,96,0.110698746,0.177155025,"Bckg65.jpg",25,27,60,2,1,1,63,25,278,24,220,25,"toad1_tr.png",1,32,32,2.7822,1,1.1406,1,1.5173
"Sub010_ToD_Online","YA","Morning",1,"toothpaste1_tr.png",232,232,NA,NA,0.8157,96,-0.208865564,-0.003645762,"Bckg38.jpg",259,1,103,3,1,1,99,259,232,85,230,259,"toothpaste1_tr.png",1,-91,269,11.1657,1,1.2649,1,3.6001
"Sub010_ToD_Online","YA","Morning",1,"towels1_tr.png",188,188,-0.029072896,-0.206864405,7.2494,96,0.113773667,-0.175196084,"Bckg115.jpg",193,37,14,1,1,1,28,193,106,21,53,193,"towels1_tr.png",1,147,147,14.5359,1,3.2892,1,0.8018
"Sub010_ToD_Online","YA","Morning",1,"tractor1_tr.png",-24,336,-0.084966219,0.190837253,8.0987,96,-0.098071379,0.184445439,"Bckg63.jpg",316,86,52,2,1,1,48,316,132,20,87,316,"tractor1_tr.png",1,-28,332,4.3664,1,1.6834,1,1.1118
"Sub010_ToD_Online","YA","Morning",1,"watch1_tr.png",129,129,0.162343755,-0.131463381,6.1314,96,0.125717582,-0.166832866,"Bckg117.jpg",119,43,34,1,1,1,37,119,181,237,158,119,"watch1_tr.png",1,143,143,8.3558,1,3.3134,1,0.9285
"Sub010_ToD_Online","YA","Morning",1,"waterfilter1_tr.png",154,154,0.091574584,-0.187755721,13.4839,96,0.084966219,-0.190837253,"Bckg123.jpg",115,56,54,2,1,1,59,115,280,232,286,115,"waterfilter1_tr.png",1,156,156,10.4259,1,0.8115,1,1.3855
"Sub010_ToD_Online","YA","Morning",1,"woodenbox1_tr.png",279,279,-0.206325507,0.03267875,10.2644,96,-0.03267875,0.206325507,"Bckg9.jpg",346,69,68,2,1,1,74,346,209,115,175,346,"woodenbox1_tr.png",1,-9,351,7.4512,1,1.5203,1,0.7994
"Sub011_ToD_Online","YA","Morning",1,"abacus1_tr.png",-41,319,-0.100416415,0.115515871,3.1155,28,-0.152687183,0.010676928,"Bckg135.jpg",299,41,75,2,1,1,72,299,113,108,23,299,"abacus1_tr.png",1,-86,274,4.8564,1,1.4816,1,0.0651
"Sub011_ToD_Online","YA","Morning",1,"apple1_tr.png",479,119,0.133869319,-0.074204975,3.3153,28,NA,NA,"Bckg81.jpg",114,62,89,3,1,1,109,114,347,32,264,114,"apple1_tr.png",1,32,32,0.042,1,2.9022,2,0.4143
"Sub011_ToD_Online","YA","Morning",1,"asparagus1_tr.png",264,264,-0.152221551,-0.01599913,1.1426,28,NA,NA,"Bckg134.jpg",263,47,107,3,1,1,98,263,290,137,190,263,"asparagus1_tr.png",1,137,137,0.7521,1,1.2073,2,0.3632
"Sub011_ToD_Online","YA","Morning",1,"banana1_tr.png",385,25,0.064685964,0.138719497,2.8994,28,NA,NA,"Bckg93.jpg",44,114,77,2,1,1,55,44,233,78,338,44,"banana1_tr.png",1,78,78,0.0924,1,1.343,2,0.3755
"Sub011_ToD_Online","YA","Morning",1,"bandaid1_tr.png",229,229,-0.115515871,-0.100416415,2.5294,28,NA,NA,"Bckg45.jpg",246,107,43,2,1,1,68,246,143,243,11,246,"bandaid1_tr.png",1,243,243,0.1804,1,1.2973,2,0.2447
"Sub011_ToD_Online","YA","Morning",1,"basket1_tr.png",116,116,0.137569444,-0.067097101,2.1445,28,0.094233164,-0.12061295,"Bckg24.jpg",110,8,24,1,1,1,13,110,14,332,96,110,"basket1_tr.png",1,502,142,4.1484,1,1.1459,1,0.0383
"Sub011_ToD_Online","YA","Morning",1,"bathingsuit1_tr.png",295,295,-0.138719497,0.064685964,1.0718,28,-0.147844636,0.039614851,"Bckg19.jpg",288,65,94,3,1,1,113,288,311,51,176,288,"bathingsuit1_tr.png",1,-75,285,3.9195,1,0.8918,1,0.0669
"Sub011_ToD_Online","YA","Morning",1,"bathroomscale1_tr.png",227,227,-0.11194102,-0.104386689,1.3592,28,NA,NA,"Bckg17.jpg",226,17,74,2,1,1,78,226,235,285,318,226,"bathroomscale1_tr.png",1,285,285,0.1088,1,1.1598,2,0.4345
"Sub011_ToD_Online","YA","Morning",1,"bow1_tr.png",161,161,0.049831471,-0.144721102,3.4989,28,-0.039614851,-0.147844636,"Bckg54.jpg",172,67,118,3,1,1,117,172,311,5,258,172,"bow1_tr.png",1,195,195,4.3861,1,1.3436,1,0.0573
"Sub011_ToD_Online","YA","Morning",1,"bowlingpin1_tr.png",297,297,-0.136377485,0.0694878,3.1198,28,-0.087791627,-0.125379436,"Bckg34.jpg",301,48,103,3,1,1,116,301,219,51,324,301,"bowlingpin1_tr.png",1,215,215,4.2478,1,1.5714,1,0.1169
"Sub011_ToD_Online","YA","Morning",1,"boxinggloves1_tr.png",267,267,-0.152850267,-0.008010543,2.5526,28,NA,NA,"Bckg131.jpg",276,95,5,1,1,1,24,276,159,125,149,276,"boxinggloves1_tr.png",1,125,125,0.3389,1,1.5213,2,0.3379
"Sub011_ToD_Online","YA","Morning",1,"breakfast1_tr.png",304,304,-0.126892516,0.085590083,1.771,28,0.013340061,-0.15247759,"Bckg89.jpg",300,3,34,1,1,1,25,300,348,149,173,300,"breakfast1_tr.png",1,175,175,3.3081,1,1.7991,2,0.257
"Sub011_ToD_Online","YA","Morning",1,"christmasstocking1_tr.png",524,164,0.042189062,-0.147130744,4.6081,28,0.042189062,-0.147130744,"Bckg136.jpg",165,50,21,1,1,1,14,165,322,246,121,165,"christmasstocking1_tr.png",1,164,164,3.986,1,1.8782,1,0.0668
"Sub011_ToD_Online","YA","Morning",1,"coffeemug1_tr.png",315,315,-0.108229785,0.108229785,1.7526,28,NA,NA,"Bckg20.jpg",325,70,54,2,1,1,77,325,253,113,22,325,"coffeemug1_tr.png",1,113,113,0.1041,1,0.9027,2,0.3598
"Sub011_ToD_Online","YA","Morning",1,"goggle1_tr.png",45,45,0.108229785,0.108229785,2.5572,28,NA,NA,"Bckg120.jpg",25,96,18,1,1,1,34,25,157,292,131,25,"goggle1_tr.png",1,292,292,0.2434,1,1.0601,2,0.167
"Sub011_ToD_Online","YA","Morning",1,"granola1_tr.png",202,202,-0.057337296,-0.141914789,2.2947,28,NA,NA,"Bckg49.jpg",191,103,67,2,1,1,50,191,262,206,48,191,"granola1_tr.png",1,206,206,0.1911,1,1.3466,2,0.3006
"Sub011_ToD_Online","YA","Morning",1,"handbag1_tr.png",413,53,0.122239175,0.092113825,3.3199,28,NA,NA,"Bckg97.jpg",66,94,70,2,1,1,44,66,275,244,269,66,"handbag1_tr.png",1,244,244,0.1292,1,0.9627,2,0.2084
"Sub011_ToD_Online","YA","Morning",1,"highheel1_tr.png",134,134,0.110102171,-0.106324431,1.3641,28,NA,NA,"Bckg57.jpg",128,77,26,1,1,1,29,128,108,34,194,128,"highheel1_tr.png",1,34,34,0.9187,1,1.8249,2,0.4794
"Sub011_ToD_Online","YA","Morning",1,"iceskates1_tr.png",198,198,-0.04729815,-0.145568739,3.238,28,0.078831743,-0.131198053,"Bckg27.jpg",186,64,32,1,1,1,19,186,280,131,293,186,"iceskates1_tr.png",1,149,149,2.1994,1,1.1308,2,0.7642
"Sub011_ToD_Online","YA","Morning",1,"lei1_tr.png",54,54,0.123828165,0.089966428,3.749,28,0.117250785,0.098385091,"Bckg119.jpg",49,5,16,1,1,1,32,49,174,32,226,49,"lei1_tr.png",1,50,50,1.8203,1,1.62,1,0.1272
"Sub011_ToD_Online","YA","Morning",1,"lemon1_tr.png",385,25,0.064685964,0.138719497,2.968,28,NA,NA,"Bckg99.jpg",20,66,61,2,1,1,80,20,265,285,180,20,"lemon1_tr.png",1,285,285,0.3221,1,1.3906,2,0.2938
"Sub011_ToD_Online","YA","Morning",1,"oven1_tr.png",131,131,0.115515871,-0.100416415,3.5535,28,NA,NA,"Bckg55.jpg",111,9,120,3,1,1,108,111,305,27,70,111,"oven1_tr.png",1,27,27,0.476,1,1.7974,2,0.3382
"Sub011_ToD_Online","YA","Morning",1,"partyhats1_tr.png",57,57,0.128366942,0.083362467,3.5335,28,-0.131198053,0.078831743,"Bckg110.jpg",52,18,44,2,1,1,49,52,175,231,196,52,"partyhats1_tr.png",1,301,301,3.9448,1,2.0564,2,0.1118
"Sub011_ToD_Online","YA","Morning",1,"pin1_tr.png",298,298,-0.135143985,0.071857331,1.289,28,-0.102417151,0.113745769,"Bckg59.jpg",300,82,100,3,1,1,120,300,260,88,40,300,"pin1_tr.png",1,-42,318,3.681,1,2.657,1,0.0922
"Sub011_ToD_Online","YA","Morning",1,"podium1_tr.png",3,3,0.008010543,0.152850267,2.9539,28,-2.81167e-17,0.15306003,"Bckg75.jpg",356,113,40,1,1,1,1,356,73,322,182,356,"podium1_tr.png",1,360,0,2.1169,1,2.0759,1,0.2935
"Sub011_ToD_Online","YA","Morning",1,"popcorn1_tr.png",147,147,0.083362467,-0.128366942,1.8326,28,NA,NA,"Bckg76.jpg",144,15,109,3,1,1,119,144,211,30,310,144,"popcorn1_tr.png",1,30,30,0.6353,1,1.1592,2,0.1418
"Sub011_ToD_Online","YA","Morning",1,"qtips1_tr.png",177,177,0.008010543,-0.152850267,1.6365,28,NA,NA,"Bckg129.jpg",171,92,53,2,1,1,66,171,235,155,124,171,"qtips1_tr.png",1,155,155,0.0867,1,1.607,2,0.3948
"Sub011_ToD_Online","YA","Morning",1,"radish1_tr.png",223,223,-0.104386689,-0.11194102,1.2748,28,-0.085590083,-0.126892516,"Bckg112.jpg",221,14,106,3,1,1,83,221,203,64,59,221,"radish1_tr.png",1,-146,214,5.135,1,0.9255,1,0.0588
"Sub011_ToD_Online","YA","Morning",1,"rubikscube1_tr.png",120,120,0.132553874,-0.076530015,2.6536,28,NA,NA,"Bckg122.jpg",113,105,11,1,1,1,21,113,4,222,200,113,"rubikscube1_tr.png",1,222,222,1.5119,1,1.5859,2,0.7724
"Sub011_ToD_Online","YA","Morning",1,"scrabble1_tr.png",372,12,0.03182297,0.149715301,3.6257,28,0.005341718,0.15296679,"Bckg91.jpg",15,39,88,3,1,1,96,15,152,156,110,15,"scrabble1_tr.png",1,2,2,4.2418,1,1.4763,1,0.0536
"Sub011_ToD_Online","YA","Morning",1,"sink1_tr.png",181,181,-0.002671266,-0.153036718,3.2664,28,-0.008010543,-0.152850267,"Bckg32.jpg",178,112,7,1,1,1,10,178,267,137,336,178,"sink1_tr.png",1,183,183,2.2921,1,2.0848,1,0.8025
"Sub011_ToD_Online","YA","Morning",1,"sippycup1_tr.png",128,128,0.12061295,-0.094233164,3.3695,28,NA,NA,"Bckg105.jpg",107,106,78,2,1,1,41,107,24,15,204,107,"sippycup1_tr.png",1,15,15,0.3677,1,1.4512,2,0.5644
"Sub011_ToD_Online","YA","Morning",1,"spoon1_tr.png",159,159,0.054851809,-0.142893848,3.9071,28,0.064685964,-0.138719497,"Bckg67.jpg",161,10,72,2,1,1,51,161,301,195,183,161,"spoon1_tr.png",1,155,155,3.3067,1,1.9185,1,0.0501
"Sub011_ToD_Online","YA","Morning",1,"starfish1_tr.png",73,73,0.146372035,0.044750422,3.388,28,NA,NA,"Bckg106.jpg",77,54,84,3,1,1,85,77,197,61,78,77,"starfish1_tr.png",1,61,61,0.1844,1,1.0368,2,0.3721
"Sub011_ToD_Online","YA","Morning",1,"steeringwheel1_tr.png",220,220,-0.098385091,-0.117250785,3.2496,28,0.059805318,-0.1408925,"Bckg62.jpg",229,90,82,3,1,1,102,229,132,225,181,229,"steeringwheel1_tr.png",1,157,157,3.0538,1,1.1746,1,0.1605
"Sub011_ToD_Online","YA","Morning",1,"streamer1_tr.png",-27,333,-0.0694878,0.136377485,2.432,28,NA,NA,"Bckg4.jpg",338,35,113,3,1,1,106,338,69,290,195,338,"streamer1_tr.png",1,290,290,0.2697,1,1.1073,2,0.285
"Sub011_ToD_Online","YA","Morning",1,"suit1_tr.png",263,263,-0.151919144,-0.018653325,3.0759,28,NA,NA,"Bckg52.jpg",262,36,38,1,1,1,3,262,153,255,138,262,"suit1_tr.png",1,255,255,0.5307,1,1.2608,2,0.2911
"Sub011_ToD_Online","YA","Morning",1,"toothpaste1_tr.png",242,242,-0.135143985,-0.071857331,2.0148,28,-0.125379436,-0.087791627,"Bckg38.jpg",259,1,20,1,1,1,8,259,232,85,230,259,"toothpaste1_tr.png",1,235,235,3.5597,1,1.7663,1,0.0568
"Sub011_ToD_Online","YA","Morning",1,"train1_tr.png",125,125,0.125379436,-0.087791627,1.6608,28,NA,NA,"Bckg61.jpg",127,104,71,2,1,1,67,127,71,191,165,127,"train1_tr.png",1,191,191,0.1119,1,0.9492,2,0.2192
"Sub011_ToD_Online","YA","Morning",1,"umbrella1_tr.png",142,142,0.094233164,-0.12061295,1.9295,28,0.12061295,-0.094233164,"Bckg50.jpg",134,101,83,3,1,1,112,134,64,344,85,134,"umbrella1_tr.png",1,128,128,6.2907,1,1.5359,1,0.0656
"Sub011_ToD_Online","YA","Morning",1,"vacuum1_tr.png",129,129,0.118949984,-0.096323798,4.0515,28,0.152687183,-0.010676928,"Bckg60.jpg",108,97,13,1,1,1,5,108,327,356,335,108,"vacuum1_tr.png",1,454,94,3.142,1,2.0823,1,0.0624
"Sub011_ToD_Online","YA","Morning",1,"wagon1_tr.png",103,103,0.149137111,-0.034431015,1.2403,28,NA,NA,"Bckg47.jpg",95,38,48,2,1,1,60,95,87,36,143,95,"wagon1_tr.png",1,36,36,0.317,1,0.9884,2,0.314
"Sub011_ToD_Online","YA","Morning",1,"washingmachine1_tr.png",336,336,-0.062255123,0.139827295,1.7589,28,NA,NA,"Bckg85.jpg",341,34,45,2,1,1,74,341,282,53,158,341,"washingmachine1_tr.png",1,53,53,0.1513,1,0.9759,2,0.3755
"Sub011_ToD_Online","YA","Morning",1,"wheelchair1_tr.png",178,178,0.005341718,-0.15296679,0.7995,28,NA,NA,"Bckg80.jpg",171,52,80,2,1,1,62,171,180,294,263,171,"wheelchair1_tr.png",1,294,294,0.9039,1,1.1616,2,0.8236
"Sub011_ToD_Online","YA","Morning",1,"wisk1_tr.png",-50,310,-0.117250785,0.098385091,3.885,28,NA,NA,"Bckg95.jpg",315,23,37,1,1,1,18,315,150,163,135,315,"wisk1_tr.png",1,163,163,0.3811,1,1.6475,2,0.284
"Sub011_ToD_Online","YA","Morning",1,"woodenbox1_tr.png",325,325,-0.087791627,0.125379436,3.2897,28,NA,NA,"Bckg9.jpg",346,69,59,2,1,1,58,346,209,115,175,346,"woodenbox1_tr.png",1,115,115,0.311,1,1.9713,2,0.861
"Sub012_ToD_Online","YA","Night",1,"apple1_tr.png",473,113,0.231192701,-0.098135479,6.9807,94,0.225739845,0.110100679,"Bckg81.jpg",114,62,36,1,1,1,25,114,347,32,264,114,"apple1_tr.png",1,64,64,4.085,1,2.049,2,0.9475
"Sub012_ToD_Online","YA","Night",1,"bandaid1_tr.png",247,247,-0.231192701,-0.098135479,7.8654,94,-0.227626986,-0.106144207,"Bckg45.jpg",246,107,13,1,1,1,7,246,143,243,11,246,"bandaid1_tr.png",1,245,245,5.6993,1,1.2662,1,0.5515
"Sub012_ToD_Online","YA","Night",1,"basket1_tr.png",110,110,0.236011874,-0.085901297,5.6257,94,-0.243698106,-0.060760762,"Bckg24.jpg",110,8,59,2,1,1,77,110,14,332,96,110,"basket1_tr.png",1,256,256,5.1494,1,3.6524,2,1.4871
"Sub012_ToD_Online","YA","Night",1,"bed1_tr.png",252,252,-0.238866014,-0.077612273,6.509,94,-0.158059222,-0.195186884,"Bckg77.jpg",245,120,79,2,1,1,62,245,138,143,160,245,"bed1_tr.png",1,219,219,6.2149,1,1.5097,2,1.0388
"Sub012_ToD_Online","YA","Night",1,"bell1_tr.png",347,347,-0.05649839,0.244721412,4.1149,94,-0.085901297,0.236011874,"Bckg36.jpg",349,78,47,2,1,1,54,349,287,282,294,349,"bell1_tr.png",1,340,340,5.5975,1,1.2204,1,0.6338
"Sub012_ToD_Online","YA","Night",1,"bike1_tr.png",139,139,0.164774861,-0.189551794,5.4634,94,0.151151013,-0.200584169,"Bckg39.jpg",135,2,18,1,1,1,4,135,209,107,240,135,"bike1_tr.png",1,143,143,6.2827,1,1.9566,2,2.3387
"Sub012_ToD_Online","YA","Night",1,"bow1_tr.png",167,167,0.05649839,-0.244721412,7.4645,94,0.098135479,-0.231192701,"Bckg54.jpg",172,67,45,2,1,1,75,172,311,5,258,172,"bow1_tr.png",1,157,157,7.8506,1,1.0639,1,1.9348
"Sub012_ToD_Online","YA","Night",1,"bowlingpin1_tr.png",297,297,-0.223783942,0.114023614,4.7165,94,-0.223783942,0.114023614,"Bckg34.jpg",301,48,83,3,1,1,86,301,219,51,324,301,"bowlingpin1_tr.png",1,-63,297,6.0632,1,1.0944,2,1.0998
"Sub012_ToD_Online","YA","Night",1,"cakemixer1_tr.png",260,260,-0.247342927,-0.043613231,8.7349,94,-0.243698106,-0.060760762,"Bckg12.jpg",255,117,43,2,1,1,47,255,108,314,330,255,"cakemixer1_tr.png",1,256,256,5.5334,1,1.3623,1,0.5058
"Sub012_ToD_Online","YA","Night",1,"coffeemug1_tr.png",329,329,-0.129356237,0.215284931,4.7321,94,-0.129356237,0.215284931,"Bckg20.jpg",325,70,42,2,1,1,65,325,253,113,22,325,"coffeemug1_tr.png",1,-31,329,9.2503,1,1.1794,1,0.618
"Sub012_ToD_Online","YA","Night",1,"coke1_tr.png",-33,327,-0.136790772,0.210639317,3.8672,94,-0.200584169,0.151151013,"Bckg78.jpg",322,74,120,3,1,1,119,322,31,323,307,322,"coke1_tr.png",1,307,307,9.6532,1,1.3842,1,0.6515
"Sub012_ToD_Online","YA","Night",1,"cucumber1_tr.png",440,80,0.247342927,0.043613231,7.8175,94,0.245670172,0.052218807,"Bckg92.jpg",82,87,37,1,1,1,20,82,286,332,303,82,"cucumber1_tr.png",1,438,78,9.0998,1,1.595,2,0.9847
"Sub012_ToD_Online","YA","Night",1,"dog1_tr.png",154,154,0.110100679,-0.225739845,7.284,94,0.06922869,-0.241429132,"Bckg23.jpg",167,111,32,1,1,1,31,167,16,26,214,167,"dog1_tr.png",1,164,164,8.7368,1,1.8303,1,0.9688
"Sub012_ToD_Online","YA","Night",1,"eggs1_tr.png",86,86,0.25054678,0.017519938,4.4948,94,0.250202856,0.021889913,"Bckg132.jpg",84,28,48,2,1,1,46,84,124,265,170,84,"eggs1_tr.png",1,445,85,11.8875,1,1.1396,1,1.8891
"Sub012_ToD_Online","YA","Night",1,"fantacan1_tr.png",128,128,0.19791567,-0.154628668,5.419,94,0.18066837,-0.174469417,"Bckg86.jpg",126,84,116,3,1,1,109,126,32,278,53,126,"fantacan1_tr.png",1,134,134,8.5836,1,1.444,1,1.2858
"Sub012_ToD_Online","YA","Night",1,"fireextinguisher1_tr.png",294,294,-0.229444789,0.102155402,4.8176,94,0.094085664,-0.23287019,"Bckg88.jpg",294,85,66,2,1,1,66,294,212,94,215,294,"fireextinguisher1_tr.png",1,158,158,6.0338,1,1.4885,2,1.0349
"Sub012_ToD_Online","YA","Night",1,"goggle1_tr.png",31,31,0.129356237,0.215284931,6.6328,94,0.212994564,0.133093775,"Bckg120.jpg",25,96,113,3,1,1,102,25,157,292,131,25,"goggle1_tr.png",1,418,58,9.034,1,1.6965,2,0.9847
"Sub012_ToD_Online","YA","Night",1,"granola1_tr.png",192,192,-0.052218807,-0.245670172,5.4812,94,-0.060760762,-0.243698106,"Bckg49.jpg",191,103,27,1,1,1,13,191,262,206,48,191,"granola1_tr.png",1,194,194,4.9615,1,1.5797,1,0.717
"Sub012_ToD_Online","YA","Night",1,"grater1_tr.png",231,231,-0.195186884,-0.158059222,4.5195,94,-0.250202856,-0.021889913,"Bckg118.jpg",227,108,11,1,1,1,39,227,183,311,225,227,"grater1_tr.png",1,265,265,5.0057,1,1.2724,2,0.956
"Sub012_ToD_Online","YA","Night",1,"hairdryer1_tr.png",56,56,0.208219908,0.140446101,1.6989,94,0.205737072,0.144058649,"Bckg79.jpg",63,73,15,1,1,1,26,63,52,27,90,63,"hairdryer1_tr.png",1,55,55,4.0327,1,1.5694,1,0.9362
"Sub012_ToD_Online","YA","Night",1,"hammer1_tr.png",235,235,-0.205737072,-0.144058649,5.2132,94,-0.183685764,-0.171289746,"Bckg138.jpg",237,118,115,3,1,1,111,237,139,321,245,237,"hammer1_tr.png",1,227,227,6.0335,1,1.5294,1,0.8516
"Sub012_ToD_Online","YA","Night",1,"handbag1_tr.png",427,67,0.231192701,0.098135479,8.9631,94,0.23287019,0.094085664,"Bckg97.jpg",66,94,8,1,1,1,12,66,275,244,269,66,"handbag1_tr.png",1,428,68,14.4337,1,1.4944,1,0.6131
"Sub012_ToD_Online","YA","Night",1,"hat1_tr.png",241,241,-0.219668252,-0.121764101,2.7482,94,-0.203191568,-0.147627315,"Bckg133.jpg",235,68,31,1,1,1,5,235,251,330,13,235,"hat1_tr.png",1,234,234,7.8345,1,1.5825,2,1.8369
"Sub012_ToD_Online","YA","Night",1,"hotdog1_tr.png",151,151,0.121764101,-0.219668252,9.1315,94,0.121764101,-0.219668252,"Bckg126.jpg",152,42,54,2,1,1,57,152,327,275,320,152,"hotdog1_tr.png",1,151,151,8.4166,1,1.1974,1,0.7757
"Sub012_ToD_Online","YA","Night",1,"jackolantern1_tr.png",51,51,0.195186884,0.158059222,5.7393,94,0.16144163,0.192398642,"Bckg21.jpg",51,93,82,3,1,1,112,51,161,66,118,51,"jackolantern1_tr.png",1,40,40,2.8861,1,1.2498,1,0.7017
"Sub012_ToD_Online","YA","Night",1,"jellybeans1_tr.png",239,239,-0.215284931,-0.129356237,7.244,94,-0.18066837,-0.174469417,"Bckg46.jpg",235,49,28,1,1,1,9,235,347,110,157,235,"jellybeans1_tr.png",1,-134,226,13.6509,1,1.5784,2,1.1139
"Sub012_ToD_Online","YA","Night",1,"lemon1_tr.png",385,25,0.106144207,0.227626986,6.0497,94,0.114023614,0.223783942,"Bckg99.jpg",20,66,44,2,1,1,72,20,265,285,180,20,"lemon1_tr.png",1,387,27,6.8331,1,1.4173,1,1.0335
"Sub012_ToD_Online","YA","Night",1,"loaf1_tr.png",461,101,0.246544099,-0.047923318,8.884,94,0.247342927,-0.043613231,"Bckg90.jpg",101,25,114,3,1,1,100,101,357,138,325,101,"loaf1_tr.png",1,100,100,6.1129,1,1.4275,1,0.8497
"Sub012_ToD_Online","YA","Night",1,"motorcycle1_tr.png",258,258,-0.245670172,-0.052218807,4.5985,94,-0.248066411,-0.03928986,"Bckg100.jpg",260,4,74,2,1,1,56,260,342,17,98,260,"motorcycle1_tr.png",1,-99,261,10.3004,1,1.5886,1,0.7288
"Sub012_ToD_Online","YA","Night",1,"oven1_tr.png",479,119,0.219668252,-0.121764101,8.6839,94,-0.240184154,0.073431665,"Bckg55.jpg",111,9,106,3,1,1,92,111,305,27,70,111,"oven1_tr.png",1,-73,287,6.2882,1,2.3591,2,1.0249
"Sub012_ToD_Online","YA","Night",1,"paintpalette1_tr.png",257,257,-0.244721412,-0.05649839,4.2012,94,-0.247342927,-0.043613231,"Bckg56.jpg",259,16,71,2,1,1,64,259,311,154,192,259,"paintpalette1_tr.png",1,260,260,8.0218,1,2.3513,1,0.7022
"Sub012_ToD_Online","YA","Night",1,"penguin1_tr.png",433,73,0.240184154,0.073431665,5.5144,94,0.238866014,0.077612273,"Bckg114.jpg",71,7,25,1,1,1,29,71,333,350,66,71,"penguin1_tr.png",1,432,72,5.4339,1,1.6813,1,1.3196
"Sub012_ToD_Online","YA","Night",1,"popcorn1_tr.png",147,147,0.136790772,-0.210639317,6.4694,94,0.16144163,-0.192398642,"Bckg76.jpg",144,15,4,1,1,1,3,144,211,30,310,144,"popcorn1_tr.png",1,140,140,8.1699,1,1.8481,1,0.8703
"Sub012_ToD_Online","YA","Night",1,"present1_tr.png",179,179,0.004383322,-0.251120337,8.5681,94,1.5379e-17,-0.25115859,"Bckg121.jpg",184,46,61,2,1,1,70,184,45,118,188,184,"present1_tr.png",1,180,180,6.3509,1,1.4718,1,1.0857
"Sub012_ToD_Online","YA","Night",1,"qtips1_tr.png",155,155,0.106144207,-0.227626986,5.3511,94,0.081769239,-0.237475112,"Bckg129.jpg",171,92,23,1,1,1,19,171,235,155,124,171,"qtips1_tr.png",1,161,161,3.583,1,1.5295,1,1.0009
"Sub012_ToD_Online","YA","Night",1,"radish1_tr.png",227,227,-0.183685764,-0.171289746,3.3517,94,-0.140446101,-0.208219908,"Bckg112.jpg",221,14,9,1,1,1,34,221,203,64,59,221,"radish1_tr.png",1,214,214,10.0202,1,2.0087,1,1.3409
"Sub012_ToD_Online","YA","Night",1,"rubikscube1_tr.png",116,116,0.225739845,-0.110100679,5.7771,94,0.174469417,-0.18066837,"Bckg122.jpg",113,105,105,3,1,1,82,113,4,222,200,113,"rubikscube1_tr.png",1,136,136,6.8183,1,1.3161,1,0.8381
"Sub012_ToD_Online","YA","Night",1,"scarf1_tr.png",277,277,-0.249286492,0.030608532,4.0801,94,0.140446101,0.208219908,"Bckg51.jpg",276,59,80,2,1,1,61,276,231,56,236,276,"scarf1_tr.png",1,34,34,4.0192,1,1.8628,2,1.1013
"Sub012_ToD_Online","YA","Night",1,"scrabble1_tr.png",24,24,0.102155402,0.229444789,7.0801,94,0.043613231,0.247342927,"Bckg91.jpg",15,39,97,3,1,1,120,15,152,156,110,15,"scrabble1_tr.png",1,10,10,9.3649,1,1.3112,1,1.1014
"Sub012_ToD_Online","YA","Night",1,"seashell1_tr.png",202,202,-0.094085664,-0.23287019,2.801,94,-0.102155402,-0.229444789,"Bckg8.jpg",205,13,57,2,1,1,76,205,224,134,59,205,"seashell1_tr.png",1,204,204,5.8857,1,1.2468,1,1.2719
"Sub012_ToD_Online","YA","Night",1,"sink1_tr.png",173,173,0.030608532,-0.249286492,5.7685,94,0.013144625,-0.250814386,"Bckg32.jpg",178,112,117,3,1,1,96,178,267,137,336,178,"sink1_tr.png",1,177,177,6.3015,1,2.4921,2,0.8338
"Sub012_ToD_Online","YA","Night",1,"sippycup1_tr.png",110,110,0.236011874,-0.085901297,5.2397,94,0.240184154,-0.073431665,"Bckg105.jpg",107,106,62,2,1,1,73,107,24,15,204,107,"sippycup1_tr.png",1,107,107,7.2451,1,1.1948,1,0.9537
"Sub012_ToD_Online","YA","Night",1,"starfish1_tr.png",69,69,0.234476744,0.090007189,9.5155,94,0.227626986,0.106144207,"Bckg106.jpg",77,54,103,3,1,1,115,77,197,61,78,77,"starfish1_tr.png",1,65,65,2.6382,1,1.314,1,0.7713
"Sub012_ToD_Online","YA","Night",1,"steeringwheel1_tr.png",230,230,-0.192398642,-0.16144163,6.2286,94,-0.177595942,-0.177595942,"Bckg62.jpg",229,90,6,1,1,1,23,229,132,225,181,229,"steeringwheel1_tr.png",1,225,225,3.2887,1,2.0441,2,1.2179
"Sub012_ToD_Online","YA","Night",1,"stoplights1_tr.png",224,224,-0.174469417,-0.18066837,2.7633,94,-0.154628668,-0.19791567,"Bckg53.jpg",219,60,56,2,1,1,48,219,214,124,240,219,"stoplights1_tr.png",1,218,218,7.2986,1,1.6375,1,0.8738
"Sub012_ToD_Online","YA","Night",1,"telephonebooth1_tr.png",212,212,-0.133093775,-0.212994564,7.7848,94,-0.129356237,-0.215284931,"Bckg107.jpg",214,63,30,1,1,1,37,214,64,281,300,214,"telephonebooth1_tr.png",1,211,211,5.8666,1,1.483,1,1.552
"Sub012_ToD_Online","YA","Night",1,"tennisball1_tr.png",382,22,0.094085664,0.23287019,7.7208,94,0.077612273,0.238866014,"Bckg125.jpg",15,31,20,1,1,1,17,15,270,276,311,15,"tennisball1_tr.png",1,378,18,9.1847,1,1.5511,1,0.5464
"Sub012_ToD_Online","YA","Night",1,"tissuebox1_tr.png",5,5,0.021889913,0.250202856,5.2518,94,0.008765308,-0.251005591,"Bckg98.jpg",1,12,118,3,1,1,85,1,95,272,311,1,"tissuebox1_tr.png",1,178,178,7.8729,1,1.3709,2,0.8517
"Sub012_ToD_Online","YA","Night",1,"toothpaste1_tr.png",256,256,-0.243698106,-0.060760762,2.6004,94,-0.244721412,-0.05649839,"Bckg38.jpg",259,1,99,3,1,1,89,259,232,85,230,259,"toothpaste1_tr.png",1,257,257,9.8337,1,1.514,1,0.7179
"Sub012_ToD_Online","YA","Night",1,"train1_tr.png",133,133,0.183685764,-0.171289746,3.5836,94,0.171289746,-0.183685764,"Bckg61.jpg",127,104,107,3,1,1,106,127,71,191,165,127,"train1_tr.png",1,137,137,6.0018,1,1.8327,1,0.7906
"Sub012_ToD_Online","YA","Night",1,"trumpet1_tr.png",351,351,-0.03928986,0.248066411,3.4814,94,-0.030608532,0.249286492,"Bckg130.jpg",355,58,75,2,1,1,52,355,313,133,32,355,"trumpet1_tr.png",1,-7,353,8.2781,1,1.298,1,0.5551
"Sub012_ToD_Online","YA","Night",1,"turtle1_tr.png",215,215,-0.144058649,-0.205737072,2.5793,94,-0.154628668,-0.19791567,"Bckg44.jpg",223,61,46,2,1,1,43,223,185,158,305,223,"turtle1_tr.png",1,218,218,4.6678,1,1.1279,1,1.0515
"Sub012_ToD_Online","YA","Night",1,"umbrella1_tr.png",134,134,0.18066837,-0.174469417,4.6331,94,0.18066837,-0.174469417,"Bckg50.jpg",134,101,7,1,1,1,27,134,64,344,85,134,"umbrella1_tr.png",1,494,134,9.9499,1,1.7001,1,0.6336
"Sub012_ToD_Online","YA","Night",1,"washingmachine1_tr.png",348,348,-0.052218807,0.245670172,4.1156,94,-0.106144207,0.227626986,"Bckg85.jpg",341,34,19,1,1,1,32,341,282,53,158,341,"washingmachine1_tr.png",1,-25,335,6.9455,1,1.549,1,0.783
"Sub012_ToD_Online","YA","Night",1,"waterfilter1_tr.png",128,128,0.19791567,-0.154628668,7.348,94,0.125579295,-0.217509719,"Bckg123.jpg",115,56,93,3,1,1,97,115,280,232,286,115,"waterfilter1_tr.png",1,150,150,9.2947,1,1.4162,2,0.7557
"Sub012_ToD_Online","YA","Night",1,"wheelchair1_tr.png",168,168,0.052218807,-0.245670172,3.7155,94,0.043613231,-0.247342927,"Bckg80.jpg",171,52,87,3,1,1,90,171,180,294,263,171,"wheelchair1_tr.png",1,170,170,8.0918,1,1.7708,1,0.9703
"Sub012_ToD_Online","YA","Night",1,"woodenbox1_tr.png",341,341,-0.081769239,0.237475112,7.7292,94,-0.047923318,0.246544099,"Bckg9.jpg",346,69,68,2,1,1,80,346,209,115,175,346,"woodenbox1_tr.png",1,-11,349,7.7986,1,1.2454,1,0.623
"Sub012_ToD_Online","YA","Night",1,"wreath1_tr.png",231,231,-0.195186884,-0.158059222,7.0475,94,-0.158059222,-0.195186884,"Bckg71.jpg",229,98,85,3,1,1,116,229,357,97,101,229,"wreath1_tr.png",1,219,219,7.2296,1,1.0004,1,0.9844
"Sub013_ToD_Online","YA","Night",1,"airfreshener1_tr.png",-4,356,-0.015350948,0.219528783,3.951,26,0.003840661,0.220031333,"Bckg42.jpg",2,91,55,2,1,1,77,2,156,345,88,2,"airfreshener1_tr.png",1,361,1,0.93,1,1.126,1,0.786
"Sub013_ToD_Online","YA","Night",1,"banana1_tr.png",403,43,0.150083867,0.160945243,3.945,26,0.173413468,-0.13548545,"Bckg93.jpg",44,114,67,2,1,1,72,44,233,78,338,44,"banana1_tr.png",1,128,128,2.043,1,2.964,2,1.154
"Sub013_ToD_Online","YA","Night",1,"bandaid1_tr.png",235,235,-0.180266572,-0.126224012,2.5,26,-0.199446487,-0.093003424,"Bckg45.jpg",246,107,52,2,1,1,44,246,143,243,11,246,"bandaid1_tr.png",1,245,245,0.876,1,1.797,1,0.785
"Sub013_ToD_Online","YA","Night",1,"bbqmachine1_tr.png",175,175,0.019179915,-0.219227437,3.769,26,0.182442029,0.123058702,"Bckg48.jpg",172,40,65,2,1,1,43,172,331,332,338,172,"bbqmachine1_tr.png",1,416,56,2.291,1,1.073,2,0.806
"Sub013_ToD_Online","YA","Night",1,"bird1_tr.png",46,46,0.158301405,0.15286989,1.977,26,0.150083867,0.160945243,"Bckg2.jpg",39,72,93,3,1,1,119,39,118,137,33,39,"bird1_tr.png",1,43,43,2.408,1,0.736,1,0.293
"Sub013_ToD_Online","YA","Night",1,"bow1_tr.png",169,169,0.041990353,-0.216021639,3.264,26,-0.126224012,-0.180266572,"Bckg54.jpg",172,67,66,2,1,1,41,172,311,5,258,172,"bow1_tr.png",1,-145,215,3.433,1,0.993,1,0.183
"Sub013_ToD_Online","YA","Night",1,"boxinggloves1_tr.png",279,279,-0.217355487,0.034425727,2.708,26,0.175751604,-0.132438333,"Bckg131.jpg",276,95,106,3,1,1,91,276,159,125,149,276,"boxinggloves1_tr.png",1,127,127,0.687,1,1.271,2,0.231
"Sub013_ToD_Online","YA","Night",1,"clock1_tr.png",130,130,0.168579455,-0.141454959,0.888,26,0.106689556,0.192473055,"Bckg137.jpg",133,76,113,3,1,1,115,133,128,1,280,133,"clock1_tr.png",1,29,29,1.304,1,1.497,2,0.245
"Sub013_ToD_Online","YA","Night",1,"coffeemug1_tr.png",329,329,-0.113341777,0.188632393,2.013,26,0.212566322,0.056956974,"Bckg20.jpg",325,70,25,1,1,1,31,325,253,113,22,325,"coffeemug1_tr.png",1,75,75,1.728,1,2.756,2,0.729
"Sub013_ToD_Online","YA","Night",1,"coke1_tr.png",-35,325,-0.126224012,0.180266572,2.815,26,-0.150083867,0.160945243,"Bckg78.jpg",322,74,21,1,1,1,1,322,31,323,307,322,"coke1_tr.png",1,317,317,1.472,1,1.662,1,2.641
"Sub013_ToD_Online","YA","Night",1,"cookie1_tr.png",140,140,0.141454959,-0.168579455,1.632,26,-0.085986187,-0.202570762,"Bckg1.jpg",196,109,17,1,1,1,36,196,142,307,242,196,"cookie1_tr.png",1,203,203,2.695,1,1.069,1,0.333
"Sub013_ToD_Online","YA","Night",1,"cucumber1_tr.png",434,74,0.211539911,0.060658093,3.73,26,-0.190581751,0.110032425,"Bckg92.jpg",82,87,37,1,1,1,26,82,286,332,303,82,"cucumber1_tr.png",1,300,300,1.459,1,1.736,2,0.281
"Sub013_ToD_Online","YA","Night",1,"dog1_tr.png",164,164,0.060658093,-0.211539911,3.339,26,0.141454959,-0.168579455,"Bckg23.jpg",167,111,95,3,1,1,96,167,16,26,214,167,"dog1_tr.png",1,140,140,2.583,1,0.79,1,0.154
"Sub013_ToD_Online","YA","Night",1,"dress1_tr.png",93,93,0.219763259,-0.011517304,3.693,26,0.166085051,-0.144375532,"Bckg96.jpg",83,51,45,2,1,1,54,83,239,71,9,83,"dress1_tr.png",1,131,131,2.133,1,1.08,1,1.23
"Sub013_ToD_Online","YA","Night",1,"eggs1_tr.png",88,88,0.219930792,0.007680153,1.696,26,-0.184561913,0.119855908,"Bckg132.jpg",84,28,115,3,1,1,86,84,124,265,170,84,"eggs1_tr.png",1,303,303,1.652,1,1.019,2,0.444
"Sub013_ToD_Online","YA","Night",1,"fantacan1_tr.png",128,128,0.173413468,-0.13548545,2.669,26,0.163540055,0.147252127,"Bckg86.jpg",126,84,54,2,1,1,53,126,32,278,53,126,"fantacan1_tr.png",1,408,48,2.987,1,0.817,2,0.368
"Sub013_ToD_Online","YA","Night",1,"hairdryer1_tr.png",58,58,0.186625577,0.116616603,1,26,-0.192473055,-0.106689556,"Bckg79.jpg",63,73,49,2,1,1,75,63,52,27,90,63,"hairdryer1_tr.png",1,-119,241,3.561,1,0.904,2,0.474
"Sub013_ToD_Online","YA","Night",1,"highheel1_tr.png",118,118,0.19430573,-0.103314189,1.057,26,0.197792977,0.096470081,"Bckg57.jpg",128,77,47,2,1,1,65,128,108,34,194,128,"highheel1_tr.png",1,64,64,1.166,1,1.152,2,0.597
"Sub013_ToD_Online","YA","Night",1,"hotdog1_tr.png",507,147,0.119855908,-0.184561913,3.728,26,0.132438333,-0.175751604,"Bckg126.jpg",152,42,32,1,1,1,30,152,327,275,320,152,"hotdog1_tr.png",1,143,143,3.063,1,1.311,2,0.632
"Sub013_ToD_Online","YA","Night",1,"iceskates1_tr.png",192,192,-0.045754055,-0.215255905,2.38,26,0.160945243,-0.150083867,"Bckg27.jpg",186,64,50,2,1,1,70,186,280,131,293,186,"iceskates1_tr.png",1,133,133,0.718,1,1.056,1,0.369
"Sub013_ToD_Online","YA","Night",1,"jellybeans1_tr.png",237,237,-0.184561913,-0.119855908,2.734,26,0.190581751,-0.110032425,"Bckg46.jpg",235,49,100,3,1,1,110,235,347,110,157,235,"jellybeans1_tr.png",1,120,120,0.875,1,0.881,2,0.722
"Sub013_ToD_Online","YA","Night",1,"lipstick1_tr.png",284,284,NA,NA,1.325,26,NA,NA,"Bckg22.jpg",106,22,46,2,1,1,67,106,284,129,228,106,"lipstick1_tr.png",1,129,129,0.71,1,2.38,2,0.554
"Sub013_ToD_Online","YA","Night",1,"loaf1_tr.png",461,101,0.216021639,-0.041990353,2.56,26,0.15286989,-0.158301405,"Bckg90.jpg",101,25,30,1,1,1,6,101,357,138,325,101,"loaf1_tr.png",1,136,136,1.405,1,1.332,1,0.534
"Sub013_ToD_Online","YA","Night",1,"motorcycle1_tr.png",340,340,-0.075266612,0.206793316,1.77,26,-0.184561913,0.119855908,"Bckg100.jpg",260,4,62,2,1,1,58,260,342,17,98,260,"motorcycle1_tr.png",1,-57,303,2.241,1,1.093,2,0.566
"Sub013_ToD_Online","YA","Night",1,"oven1_tr.png",121,121,0.188632393,-0.113341777,3.849,26,0.106689556,0.192473055,"Bckg55.jpg",111,9,91,3,1,1,85,111,305,27,70,111,"oven1_tr.png",1,29,29,0.654,1,1.012,2,0.604
"Sub013_ToD_Online","YA","Night",1,"paintpalette1_tr.png",245,245,-0.199446487,-0.093003424,2.098,26,-0.206793316,-0.075266612,"Bckg56.jpg",259,16,81,3,1,1,82,259,311,154,192,259,"paintpalette1_tr.png",1,250,250,2.582,1,1.104,1,0.376
"Sub013_ToD_Online","YA","Night",1,"pin1_tr.png",292,292,-0.204040576,0.082437744,1.777,26,-0.173413468,0.13548545,"Bckg59.jpg",300,82,99,3,1,1,93,300,260,88,40,300,"pin1_tr.png",1,-52,308,3.007,1,1.317,1,0.3
"Sub013_ToD_Online","YA","Night",1,"pinecone1_tr.png",170,170,0.03821386,-0.21672157,1.799,26,0.21842452,0.026819159,"Bckg10.jpg",167,55,7,1,1,1,40,167,204,167,102,167,"pinecone1_tr.png",1,83,83,2.273,1,1.053,2,0.646
"Sub013_ToD_Online","YA","Night",1,"popcorn1_tr.png",147,147,0.119855908,-0.184561913,1.825,26,0.219930792,-0.007680153,"Bckg76.jpg",144,15,70,2,1,1,49,144,211,30,310,144,"popcorn1_tr.png",1,92,92,2.076,1,1.187,1,0.673
"Sub013_ToD_Online","YA","Night",1,"qtips1_tr.png",175,175,0.019179915,-0.219227437,2.18,26,-0.034425727,-0.217355487,"Bckg129.jpg",171,92,44,2,1,1,68,171,235,155,124,171,"qtips1_tr.png",1,189,189,1.43,1,1.192,1,0.286
"Sub013_ToD_Online","YA","Night",1,"ricecooker1_tr.png",376,16,0.060658093,0.211539911,4.662,26,0.019179915,0.219227437,"Bckg102.jpg",14,19,3,1,1,1,7,14,178,267,92,14,"ricecooker1_tr.png",1,365,5,2.481,1,1.762,1,0.355
"Sub013_ToD_Online","YA","Night",1,"silvertray1_tr.png",289,289,-0.208075404,0.071646107,1.542,26,-0.199446487,0.093003424,"Bckg64.jpg",288,6,23,1,1,1,25,288,241,343,248,288,"silvertray1_tr.png",1,295,295,1.562,1,2.175,1,0.779
"Sub013_ToD_Online","YA","Night",1,"sink1_tr.png",175,175,0.019179915,-0.219227437,2.91,26,0.144375532,-0.166085051,"Bckg32.jpg",178,112,9,1,1,1,18,178,267,137,336,178,"sink1_tr.png",1,139,139,0.889,1,1.345,2,0.55
"Sub013_ToD_Online","YA","Night",1,"sippycup1_tr.png",112,112,0.204040576,-0.082437744,2.277,26,-0.220031333,0.003840661,"Bckg105.jpg",107,106,112,3,1,1,81,107,24,15,204,107,"sippycup1_tr.png",1,-89,271,2.573,1,1.052,1,0.467
"Sub013_ToD_Online","YA","Night",1,"soccerball1_tr.png",56,56,0.182442029,0.123058702,1.451,26,0.180266572,0.126224012,"Bckg101.jpg",43,53,97,3,1,1,112,43,86,145,39,43,"soccerball1_tr.png",1,55,55,2.326,1,1.021,2,0.243
"Sub013_ToD_Online","YA","Night",1,"spoon1_tr.png",167,167,0.04950382,-0.214424602,3.645,26,0.099907351,-0.196079217,"Bckg67.jpg",161,10,5,1,1,1,14,161,301,195,183,161,"spoon1_tr.png",1,153,153,1.605,1,2.009,2,0.285
"Sub013_ToD_Online","YA","Night",1,"stoplights1_tr.png",214,214,NA,NA,2.944,26,NA,NA,"Bckg53.jpg",219,60,96,3,1,1,108,219,214,124,240,219,"stoplights1_tr.png",1,124,124,0.694,1,0.801,2,0.232
"Sub013_ToD_Online","YA","Night",1,"streamer1_tr.png",-25,335,-0.093003424,0.199446487,2.348,26,0.19430573,-0.103314189,"Bckg4.jpg",338,35,56,2,1,1,57,338,69,290,195,338,"streamer1_tr.png",1,478,118,3.847,1,2.235,2,0.382
"Sub013_ToD_Online","YA","Night",1,"suit1_tr.png",263,263,-0.21842452,-0.026819159,3.467,26,0.216021639,-0.041990353,"Bckg52.jpg",262,36,1,1,1,1,16,262,153,255,138,262,"suit1_tr.png",1,101,101,3.256,1,1.254,1,0.281
"Sub013_ToD_Online","YA","Night",1,"sunglasses1_tr.png",385,25,0.093003424,0.199446487,2.284,26,0.188632393,0.113341777,"Bckg11.jpg",27,29,13,1,1,1,39,27,287,111,147,27,"sunglasses1_tr.png",1,59,59,1.978,1,1.293,1,0.396
"Sub013_ToD_Online","YA","Night",1,"tennisball1_tr.png",376,16,0.060658093,0.211539911,3.341,26,0.19430573,0.103314189,"Bckg125.jpg",15,31,58,2,1,1,56,15,270,276,311,15,"tennisball1_tr.png",1,422,62,3.174,1,1.311,1,3.3
"Sub013_ToD_Online","YA","Night",1,"toad1_tr.png",390,30,0.110032425,0.190581751,2.603,26,0.15286989,0.158301405,"Bckg65.jpg",25,27,94,3,1,1,94,25,278,24,220,25,"toad1_tr.png",1,44,44,1.251,1,0.769,1,0.355
"Sub013_ToD_Online","YA","Night",1,"toaster1_tr.png",351,351,-0.034425727,0.217355487,1.988,26,0.071646107,0.208075404,"Bckg104.jpg",358,119,38,1,1,1,33,358,291,211,356,358,"toaster1_tr.png",1,19,19,4.106,1,1.179,2,0.459
"Sub013_ToD_Online","YA","Night",1,"trophy1_tr.png",74,74,0.211539911,0.060658093,1.388,26,0.15286989,-0.158301405,"Bckg68.jpg",75,99,79,2,1,1,71,75,66,178,228,75,"trophy1_tr.png",1,136,136,1.556,1,0.791,2,0.925
"Sub013_ToD_Online","YA","Night",1,"trumpet1_tr.png",347,347,-0.04950382,0.214424602,0.894,26,0.188632393,0.113341777,"Bckg130.jpg",355,58,40,1,1,1,37,355,313,133,32,355,"trumpet1_tr.png",1,59,59,2.446,1,1.729,2,1.187
"Sub013_ToD_Online","YA","Night",1,"turtle1_tr.png",219,219,-0.138491297,-0.171022509,1.581,26,-0.168579455,-0.141454959,"Bckg44.jpg",223,61,2,1,1,1,11,223,185,158,305,223,"turtle1_tr.png",1,230,230,2.173,1,1.378,1,0.369
"Sub013_ToD_Online","YA","Night",1,"valentinesdaycard1_tr.png",348,348,-0.045754055,0.215255905,2.868,26,-0.071646107,0.208075404,"Bckg111.jpg",338,26,111,3,1,1,105,338,234,203,108,338,"valentinesdaycard1_tr.png",1,341,341,3.011,1,0.616,1,0.722
"Sub013_ToD_Online","YA","Night",1,"vegeplatter1_tr.png",238,238,-0.186625577,-0.116616603,2.849,26,-0.188632393,0.113341777,"Bckg70.jpg",246,30,120,3,1,1,107,246,122,321,75,246,"vegeplatter1_tr.png",1,301,301,1.409,1,0.93,2,0.708
"Sub013_ToD_Online","YA","Night",1,"wagon1_tr.png",89,89,0.220031333,0.003840661,1.276,26,0.206793316,-0.075266612,"Bckg47.jpg",95,38,90,3,1,1,102,95,87,36,143,95,"wagon1_tr.png",1,110,110,2.132,1,0.823,1,0.286
"Sub014_ToD_Online","YA","Night",1,"airfreshener1_tr.png",12,12,0.052400913,0.246526912,5.802,90,0.073687748,0.241021762,"Bckg42.jpg",2,91,33,1,1,1,23,2,156,345,88,2,"airfreshener1_tr.png",1,377,17,4.08,1,1.1962,1,0.8751
"Sub014_ToD_Online","YA","Night",1,"asparagus1_tr.png",258,258,-0.246526912,-0.052400913,3.033,90,-0.171887095,-0.184326343,"Bckg134.jpg",263,47,47,2,1,1,51,263,290,137,190,263,"asparagus1_tr.png",1,223,223,4.1842,1,0.792,2,0.7517
"Sub014_ToD_Online","YA","Night",1,"bagel1_tr.png",243,243,NA,NA,1.3297,90,-0.222533229,-0.118323017,"Bckg43.jpg",246,20,69,2,1,1,75,246,243,284,250,246,"bagel1_tr.png",1,242,242,4.8119,1,1.131,1,0.4709
"Sub014_ToD_Online","YA","Night",1,"bandaid1_tr.png",239,239,-0.216035706,-0.129807348,4.8812,90,NA,NA,"Bckg45.jpg",246,107,35,1,1,1,16,246,143,243,11,246,"bandaid1_tr.png",1,243,243,4.4149,1,1.2952,2,1.2838
"Sub014_ToD_Online","YA","Night",1,"bathingsuit1_tr.png",281,281,-0.247403887,0.048090444,4.0495,90,-0.243446604,0.065231321,"Bckg19.jpg",288,65,66,2,1,1,46,288,311,51,176,288,"bathingsuit1_tr.png",1,-75,285,5.9828,1,1.2272,1,0.4173
"Sub014_ToD_Online","YA","Night",1,"bathroomscale1_tr.png",231,231,-0.195867571,-0.158610431,3.4315,90,-0.190212829,0.16534949,"Bckg17.jpg",226,17,10,1,1,1,12,226,235,285,318,226,"bathroomscale1_tr.png",1,311,311,3.9624,1,3.51,2,1.2674
"Sub014_ToD_Online","YA","Night",1,"bike1_tr.png",139,139,0.16534949,-0.190212829,4.1473,90,0.16534949,-0.190212829,"Bckg39.jpg",135,2,65,2,1,1,79,135,209,107,240,135,"bike1_tr.png",1,139,139,2.8798,1,2.0759,2,1.1526
"Sub014_ToD_Online","YA","Night",1,"bowls1_tr.png",440,80,0.2482055,0.043765326,6.6331,90,0.251075403,0.021966251,"Bckg103.jpg",76,79,70,2,1,1,62,76,238,207,139,76,"bowls1_tr.png",1,85,85,6.9833,1,1.0688,1,0.4842
"Sub014_ToD_Online","YA","Night",1,"boxinggloves1_tr.png",299,299,-0.220434314,0.122188736,5.883,90,0.201283677,-0.15167813,"Bckg131.jpg",276,95,92,3,1,1,110,276,159,125,149,276,"boxinggloves1_tr.png",1,127,127,2.296,1,2.0131,2,0.9508
"Sub014_ToD_Online","YA","Night",1,"breakfast1_tr.png",314,314,-0.181298425,0.175077854,4.4468,90,-0.184326343,0.171887095,"Bckg89.jpg",300,3,2,1,1,1,14,300,348,149,173,300,"breakfast1_tr.png",1,-47,313,7.4636,1,1.1598,1,1.2679
"Sub014_ToD_Online","YA","Night",1,"cabinet1_tr.png",347,347,-0.05669542,0.245574843,5.2481,90,-0.162004635,0.193069605,"Bckg13.jpg",355,110,3,1,1,1,3,355,291,250,164,355,"cabinet1_tr.png",1,320,320,5.4144,1,0.926,2,0.8001
"Sub014_ToD_Online","YA","Night",1,"clock1_tr.png",128,128,0.198605873,-0.155167914,1.8047,90,0.206454551,-0.144561033,"Bckg137.jpg",133,76,15,1,1,1,40,133,128,1,280,133,"clock1_tr.png",1,125,125,5.1516,1,1.7999,2,0.9845
"Sub014_ToD_Online","YA","Night",1,"cookie1_tr.png",204,204,-0.102511654,-0.230244945,5.6965,90,-0.144561033,-0.206454551,"Bckg1.jpg",196,109,63,2,1,1,71,196,142,307,242,196,"cookie1_tr.png",1,215,215,5.9605,1,1.126,1,0.6178
"Sub014_ToD_Online","YA","Night",1,"crayon1_tr.png",258,258,-0.246526912,-0.052400913,4.4894,90,-0.251420527,-0.017581036,"Bckg87.jpg",267,33,83,3,1,1,105,267,220,22,283,267,"crayon1_tr.png",1,-94,266,8.431,1,1.4338,1,0.5514
"Sub014_ToD_Online","YA","Night",1,"fantacan1_tr.png",128,128,0.198605873,-0.155167914,5.3642,90,0.187298112,-0.168643978,"Bckg86.jpg",126,84,7,1,1,1,5,126,32,278,53,126,"fantacan1_tr.png",1,132,132,6.7139,1,1.4268,1,0.8007
"Sub014_ToD_Online","YA","Night",1,"fireextinguisher1_tr.png",298,298,-0.222533229,0.118323017,4.6657,90,-0.203900169,0.148142145,"Bckg88.jpg",294,85,42,2,1,1,54,294,212,94,215,294,"fireextinguisher1_tr.png",1,-54,306,6.8031,1,1.4801,1,1.0184
"Sub014_ToD_Online","YA","Night",1,"hairdryer1_tr.png",62,62,0.222533229,0.118323017,3.1831,90,-0.228420803,0.10651437,"Bckg79.jpg",63,73,72,2,1,1,72,63,52,27,90,63,"hairdryer1_tr.png",1,-65,295,5.8298,1,2.1212,2,1.37
"Sub014_ToD_Online","YA","Night",1,"hammer1_tr.png",223,223,-0.171887095,-0.184326343,8.6126,90,-0.16534949,-0.190212829,"Bckg138.jpg",237,118,32,1,1,1,9,237,139,321,245,237,"hammer1_tr.png",1,221,221,4.7604,1,1.3883,1,0.5751
"Sub014_ToD_Online","YA","Night",1,"handbag1_tr.png",427,67,0.231998953,0.098477713,5.6987,90,0.250653799,0.026344776,"Bckg97.jpg",66,94,98,3,1,1,115,66,275,244,269,66,"handbag1_tr.png",1,444,84,6.831,1,1.1138,1,0.6511
"Sub014_ToD_Online","YA","Night",1,"jackolantern1_tr.png",53,53,0.201283677,0.15167813,4.5673,90,0.193069605,0.162004635,"Bckg21.jpg",51,93,51,2,1,1,56,51,161,66,118,51,"jackolantern1_tr.png",1,50,50,3.0132,1,1.063,1,0.6508
"Sub014_ToD_Online","YA","Night",1,"jellybeans1_tr.png",229,229,-0.190212829,-0.16534949,5.3005,90,-0.155167914,-0.198605873,"Bckg46.jpg",235,49,94,3,1,1,84,235,347,110,157,235,"jellybeans1_tr.png",1,218,218,4.9463,1,1.21,2,1.0011
"Sub014_ToD_Online","YA","Night",1,"kite1_tr.png",185,185,-0.021966251,-0.251075403,8.6499,90,-0.030715275,-0.250155843,"Bckg128.jpg",181,115,118,3,1,1,90,181,59,221,177,181,"kite1_tr.png",1,187,187,10.1474,1,2.194,1,0.8001
"Sub014_ToD_Online","YA","Night",1,"lei1_tr.png",54,54,0.203900169,0.148142145,5.3805,90,0.236834932,0.086200866,"Bckg119.jpg",49,5,44,2,1,1,42,49,174,32,226,49,"lei1_tr.png",1,70,70,3.5938,1,1.5855,1,1.7503
"Sub014_ToD_Online","YA","Night",1,"lipstick1_tr.png",482,122,0.213737352,-0.133557921,6.0643,90,0.206454551,-0.144561033,"Bckg22.jpg",106,22,28,1,1,1,39,106,284,129,228,106,"lipstick1_tr.png",1,125,125,4.5698,1,2.245,1,0.8011
"Sub014_ToD_Online","YA","Night",1,"motorcycle1_tr.png",252,252,-0.239699025,-0.077882934,3.7969,90,-0.251075403,-0.021966251,"Bckg100.jpg",260,4,111,3,1,1,89,260,342,17,98,260,"motorcycle1_tr.png",1,-95,265,6.0275,1,2.7542,1,0.6016
"Sub014_ToD_Online","YA","Night",1,"mouthwash1_tr.png",-13,347,-0.05669542,0.245574843,5.19,90,-0.069470115,0.242271082,"Bckg109.jpg",352,100,55,2,1,1,48,352,115,250,226,352,"mouthwash1_tr.png",1,344,344,4.6307,1,1.6278,1,0.8193
"Sub014_ToD_Online","YA","Night",1,"nailpolish1_tr.png",-60,300,-0.218268254,0.126017235,6.6469,90,-0.226527081,0.11048464,"Bckg84.jpg",301,32,29,1,1,1,37,301,148,320,226,301,"nailpolish1_tr.png",1,296,296,3.2117,1,1.309,1,0.7009
"Sub014_ToD_Online","YA","Night",1,"partyhats1_tr.png",59,59,0.216035706,0.129807348,4.7465,90,-0.190212829,0.16534949,"Bckg110.jpg",52,18,36,1,1,1,35,52,175,231,196,52,"partyhats1_tr.png",1,311,311,5.6968,1,2.3794,2,3.0348
"Sub014_ToD_Online","YA","Night",1,"pickle1_tr.png",143,143,0.15167813,-0.201283677,5.0501,90,0.148142145,-0.203900169,"Bckg66.jpg",150,83,6,1,1,1,29,150,65,78,256,150,"pickle1_tr.png",1,144,144,4.1987,1,1.2197,1,0.5005
"Sub014_ToD_Online","YA","Night",1,"pin1_tr.png",306,306,-0.203900169,0.148142145,3.648,90,0.133557921,0.213737352,"Bckg59.jpg",300,82,23,1,1,1,17,300,260,88,40,300,"pin1_tr.png",1,32,32,3.2659,1,2.7627,2,0.834
"Sub014_ToD_Online","YA","Night",1,"pinecone1_tr.png",174,174,0.026344776,-0.250653799,3.2004,90,-0.004398608,-0.251996084,"Bckg10.jpg",167,55,57,2,1,1,67,167,204,167,102,167,"pinecone1_tr.png",1,181,181,3.2185,1,1.1297,1,0.6013
"Sub014_ToD_Online","YA","Night",1,"qtips1_tr.png",167,167,0.05669542,-0.245574843,4.7825,90,0.082054397,-0.238303273,"Bckg129.jpg",171,92,100,3,1,1,85,171,235,155,124,171,"qtips1_tr.png",1,161,161,3.0811,1,1.7943,1,0.4006
"Sub014_ToD_Online","YA","Night",1,"ricecooker1_tr.png",368,8,0.035076419,0.249581688,6.5021,90,0.013190465,0.251689066,"Bckg102.jpg",14,19,116,3,1,1,91,14,178,267,92,14,"ricecooker1_tr.png",1,363,3,5.8271,1,1.0951,1,0.6351
"Sub014_ToD_Online","YA","Night",1,"rubikscube1_tr.png",118,118,0.222533229,-0.118323017,5.1986,90,0.251420527,-0.017581036,"Bckg122.jpg",113,105,21,1,1,1,20,113,4,222,200,113,"rubikscube1_tr.png",1,94,94,7.086,1,1.6084,2,3.4864
"Sub014_ToD_Online","YA","Night",1,"seashell1_tr.png",202,202,-0.094413774,-0.233682291,3.4814,90,-0.077882934,-0.239699025,"Bckg8.jpg",205,13,9,1,1,1,26,205,224,134,59,205,"seashell1_tr.png",1,198,198,4.8141,1,0.9956,2,0.855
"Sub014_ToD_Online","YA","Night",1,"silvertray1_tr.png",289,289,-0.238303273,0.082054397,3.7801,90,-0.216035706,0.129807348,"Bckg64.jpg",288,6,46,2,1,1,50,288,241,343,248,288,"silvertray1_tr.png",1,301,301,3.5453,1,1.344,1,0.486
"Sub014_ToD_Online","YA","Night",1,"soccerball1_tr.png",48,48,0.187298112,0.168643978,4.8195,90,0.178215283,0.178215283,"Bckg101.jpg",43,53,1,1,1,1,24,43,86,145,39,43,"soccerball1_tr.png",1,45,45,6.7967,1,2.9754,1,1.4181
"Sub014_ToD_Online","YA","Night",1,"spoon1_tr.png",519,159,0.090321076,-0.235294448,9.5805,90,0.073687748,-0.241021762,"Bckg67.jpg",161,10,22,1,1,1,30,161,301,195,183,161,"spoon1_tr.png",1,163,163,8.2442,1,0.967,1,0.9336
"Sub014_ToD_Online","YA","Night",1,"starfish1_tr.png",69,69,0.235294448,0.090321076,5.8688,90,0.065231321,-0.243446604,"Bckg106.jpg",77,54,82,3,1,1,97,77,197,61,78,77,"starfish1_tr.png",1,165,165,5.3496,1,1.6862,2,0.9003
"Sub014_ToD_Online","YA","Night",1,"stoplights1_tr.png",216,216,-0.148142145,-0.203900169,2.4835,90,NA,NA,"Bckg53.jpg",219,60,64,2,1,1,60,219,214,124,240,219,"stoplights1_tr.png",1,124,124,2.1157,1,3.1795,2,1.0207
"Sub014_ToD_Online","YA","Night",1,"streamer1_tr.png",-25,335,-0.10651437,0.228420803,4.7832,90,-0.102511654,0.230244945,"Bckg4.jpg",338,35,81,3,1,1,109,338,69,290,195,338,"streamer1_tr.png",1,336,336,2.8644,1,1.0622,1,0.5674
"Sub014_ToD_Online","YA","Night",1,"suit1_tr.png",253,253,-0.241021762,-0.073687748,4.2317,90,-0.251075403,-0.021966251,"Bckg52.jpg",262,36,25,1,1,1,33,262,153,255,138,262,"suit1_tr.png",1,265,265,3.9241,1,3.1674,1,1.5833
"Sub014_ToD_Online","YA","Night",1,"toad1_tr.png",392,32,0.133557921,0.213737352,5.2983,90,-0.168643978,-0.187298112,"Bckg65.jpg",25,27,97,3,1,1,93,25,278,24,220,25,"toad1_tr.png",1,-138,222,6.8967,1,1.4842,2,1.1404
"Sub014_ToD_Online","YA","Night",1,"toaster1_tr.png",355,355,-0.021966251,0.251075403,3.1328,90,-0.004398608,0.251996084,"Bckg104.jpg",358,119,62,2,1,1,76,358,291,211,356,358,"toaster1_tr.png",1,-1,359,8.397,1,1.2301,1,0.8063
"Sub014_ToD_Online","YA","Night",1,"toothpaste1_tr.png",248,248,-0.233682291,-0.094413774,3.2494,90,-0.235294448,0.090321076,"Bckg38.jpg",259,1,52,2,1,1,45,259,232,85,230,259,"toothpaste1_tr.png",1,-69,291,7.668,1,1.4438,1,0.5515
"Sub014_ToD_Online","YA","Night",1,"trumpet1_tr.png",351,351,-0.039426877,0.248931507,2.8224,90,-0.048090444,0.247403887,"Bckg130.jpg",355,58,119,3,1,1,104,355,313,133,32,355,"trumpet1_tr.png",1,-11,349,6.8307,1,1.7003,2,1.7505
"Sub014_ToD_Online","YA","Night",1,"turtle1_tr.png",221,221,-0.16534949,-0.190212829,5.6466,90,-0.140935887,-0.208946045,"Bckg44.jpg",223,61,117,3,1,1,102,223,185,158,305,223,"turtle1_tr.png",1,214,214,3.8951,1,1.9273,2,1.0886
"Sub014_ToD_Online","YA","Night",1,"wagon1_tr.png",97,97,0.250155843,-0.030715275,2.2477,90,0.233682291,-0.094413774,"Bckg47.jpg",95,38,8,1,1,1,34,95,87,36,143,95,"wagon1_tr.png",1,112,112,5.2206,1,2.5803,1,0.7734
"Sub014_ToD_Online","YA","Night",1,"watch1_tr.png",131,131,0.190212829,-0.16534949,3.7472,90,0.178215283,-0.178215283,"Bckg117.jpg",119,43,61,2,1,1,55,119,181,237,158,119,"watch1_tr.png",1,135,135,7.3621,1,1.1864,1,0.5006
"Sub014_ToD_Online","YA","Night",1,"wreath1_tr.png",221,221,-0.16534949,-0.190212829,4.8165,90,-0.195867571,-0.158610431,"Bckg71.jpg",229,98,114,3,1,1,107,229,357,97,101,229,"wreath1_tr.png",1,-129,231,7.8813,1,1.3034,1,0.736
"Sub015_ToD_Online","YA","Night",1,"bagel1_tr.png",243,243,-0.196274321,-0.100006762,1.7427,218,0.168747196,-0.14159571,"Bckg43.jpg",246,20,37,1,1,1,24,246,243,284,250,246,"bagel1_tr.png",1,130,130,3.6719,1,1.9429,2,1.3614
"Sub015_ToD_Online","YA","Night",1,"bandaid1_tr.png",251,251,-0.208282444,-0.071717397,3.0094,218,-0.175926481,0.132570112,"Bckg45.jpg",246,107,70,2,1,1,61,246,143,243,11,246,"bandaid1_tr.png",1,307,307,2.2339,1,1.5277,2,0.8242
"Sub015_ToD_Online","YA","Night",1,"basket1_tr.png",112,112,0.204243601,-0.082519771,2.4973,218,0.201239283,-0.089597501,"Bckg24.jpg",110,8,104,3,1,1,86,110,14,332,96,110,"basket1_tr.png",1,474,114,3.8813,1,1.6516,1,0.517
"Sub015_ToD_Online","YA","Night",1,"bbqmachine1_tr.png",157,157,0.086071746,-0.202772325,3.8905,218,-0.096566071,0.197989786,"Bckg48.jpg",172,40,43,2,1,1,45,172,331,332,338,172,"bbqmachine1_tr.png",1,334,334,0.9568,1,1.4462,2,0.7271
"Sub015_ToD_Online","YA","Night",1,"bow1_tr.png",151,151,0.106795715,-0.19266457,4.6706,218,0.003844483,-0.22025027,"Bckg54.jpg",172,67,87,3,1,1,107,172,311,5,258,172,"bow1_tr.png",1,-181,179,4.1504,1,1.372,1,1.0616
"Sub015_ToD_Online","YA","Night",1,"bowls1_tr.png",422,62,0.194499069,0.103416989,4.2504,218,NA,NA,"Bckg103.jpg",76,79,79,2,1,1,67,76,238,207,139,76,"bowls1_tr.png",1,207,207,1.1824,1,1.4471,2,0.4869
"Sub015_ToD_Online","YA","Night",1,"boxinggloves1_tr.png",277,277,-0.218641858,0.026845845,3.8163,218,0.22025027,0.003844483,"Bckg131.jpg",276,95,5,1,1,1,40,276,159,125,149,276,"boxinggloves1_tr.png",1,89,89,1.8123,1,1.9806,2,0.6767
"Sub015_ToD_Online","YA","Night",1,"breakfast1_tr.png",300,300,-0.190771384,0.11014191,1.7609,218,-0.132570112,0.175926481,"Bckg89.jpg",300,3,89,3,1,1,98,300,348,149,173,300,"breakfast1_tr.png",1,-37,323,4.2209,1,0.9812,1,0.561
"Sub015_ToD_Online","YA","Night",1,"cakemixer1_tr.png",248,248,-0.204243601,-0.082519771,3.3165,218,-0.186811274,-0.11673264,"Bckg12.jpg",255,117,108,3,1,1,102,255,108,314,330,255,"cakemixer1_tr.png",1,238,238,2.0144,1,1.2405,1,0.485
"Sub015_ToD_Online","YA","Night",1,"clock1_tr.png",134,134,0.158458919,-0.153021999,1.4951,218,0.011528764,0.219981929,"Bckg137.jpg",133,76,101,3,1,1,89,133,128,1,280,133,"clock1_tr.png",1,3,3,0.9506,1,1.4236,2,0.5836
"Sub015_ToD_Online","YA","Night",1,"cookie1_tr.png",210,210,-0.11014191,-0.190771384,2.2785,218,-0.100006762,-0.196274321,"Bckg1.jpg",196,109,56,2,1,1,54,196,142,307,242,196,"cookie1_tr.png",1,207,207,2.7922,1,1.3911,1,0.9039
"Sub015_ToD_Online","YA","Night",1,"cow1_tr.png",-26,334,-0.096566071,0.197989786,5.0843,218,-0.011528764,0.219981929,"Bckg113.jpg",352,24,49,2,1,1,48,352,172,11,137,352,"cow1_tr.png",1,-3,357,1.7398,1,1.5715,1,0.8773
"Sub015_ToD_Online","YA","Night",1,"crayon1_tr.png",264,264,-0.219077082,-0.023025929,1.9121,218,0.089597501,0.201239283,"Bckg87.jpg",267,33,86,3,1,1,115,267,220,22,283,267,"crayon1_tr.png",1,24,24,1.2134,1,2.3563,2,0.9964
"Sub015_ToD_Online","YA","Night",1,"dress1_tr.png",83,83,0.218641858,0.026845845,3.9816,218,NA,NA,"Bckg96.jpg",83,51,118,3,1,1,97,83,239,71,9,83,"dress1_tr.png",1,71,71,0.939,1,1.4619,2,1.005
"Sub015_ToD_Online","YA","Night",1,"fireextinguisher1_tr.png",310,310,-0.168747196,0.14159571,3.2617,218,NA,NA,"Bckg88.jpg",294,85,51,2,1,1,76,294,212,94,215,294,"fireextinguisher1_tr.png",1,94,94,0.7343,1,1.5808,2,0.5338
"Sub015_ToD_Online","YA","Night",1,"granola1_tr.png",208,208,-0.103416989,-0.194499069,2.0573,218,-0.129479581,-0.178213354,"Bckg49.jpg",191,103,18,1,1,1,36,191,262,206,48,191,"granola1_tr.png",1,216,216,2.5021,1,1.0559,1,0.491
"Sub015_ToD_Online","YA","Night",1,"hammer1_tr.png",245,245,-0.199644941,-0.093095965,3.5605,218,NA,NA,"Bckg138.jpg",237,118,2,1,1,1,2,237,139,321,245,237,"hammer1_tr.png",1,321,321,0.8168,1,2.7945,2,0.7602
"Sub015_ToD_Online","YA","Night",1,"lipstick1_tr.png",122,122,0.186811274,-0.11673264,4.5485,218,0.175926481,-0.132570112,"Bckg22.jpg",106,22,10,1,1,1,1,106,284,129,228,106,"lipstick1_tr.png",1,127,127,0.7954,1,1.2688,2,0.6372
"Sub015_ToD_Online","YA","Night",1,"loaf1_tr.png",467,107,0.210658465,-0.064404756,2.5913,218,0.201239283,-0.089597501,"Bckg90.jpg",101,25,92,3,1,1,100,101,357,138,325,101,"loaf1_tr.png",1,114,114,1.6773,1,1.3571,1,0.5862
"Sub015_ToD_Online","YA","Night",1,"motorcycle1_tr.png",246,246,-0.201239283,-0.089597501,2.4139,218,NA,NA,"Bckg100.jpg",260,4,91,3,1,1,110,260,342,17,98,260,"motorcycle1_tr.png",1,17,17,0.2918,1,1.692,2,0.765
"Sub015_ToD_Online","YA","Night",1,"mouthwash1_tr.png",337,337,-0.086071746,0.202772325,4.5099,218,-0.068071444,0.209502362,"Bckg109.jpg",352,100,78,2,1,1,74,352,115,250,226,352,"mouthwash1_tr.png",1,342,342,2.9241,1,1.3703,1,0.5032
"Sub015_ToD_Online","YA","Night",1,"nailpolish1_tr.png",302,302,-0.186811274,0.11673264,4.4851,218,-0.186811274,0.11673264,"Bckg84.jpg",301,32,38,1,1,1,35,301,148,320,226,301,"nailpolish1_tr.png",1,302,302,1.7304,1,1.135,1,0.8621
"Sub015_ToD_Online","YA","Night",1,"paintpalette1_tr.png",251,251,-0.208282444,-0.071717397,2.1562,218,NA,NA,"Bckg56.jpg",259,16,66,2,1,1,41,259,311,154,192,259,"paintpalette1_tr.png",1,154,154,0.6836,1,1.7331,2,0.5514
"Sub015_ToD_Online","YA","Night",1,"pan1_tr.png",129,129,0.171192681,-0.1386291,1.9992,218,0.123181149,0.182623563,"Bckg58.jpg",133,116,40,1,1,1,11,133,89,30,229,133,"pan1_tr.png",1,34,34,1.9374,1,1.201,1,0.641
"Sub015_ToD_Online","YA","Night",1,"penguin1_tr.png",423,63,0.196274321,0.100006762,2.9748,218,-0.123181149,-0.182623563,"Bckg114.jpg",71,7,77,2,1,1,65,71,333,350,66,71,"penguin1_tr.png",1,214,214,3.4959,1,1.8001,1,0.6134
"Sub015_ToD_Online","YA","Night",1,"pizza1_tr.png",35,35,0.126349608,0.180445941,2.9574,218,0.1386291,0.171192681,"Bckg83.jpg",31,80,113,3,1,1,84,31,153,237,175,31,"pizza1_tr.png",1,399,39,3.6551,1,1.2077,1,1.0354
"Sub015_ToD_Online","YA","Night",1,"plant1_tr.png",223,223,-0.150233204,-0.161105387,1.4781,218,NA,NA,"Bckg116.jpg",229,75,109,3,1,1,88,229,191,233,122,229,"plant1_tr.png",1,233,233,0.605,1,2.2964,2,0.7333
"Sub015_ToD_Online","YA","Night",1,"present1_tr.png",197,197,-0.064404756,-0.210658465,3.5006,218,NA,NA,"Bckg121.jpg",184,46,76,2,1,1,72,184,45,118,188,184,"present1_tr.png",1,118,118,1.09,1,1.6019,2,0.8009
"Sub015_ToD_Online","YA","Night",1,"radish1_tr.png",223,223,-0.150233204,-0.161105387,1.5437,218,NA,NA,"Bckg112.jpg",221,14,47,2,1,1,58,221,203,64,59,221,"radish1_tr.png",1,64,64,1.1866,1,1.4272,2,0.6681
"Sub015_ToD_Online","YA","Night",1,"rubikscube1_tr.png",132,132,0.163702781,-0.147398646,2.9742,218,0.20699908,-0.075341504,"Bckg122.jpg",113,105,27,1,1,1,25,113,4,222,200,113,"rubikscube1_tr.png",1,110,110,3.4179,1,1.0352,1,1.1048
"Sub015_ToD_Online","YA","Night",1,"silvertray1_tr.png",303,303,-0.184745556,0.119975167,3.5299,218,-0.188820087,0.113454555,"Bckg64.jpg",288,6,8,1,1,1,13,288,241,343,248,288,"silvertray1_tr.png",1,301,301,3.4466,1,2.075,1,1.5044
"Sub015_ToD_Online","YA","Night",1,"sink1_tr.png",181,181,-0.003844483,-0.22025027,3.308,218,0.011528764,-0.219981929,"Bckg32.jpg",178,112,32,1,1,1,31,178,267,137,336,178,"sink1_tr.png",1,177,177,3.0424,1,3.9049,1,0.4755
"Sub015_ToD_Online","YA","Night",1,"spoon1_tr.png",147,147,0.119975167,-0.184745556,3.8865,218,0.155764183,-0.155764183,"Bckg67.jpg",161,10,58,2,1,1,53,161,301,195,183,161,"spoon1_tr.png",1,135,135,2.3995,1,1.4725,2,0.8734
"Sub015_ToD_Online","YA","Night",1,"starfish1_tr.png",61,61,0.19266457,0.106795715,3.3631,218,-0.026845845,0.218641858,"Bckg106.jpg",77,54,36,1,1,1,32,77,197,61,78,77,"starfish1_tr.png",1,-7,353,2.3033,1,1.716,2,0.6441
"Sub015_ToD_Online","YA","Night",1,"stoplights1_tr.png",226,226,-0.158458919,-0.153021999,2.1228,218,-0.178213354,-0.129479581,"Bckg53.jpg",219,60,73,2,1,1,66,219,214,124,240,219,"stoplights1_tr.png",1,234,234,2.9338,1,1.8326,1,0.9093
"Sub015_ToD_Online","YA","Night",1,"toaster1_tr.png",361,1,0.003844483,0.22025027,3.285,218,-0.011528764,-0.219981929,"Bckg104.jpg",358,119,11,1,1,1,22,358,291,211,356,358,"toaster1_tr.png",1,183,183,1.5997,1,1.4239,2,0.8252
"Sub015_ToD_Online","YA","Night",1,"tractor1_tr.png",-44,316,-0.153021999,0.158458919,4.0652,218,NA,NA,"Bckg63.jpg",316,86,90,3,1,1,94,316,132,20,87,316,"tractor1_tr.png",1,20,20,0.7988,1,2.6732,2,0.5581
"Sub015_ToD_Online","YA","Night",1,"train1_tr.png",129,129,0.171192681,-0.1386291,3.2948,218,0.208282444,0.071717397,"Bckg61.jpg",127,104,45,2,1,1,77,127,71,191,165,127,"train1_tr.png",1,71,71,2.8285,1,2.0218,2,0.6269
"Sub015_ToD_Online","YA","Night",1,"trumpet1_tr.png",345,345,-0.057013648,0.212777831,1.4837,218,-0.1386291,0.171192681,"Bckg130.jpg",355,58,41,2,1,1,69,355,313,133,32,355,"trumpet1_tr.png",1,-39,321,4.0984,1,0.902,1,0.9105
"Sub015_ToD_Online","YA","Night",1,"turtle1_tr.png",225,225,-0.155764183,-0.155764183,1.7566,218,NA,NA,"Bckg44.jpg",223,61,50,2,1,1,47,223,185,158,305,223,"turtle1_tr.png",1,158,158,0.7193,1,1.3562,2,0.502
"Sub015_ToD_Online","YA","Night",1,"umbrella1_tr.png",150,150,0.11014191,-0.190771384,2.8965,218,-0.068071444,0.209502362,"Bckg50.jpg",134,101,24,1,1,1,37,134,64,344,85,134,"umbrella1_tr.png",1,342,342,1.6858,1,1.9232,2,1.0014
"Sub015_ToD_Online","YA","Night",1,"wagon1_tr.png",85,85,0.219445574,0.019199,1.6709,218,0.21547009,0.045799581,"Bckg47.jpg",95,38,22,1,1,1,4,95,87,36,143,95,"wagon1_tr.png",1,78,78,1.9938,1,1.2137,1,0.8018
"Sub015_ToD_Online","YA","Night",1,"wisk1_tr.png",322,322,-0.135620262,0.173586019,4.1377,218,-0.155764183,0.155764183,"Bckg95.jpg",315,23,117,3,1,1,118,315,150,163,135,315,"wisk1_tr.png",1,315,315,3.4343,1,1.019,1,0.888
"Sub015_ToD_Online","YA","Night",1,"woodenbox1_tr.png",339,339,-0.078942661,0.205652663,3.4171,218,NA,NA,"Bckg9.jpg",346,69,44,2,1,1,56,346,209,115,175,346,"woodenbox1_tr.png",1,115,115,0.9842,1,1.4287,2,0.6263
"Sub016_ToD_Online","OA","Night",1,"airfreshener1_tr.png",364,4,0.010967145,0.156837479,6.3434,236,0.029999078,0.154331877,"Bckg42.jpg",2,91,8,1,1,1,28,2,156,345,88,2,"airfreshener1_tr.png",1,371,11,7.9676,1,4.2009,1,1.3776
"Sub016_ToD_Online","OA","Night",1,"bagel1_tr.png",601,241,-0.137508113,-0.076221992,7.0145,236,-0.123891413,-0.09679458,"Bckg43.jpg",246,20,38,1,1,1,30,246,243,284,250,246,"bagel1_tr.png",1,232,232,8.3507,1,3.41,1,1.3776
"Sub016_ToD_Online","OA","Night",1,"bandaid1_tr.png",245,245,-0.142490127,-0.066444238,3.384,236,-0.094617635,-0.125561842,"Bckg45.jpg",246,107,105,3,1,1,105,246,143,243,11,246,"bandaid1_tr.png",1,217,217,6.0819,1,2.3065,1,1.284
"Sub016_ToD_Online","OA","Night",1,"bathingsuit1_tr.png",285,285,-0.151863303,0.040691649,3.9775,236,-0.156048563,-0.019160354,"Bckg19.jpg",288,65,83,3,1,1,112,288,311,51,176,288,"bathingsuit1_tr.png",1,-97,263,6.1674,1,2.6867,1,1.352
"Sub016_ToD_Online","OA","Night",1,"bbqmachine1_tr.png",531,171,0.024594699,-0.155284815,5.2502,236,-0.021880859,-0.155690401,"Bckg48.jpg",172,40,43,2,1,1,59,172,331,332,338,172,"bbqmachine1_tr.png",1,548,188,8.3772,1,2.3606,1,1.1943
"Sub016_ToD_Online","OA","Night",1,"bed1_tr.png",252,252,-0.149525543,-0.048583794,3.7943,236,-0.15319091,-0.035366908,"Bckg77.jpg",245,120,54,2,1,1,75,245,138,143,160,245,"bed1_tr.png",1,257,257,8.2951,1,2.5001,1,1.3128
"Sub016_ToD_Online","OA","Night",1,"binder1_tr.png",456,96,0.15635919,-0.016434013,6.0102,236,NA,NA,"Bckg82.jpg",91,21,74,2,1,1,69,91,236,320,312,91,"binder1_tr.png",1,320,320,4.9501,1,4.4008,2,1.9933
"Sub016_ToD_Online","OA","Night",1,"cabinet1_tr.png",353,353,-0.019160354,0.156048563,2.8166,236,NA,NA,"Bckg13.jpg",355,110,106,3,1,1,116,355,291,250,164,355,"cabinet1_tr.png",1,250,250,2.2837,1,1.7834,2,1.5001
"Sub016_ToD_Online","OA","Night",1,"cakemixer1_tr.png",258,258,-0.153784816,-0.032687972,7.4998,236,-0.141308813,-0.068920913,"Bckg12.jpg",255,117,33,1,1,1,15,255,108,314,330,255,"cakemixer1_tr.png",1,604,244,9.3616,1,4.0671,1,2.6643
"Sub016_ToD_Online","OA","Night",1,"christmasstocking1_tr.png",524,164,0.043335832,-0.151130006,5.6167,236,0.010967145,-0.156837479,"Bckg136.jpg",165,50,49,2,1,1,63,165,322,246,121,165,"christmasstocking1_tr.png",1,536,176,9.9678,1,3.2559,1,1.6573
"Sub016_ToD_Online","OA","Night",1,"coke1_tr.png",329,329,-0.080974523,0.134764237,7.1171,236,0.103145902,0.118655787,"Bckg78.jpg",322,74,75,2,1,1,54,322,31,323,307,322,"coke1_tr.png",1,401,41,6.6004,1,2.949,1,2.253
"Sub016_ToD_Online","OA","Night",1,"cookie1_tr.png",226,226,-0.113094934,-0.109214509,4.68,236,-0.019160354,-0.156048563,"Bckg1.jpg",196,109,46,2,1,1,67,196,142,307,242,196,"cookie1_tr.png",1,187,187,6.6281,1,3.7434,1,1.1644
"Sub016_ToD_Online","OA","Night",1,"cucumber1_tr.png",438,78,0.153784816,0.032687972,4.1985,236,NA,NA,"Bckg92.jpg",82,87,87,3,1,1,87,82,286,332,303,82,"cucumber1_tr.png",1,332,332,2.0499,1,2.6999,2,1.5169
"Sub016_ToD_Online","OA","Night",1,"dress1_tr.png",455,95,0.156622189,-0.013702666,6.1495,236,0.15319091,-0.035366908,"Bckg96.jpg",83,51,10,1,1,1,20,83,239,71,9,83,"dress1_tr.png",1,103,103,4.2654,1,3.9168,1,1.2835
"Sub016_ToD_Online","OA","Night",1,"fireextinguisher1_tr.png",316,316,-0.109214509,0.113094934,3.4773,236,-0.12043786,0.101059364,"Bckg88.jpg",294,85,25,1,1,1,9,294,212,94,215,294,"fireextinguisher1_tr.png",1,310,310,8.9651,1,4.3823,1,2.9234
"Sub016_ToD_Online","OA","Night",1,"goggle1_tr.png",393,33,0.0856284,0.131856172,6.0009,236,NA,NA,"Bckg120.jpg",25,96,73,2,1,1,78,25,157,292,131,25,"goggle1_tr.png",1,292,292,2.5109,1,2.9105,2,1.6345
"Sub016_ToD_Online","OA","Night",1,"granola1_tr.png",210,210,-0.07861023,-0.136156912,4.9498,236,-0.005486915,-0.157124686,"Bckg49.jpg",191,103,51,2,1,1,50,191,262,206,48,191,"granola1_tr.png",1,182,182,8.1338,1,2.4439,1,1.567
"Sub016_ToD_Online","OA","Night",1,"handbag1_tr.png",429,69,0.146777944,0.056342774,5.927,236,0.157124686,0.005486915,"Bckg97.jpg",66,94,32,1,1,1,37,66,275,244,269,66,"handbag1_tr.png",1,448,88,10.0989,1,3.2679,1,1.2531
"Sub016_ToD_Online","OA","Night",1,"hotdog1_tr.png",507,147,0.0856284,-0.131856172,6.0505,236,0.125561842,-0.094617635,"Bckg126.jpg",152,42,19,1,1,1,3,152,327,275,320,152,"hotdog1_tr.png",1,487,127,12.2994,1,5.0447,2,2.0944
"Sub016_ToD_Online","OA","Night",1,"lei1_tr.png",432,72,0.149525543,0.048583794,6.183,236,0.136156912,0.07861023,"Bckg119.jpg",49,5,11,1,1,1,36,49,174,32,226,49,"lei1_tr.png",1,60,60,4.4481,1,2.5512,1,1.567
"Sub016_ToD_Online","OA","Night",1,"lemon1_tr.png",393,33,0.0856284,0.131856172,4.2282,236,-0.125561842,-0.094617635,"Bckg99.jpg",20,66,90,3,1,1,111,20,265,285,180,20,"lemon1_tr.png",1,233,233,7.077,1,2.8608,1,1.2618
"Sub016_ToD_Online","OA","Night",1,"mouthwash1_tr.png",341,341,-0.051185975,0.148654865,6.3645,236,-0.005486915,0.157124686,"Bckg109.jpg",352,100,17,1,1,1,25,352,115,250,226,352,"mouthwash1_tr.png",1,358,358,7.2156,1,3.1609,1,2.4168
"Sub016_ToD_Online","OA","Night",1,"nailpolish1_tr.png",316,316,-0.109214509,0.113094934,4.814,236,-0.154831928,-0.027301046,"Bckg84.jpg",301,32,86,3,1,1,92,301,148,320,226,301,"nailpolish1_tr.png",1,260,260,5.3101,1,2.4933,1,1.2852
"Sub016_ToD_Online","OA","Night",1,"penguin1_tr.png",447,87,0.157004995,0.008228283,3.5685,236,0.155690401,0.021880859,"Bckg114.jpg",71,7,70,2,1,1,71,71,333,350,66,71,"penguin1_tr.png",1,442,82,6.75,1,3.2019,1,1.4168
"Sub016_ToD_Online","OA","Night",1,"pin1_tr.png",318,318,-0.105201022,0.116837571,2.7833,236,NA,NA,"Bckg59.jpg",300,82,117,3,1,1,115,300,260,88,40,300,"pin1_tr.png",1,88,88,2.315,1,2.1122,2,1.9986
"Sub016_ToD_Online","OA","Night",1,"pizza1_tr.png",417,57,0.131856172,0.0856284,6.1491,236,-0.035366908,-0.15319091,"Bckg83.jpg",31,80,109,3,1,1,90,31,153,237,175,31,"pizza1_tr.png",1,193,193,6.2367,1,3.9514,1,1.5502
"Sub016_ToD_Online","OA","Night",1,"present1_tr.png",185,185,-0.013702666,-0.156622189,4.2999,236,-0.010967145,-0.156837479,"Bckg121.jpg",184,46,23,1,1,1,34,184,45,118,188,184,"present1_tr.png",1,184,184,8.4502,1,2.6185,1,1.2441
"Sub016_ToD_Online","OA","Night",1,"radish1_tr.png",211,211,-0.080974523,-0.134764237,4.8992,236,0.155690401,-0.021880859,"Bckg112.jpg",221,14,3,1,1,1,2,221,203,64,59,221,"radish1_tr.png",1,98,98,9.4322,1,2.8814,2,1.4841
"Sub016_ToD_Online","OA","Night",1,"rollingpin1_tr.png",240,240,-0.136156912,-0.07861023,5.4787,236,-0.138817427,-0.073810535,"Bckg69.jpg",228,89,67,2,1,1,60,228,12,120,126,228,"rollingpin1_tr.png",1,242,242,6.4493,1,2.5607,1,1.1509
"Sub016_ToD_Online","OA","Night",1,"rubikscube1_tr.png",130,130,0.12043786,-0.101059364,3.7816,236,NA,NA,"Bckg122.jpg",113,105,98,3,1,1,119,113,4,222,200,113,"rubikscube1_tr.png",1,222,222,2.3966,1,4.6443,2,1.761
"Sub016_ToD_Online","OA","Night",1,"scarf1_tr.png",267,267,-0.157004995,-0.008228283,2.7495,236,NA,NA,"Bckg51.jpg",276,59,13,1,1,1,23,276,231,56,236,276,"scarf1_tr.png",1,56,56,3.9022,1,2.8941,2,2.0824
"Sub016_ToD_Online","OA","Night",1,"slide1_tr.png",56,56,0.130341669,0.087916566,2.6692,236,0.103145902,0.118655787,"Bckg94.jpg",44,44,113,3,1,1,107,44,4,217,28,44,"slide1_tr.png",1,41,41,7.7489,1,2.7985,1,1.7666
"Sub016_ToD_Online","OA","Night",1,"soccerball1_tr.png",40,40,0.101059364,0.12043786,4.4686,236,0.118655787,0.103145902,"Bckg101.jpg",43,53,89,3,1,1,110,43,86,145,39,43,"soccerball1_tr.png",1,49,49,7.0662,1,2.6774,1,1.6477
"Sub016_ToD_Online","OA","Night",1,"spoon1_tr.png",525,165,0.040691649,-0.151863303,10.8152,236,0.035366908,-0.15319091,"Bckg67.jpg",161,10,42,2,1,1,73,161,301,195,183,161,"spoon1_tr.png",1,527,167,9.5779,1,4.8819,1,1.882
"Sub016_ToD_Online","OA","Night",1,"steeringwheel1_tr.png",216,216,-0.092411868,-0.127194024,5.1653,236,NA,NA,"Bckg62.jpg",229,90,5,1,1,1,22,229,132,225,181,229,"steeringwheel1_tr.png",1,225,225,5.6506,1,3.4514,1,2.5002
"Sub016_ToD_Online","OA","Night",1,"stoplights1_tr.png",214,214,NA,NA,2.7272,236,0.005486915,0.157124686,"Bckg53.jpg",219,60,28,1,1,1,17,219,214,124,240,219,"stoplights1_tr.png",1,362,2,9.127,1,4.1772,1,1.5348
"Sub016_ToD_Online","OA","Night",1,"streamer1_tr.png",-49,311,-0.118655787,0.103145902,5.3657,236,NA,NA,"Bckg4.jpg",338,35,115,3,1,1,120,338,69,290,195,338,"streamer1_tr.png",1,290,290,4.9653,1,3.4173,1,1.4169
"Sub016_ToD_Online","OA","Night",1,"suit1_tr.png",259,259,-0.154331877,-0.029999078,3.411,236,NA,NA,"Bckg52.jpg",262,36,112,3,1,1,103,262,153,255,138,262,"suit1_tr.png",1,255,255,4.5824,1,3.4166,1,1.3401
"Sub016_ToD_Online","OA","Night",1,"sunglasses1_tr.png",409,49,0.118655787,0.103145902,3.8105,236,0.128787461,0.090177951,"Bckg11.jpg",27,29,104,3,1,1,99,27,287,111,147,27,"sunglasses1_tr.png",1,55,55,5.3354,1,4.1429,1,1.8151
"Sub016_ToD_Online","OA","Night",1,"telephonebooth1_tr.png",234,234,-0.127194024,-0.092411868,4.5495,236,-0.118655787,-0.103145902,"Bckg107.jpg",214,63,69,2,1,1,58,214,64,281,300,214,"telephonebooth1_tr.png",1,229,229,6.0657,1,3.5832,1,1.219
"Sub016_ToD_Online","OA","Night",1,"toaster1_tr.png",363,3,0.008228283,0.157004995,3.4163,236,NA,NA,"Bckg104.jpg",358,119,76,2,1,1,56,358,291,211,356,358,"toaster1_tr.png",1,211,211,1.9821,1,6.2772,2,1.8619
"Sub016_ToD_Online","OA","Night",1,"toothpaste1_tr.png",240,240,-0.136156912,-0.07861023,2.8108,236,-0.029999078,0.154331877,"Bckg38.jpg",259,1,91,3,1,1,95,259,232,85,230,259,"toothpaste1_tr.png",1,-11,349,9.4479,1,3.0607,1,1.1343
"Sub016_ToD_Online","OA","Night",1,"tractor1_tr.png",334,334,-0.068920913,0.141308813,5.8446,236,-0.105201022,0.116837571,"Bckg63.jpg",316,86,34,1,1,1,19,316,132,20,87,316,"tractor1_tr.png",1,318,318,9.2994,1,6.5652,1,2.5668
"Sub016_ToD_Online","OA","Night",1,"train1_tr.png",111,111,0.146777944,-0.056342774,5.3405,236,0.051185975,-0.148654865,"Bckg61.jpg",127,104,103,3,1,1,81,127,71,191,165,127,"train1_tr.png",1,161,161,7.4489,1,3.0147,1,1.2408
"Sub016_ToD_Online","OA","Night",1,"trumpet1_tr.png",353,353,-0.019160354,0.156048563,6.0771,236,-0.056342774,0.146777944,"Bckg130.jpg",355,58,1,1,1,1,40,355,313,133,32,355,"trumpet1_tr.png",1,339,339,9.7999,1,4.2328,1,1.3911
"Sub016_ToD_Online","OA","Night",1,"turtle1_tr.png",219,219,-0.098942041,-0.122183246,2.5479,236,-0.127194024,-0.092411868,"Bckg44.jpg",223,61,88,3,1,1,98,223,185,158,305,223,"turtle1_tr.png",1,234,234,5.91,1,2.3267,1,1.1
"Sub016_ToD_Online","OA","Night",1,"umbrella1_tr.png",150,150,0.07861023,-0.136156912,3.144,236,NA,NA,"Bckg50.jpg",134,101,55,2,1,1,49,134,64,344,85,134,"umbrella1_tr.png",1,344,344,4.0165,1,4.1504,2,2.0004
"Sub016_ToD_Online","OA","Night",1,"waterfilter1_tr.png",492,132,0.116837571,-0.105201022,5.3336,236,0.109214509,-0.113094934,"Bckg123.jpg",115,56,62,2,1,1,80,115,280,232,286,115,"waterfilter1_tr.png",1,496,136,8.7166,1,2.6605,1,1.368
"Sub016_ToD_Online","OA","Night",1,"wheelchair1_tr.png",144,144,0.092411868,-0.127194024,5.6657,236,-0.141308813,-0.068920913,"Bckg80.jpg",171,52,65,2,1,1,51,171,180,294,263,171,"wheelchair1_tr.png",1,244,244,9.4936,1,3.5605,1,1.411
"Sub016_ToD_Online","OA","Night",1,"woodenbox1_tr.png",335,335,-0.066444238,0.142490127,3.8767,236,-0.15319091,-0.035366908,"Bckg9.jpg",346,69,82,3,1,1,82,346,209,115,175,346,"woodenbox1_tr.png",1,257,257,7.2665,1,2.3683,1,1.6843
"Sub017_ToD_Online","OA","Night",1,"airfreshener1_tr.png",-2,358,-0.007680153,0.219930792,6.6874,156,-0.003840661,0.220031333,"Bckg42.jpg",2,91,8,1,1,1,3,2,156,345,88,2,"airfreshener1_tr.png",1,359,359,4.1693,1,2.4103,1,1.3008
"Sub017_ToD_Online","OA","Night",1,"apple1_tr.png",475,115,0.199446487,-0.093003424,7.184,156,0.219930792,-0.007680153,"Bckg81.jpg",114,62,31,1,1,1,1,114,347,32,264,114,"apple1_tr.png",1,92,92,5.7634,1,6.1088,1,1.6853
"Sub017_ToD_Online","OA","Night",1,"banana1_tr.png",405,45,0.155609348,0.155609348,4.9673,156,0.163540055,0.147252127,"Bckg93.jpg",44,114,113,3,1,1,88,44,233,78,338,44,"banana1_tr.png",1,48,48,3.8035,1,1.7342,1,0.7522
"Sub017_ToD_Online","OA","Night",1,"bathingsuit1_tr.png",301,301,-0.188632393,0.113341777,3.5007,156,-0.219763259,-0.011517304,"Bckg19.jpg",288,65,74,2,1,1,73,288,311,51,176,288,"bathingsuit1_tr.png",1,-93,267,5.1335,1,1.848,1,0.6863
"Sub017_ToD_Online","OA","Night",1,"bbqmachine1_tr.png",165,165,0.056956974,-0.212566322,5.2015,156,0.015350948,-0.219528783,"Bckg48.jpg",172,40,100,3,1,1,112,172,331,332,338,172,"bbqmachine1_tr.png",1,176,176,5.2851,1,2.0289,1,0.7262
"Sub017_ToD_Online","OA","Night",1,"bird1_tr.png",28,28,0.103314189,0.19430573,3.4848,156,0.132438333,0.175751604,"Bckg2.jpg",39,72,60,2,1,1,68,39,118,137,33,39,"bird1_tr.png",1,37,37,4.1193,1,1.9263,1,1.303
"Sub017_ToD_Online","OA","Night",1,"bottleofwine1_tr.png",119,119,0.192473055,-0.106689556,2.8852,156,NA,NA,"Bckg29.jpg",126,71,95,3,1,1,104,126,55,131,270,126,"bottleofwine1_tr.png",1,131,131,2.7476,1,1.7954,1,1.5338
"Sub017_ToD_Online","OA","Night",1,"bow1_tr.png",527,167,0.04950382,-0.214424602,7.885,156,-0.011517304,-0.219763259,"Bckg54.jpg",172,67,9,1,1,1,4,172,311,5,258,172,"bow1_tr.png",1,183,183,6.5152,1,2.7973,1,0.8881
"Sub017_ToD_Online","OA","Night",1,"bowls1_tr.png",426,66,0.201039244,0.089508438,5.0165,156,0.113341777,0.188632393,"Bckg103.jpg",76,79,108,3,1,1,103,76,238,207,139,76,"bowls1_tr.png",1,31,31,5.8162,1,2.1875,2,0.9021
"Sub017_ToD_Online","OA","Night",1,"breakfast1_tr.png",300,300,-0.190581751,0.110032425,3.2854,156,-0.144375532,0.166085051,"Bckg89.jpg",300,3,110,3,1,1,95,300,348,149,173,300,"breakfast1_tr.png",1,-41,319,6.4477,1,3.561,1,1.1905
"Sub017_ToD_Online","OA","Night",1,"cakemixer1_tr.png",246,246,-0.201039244,-0.089508438,4.4021,156,NA,NA,"Bckg12.jpg",255,117,51,2,1,1,78,255,108,314,330,255,"cakemixer1_tr.png",1,314,314,1.6278,1,3.869,1,2.0473
"Sub017_ToD_Online","OA","Night",1,"christmasstocking1_tr.png",156,156,0.089508438,-0.201039244,5.4991,156,-0.082437744,-0.204040576,"Bckg136.jpg",165,50,16,1,1,1,29,165,322,246,121,165,"christmasstocking1_tr.png",1,202,202,5.939,1,2.1124,1,1.6424
"Sub017_ToD_Online","OA","Night",1,"coat1_tr.png",459,99,0.217355487,-0.034425727,4.2847,156,0.220031333,-0.003840661,"Bckg108.jpg",94,102,88,3,1,1,116,94,309,13,198,94,"coat1_tr.png",1,91,91,4.646,1,1.7724,1,0.6041
"Sub017_ToD_Online","OA","Night",1,"coffeemug1_tr.png",317,317,-0.150083867,0.160945243,5.0803,156,-0.119855908,0.184561913,"Bckg20.jpg",325,70,24,1,1,1,27,325,253,113,22,325,"coffeemug1_tr.png",1,-33,327,5.8188,1,2.5312,1,0.8354
"Sub017_ToD_Online","OA","Night",1,"cookie1_tr.png",204,204,-0.089508438,-0.201039244,5.3347,156,-0.04950382,-0.214424602,"Bckg1.jpg",196,109,98,3,1,1,91,196,142,307,242,196,"cookie1_tr.png",1,193,193,5.3257,1,2.1619,1,1.554
"Sub017_ToD_Online","OA","Night",1,"cow1_tr.png",-14,346,-0.053238506,0.213527983,5.209,156,0.019179915,0.219227437,"Bckg113.jpg",352,24,75,2,1,1,72,352,172,11,137,352,"cow1_tr.png",1,5,5,5.683,1,2.1702,1,0.8509
"Sub017_ToD_Online","OA","Night",1,"cucumber1_tr.png",444,84,0.218859312,0.023003041,4.4267,156,0.218859312,-0.023003041,"Bckg92.jpg",82,87,99,3,1,1,98,82,286,332,303,82,"cucumber1_tr.png",1,456,96,4.4981,1,2.1527,1,0.7219
"Sub017_ToD_Online","OA","Night",1,"dog1_tr.png",168,168,0.045754055,-0.215255905,7.8849,156,0.03821386,-0.21672157,"Bckg23.jpg",167,111,37,1,1,1,19,167,16,26,214,167,"dog1_tr.png",1,170,170,6.2048,1,4.0127,1,1.8066
"Sub017_ToD_Online","OA","Night",1,"encyclopedia1_tr.png",-59,301,-0.188632393,0.113341777,5.7653,156,-0.178036204,0.129350873,"Bckg72.jpg",286,11,101,3,1,1,120,286,151,110,236,286,"encyclopedia1_tr.png",1,306,306,6.6846,1,1.8864,1,0.8189
"Sub017_ToD_Online","OA","Night",1,"fantacan1_tr.png",120,120,0.190581751,-0.110032425,3.9488,156,0.168579455,-0.141454959,"Bckg86.jpg",126,84,41,2,1,1,59,126,32,278,53,126,"fantacan1_tr.png",1,130,130,4.7007,1,2.0768,1,1.0711
"Sub017_ToD_Online","OA","Night",1,"grater1_tr.png",225,225,-0.155609348,-0.155609348,3.8316,156,-0.085986187,-0.202570762,"Bckg118.jpg",227,108,13,1,1,1,40,227,183,311,225,227,"grater1_tr.png",1,203,203,5.566,1,3.5856,2,1.6772
"Sub017_ToD_Online","OA","Night",1,"handsoap1_tr.png",416,56,0.182442029,0.123058702,4.8674,156,0.113341777,0.188632393,"Bckg73.jpg",74,57,78,2,1,1,54,74,352,41,5,74,"handsoap1_tr.png",1,31,31,4.6018,1,2.6976,2,1.7276
"Sub017_ToD_Online","OA","Night",1,"hotdog1_tr.png",503,143,0.132438333,-0.175751604,5.5088,156,0.155609348,-0.155609348,"Bckg126.jpg",152,42,119,3,1,1,106,152,327,275,320,152,"hotdog1_tr.png",1,135,135,5.4984,1,2.0825,1,0.8433
"Sub017_ToD_Online","OA","Night",1,"iceskates1_tr.png",176,176,0.015350948,-0.219528783,3.7685,156,0.011517304,-0.219763259,"Bckg27.jpg",186,64,120,3,1,1,117,186,280,131,293,186,"iceskates1_tr.png",1,177,177,8.0826,1,1.9526,1,0.7523
"Sub017_ToD_Online","OA","Night",1,"jackolantern1_tr.png",51,51,0.171022509,0.138491297,4.6804,156,0.147252127,0.163540055,"Bckg21.jpg",51,93,25,1,1,1,24,51,161,66,118,51,"jackolantern1_tr.png",1,42,42,3.6192,1,2.2274,1,0.8867
"Sub017_ToD_Online","OA","Night",1,"jellybeans1_tr.png",231,231,-0.171022509,-0.138491297,3.9664,156,-0.007680153,-0.219930792,"Bckg46.jpg",235,49,89,3,1,1,108,235,347,110,157,235,"jellybeans1_tr.png",1,182,182,6.4383,1,2.8507,1,1.1834
"Sub017_ToD_Online","OA","Night",1,"kite1_tr.png",187,187,-0.026819159,-0.21842452,4.2085,156,-0.011517304,-0.219763259,"Bckg128.jpg",181,115,59,2,1,1,76,181,59,221,177,181,"kite1_tr.png",1,183,183,4.4837,1,2.5521,1,1.053
"Sub017_ToD_Online","OA","Night",1,"lemon1_tr.png",385,25,0.093003424,0.199446487,9.3286,156,0.034425727,0.217355487,"Bckg99.jpg",20,66,3,1,1,1,17,20,265,285,180,20,"lemon1_tr.png",1,369,9,4.851,1,3.2297,1,1.5671
"Sub017_ToD_Online","OA","Night",1,"pan1_tr.png",131,131,0.166085051,-0.144375532,5.7464,156,0.211539911,-0.060658093,"Bckg58.jpg",133,116,27,1,1,1,10,133,89,30,229,133,"pan1_tr.png",1,106,106,4.2717,1,2.6123,2,1.0686
"Sub017_ToD_Online","OA","Night",1,"partyhats1_tr.png",55,55,0.180266572,0.126224012,5.1033,156,0.180266572,0.126224012,"Bckg110.jpg",52,18,103,3,1,1,86,52,175,231,196,52,"partyhats1_tr.png",1,415,55,8.3575,1,2.1339,1,1.0522
"Sub017_ToD_Online","OA","Night",1,"pizza1_tr.png",27,27,0.099907351,0.196079217,7.5446,156,0.119855908,0.184561913,"Bckg83.jpg",31,80,34,1,1,1,16,31,153,237,175,31,"pizza1_tr.png",1,393,33,5.8301,1,2.2743,1,1.3007
"Sub017_ToD_Online","OA","Night",1,"plant1_tr.png",227,227,-0.160945243,-0.150083867,2.935,156,-0.126224012,-0.180266572,"Bckg116.jpg",229,75,72,2,1,1,58,229,191,233,122,229,"plant1_tr.png",1,215,215,5.251,1,2.1918,2,0.736
"Sub017_ToD_Online","OA","Night",1,"popcorn1_tr.png",131,131,0.166085051,-0.144375532,3.5916,156,0.178036204,-0.129350873,"Bckg76.jpg",144,15,106,3,1,1,89,144,211,30,310,144,"popcorn1_tr.png",1,126,126,4.8004,1,2.8015,2,0.6184
"Sub017_ToD_Online","OA","Night",1,"present1_tr.png",191,191,-0.041990353,-0.216021639,7.1083,156,-0.053238506,-0.213527983,"Bckg121.jpg",184,46,48,2,1,1,62,184,45,118,188,184,"present1_tr.png",1,194,194,4.241,1,4.5844,1,0.7662
"Sub017_ToD_Online","OA","Night",1,"radish1_tr.png",221,221,-0.144375532,-0.166085051,4.5522,156,-0.096470081,-0.197792977,"Bckg112.jpg",221,14,68,2,1,1,53,221,203,64,59,221,"radish1_tr.png",1,206,206,4.9004,1,2.1626,1,0.7728
"Sub017_ToD_Online","OA","Night",1,"ricecooker1_tr.png",14,14,0.053238506,0.213527983,7.4154,156,0.126224012,0.180266572,"Bckg102.jpg",14,19,15,1,1,1,33,14,178,267,92,14,"ricecooker1_tr.png",1,395,35,6.6032,1,2.4518,1,2.0302
"Sub017_ToD_Online","OA","Night",1,"silvertray1_tr.png",289,289,-0.208075404,0.071646107,6.1369,156,-0.011517304,0.219763259,"Bckg64.jpg",288,6,63,2,1,1,41,288,241,343,248,288,"silvertray1_tr.png",1,357,357,4.7459,1,2.7181,1,0.7887
"Sub017_ToD_Online","OA","Night",1,"sippycup1_tr.png",106,106,0.211539911,-0.060658093,6.6866,156,0.160945243,-0.150083867,"Bckg105.jpg",107,106,46,2,1,1,44,107,24,15,204,107,"sippycup1_tr.png",1,133,133,4.3172,1,2.1524,1,0.8101
"Sub017_ToD_Online","OA","Night",1,"skippingrope1_tr.png",73,73,0.210449063,0.064340735,6.2898,156,0.214424602,0.04950382,"Bckg7.jpg",60,45,90,3,1,1,81,60,87,213,277,60,"skippingrope1_tr.png",1,77,77,5.1491,1,2.2187,1,0.6891
"Sub017_ToD_Online","OA","Night",1,"slide1_tr.png",46,46,0.158301405,0.15286989,4.1934,156,0.175751604,0.132438333,"Bckg94.jpg",44,44,44,2,1,1,70,44,4,217,28,44,"slide1_tr.png",1,413,53,6.7022,1,2.1199,1,0.7995
"Sub017_ToD_Online","OA","Night",1,"soccerball1_tr.png",46,46,0.158301405,0.15286989,2.781,156,0.126224012,0.180266572,"Bckg101.jpg",43,53,23,1,1,1,8,43,86,145,39,43,"soccerball1_tr.png",1,35,35,4.6434,1,4.7595,2,1.3849
"Sub017_ToD_Online","OA","Night",1,"spoon1_tr.png",511,151,0.106689556,-0.192473055,7.5458,156,0.106689556,-0.192473055,"Bckg67.jpg",161,10,20,1,1,1,5,161,301,195,183,161,"spoon1_tr.png",1,151,151,5.249,1,2.423,1,2.4026
"Sub017_ToD_Online","OA","Night",1,"starfish1_tr.png",69,69,0.205448237,0.078864189,6.0054,156,NA,NA,"Bckg106.jpg",77,54,4,1,1,1,23,77,197,61,78,77,"starfish1_tr.png",1,61,61,2.6873,1,2.3004,1,1.817
"Sub017_ToD_Online","OA","Night",1,"steeringwheel1_tr.png",228,228,-0.163540055,-0.147252127,4.8015,156,NA,NA,"Bckg62.jpg",229,90,43,2,1,1,51,229,132,225,181,229,"steeringwheel1_tr.png",1,225,225,1.4401,1,2.6168,1,1.6236
"Sub017_ToD_Online","OA","Night",1,"stoplights1_tr.png",214,214,NA,NA,1.325,156,-0.045754055,-0.215255905,"Bckg53.jpg",219,60,67,2,1,1,46,219,214,124,240,219,"stoplights1_tr.png",1,192,192,3.9475,1,2.0385,1,0.8548
"Sub017_ToD_Online","OA","Night",1,"streamer1_tr.png",-25,335,-0.093003424,0.199446487,7.8172,156,-0.129350873,0.178036204,"Bckg4.jpg",338,35,30,1,1,1,14,338,69,290,195,338,"streamer1_tr.png",1,324,324,5.1129,1,3.5687,1,1.1205
"Sub017_ToD_Online","OA","Night",1,"suit1_tr.png",251,251,-0.208075404,-0.071646107,4.5764,156,-0.220031333,-0.003840661,"Bckg52.jpg",262,36,84,3,1,1,100,262,153,255,138,262,"suit1_tr.png",1,269,269,8.2851,1,1.7861,1,1.0359
"Sub017_ToD_Online","OA","Night",1,"sunglasses1_tr.png",407,47,0.160945243,0.150083867,4.3834,156,0.205448237,0.078864189,"Bckg11.jpg",27,29,61,2,1,1,66,27,287,111,147,27,"sunglasses1_tr.png",1,69,69,3.8064,1,3.8474,2,0.7213
"Sub017_ToD_Online","OA","Night",1,"telephonebooth1_tr.png",210,210,-0.110032425,-0.190581751,4.7263,156,-0.126224012,-0.180266572,"Bckg107.jpg",214,63,114,3,1,1,94,214,64,281,300,214,"telephonebooth1_tr.png",1,215,215,4.2328,1,1.7886,1,0.7403
"Sub017_ToD_Online","OA","Night",1,"tennisball1_tr.png",388,28,0.103314189,0.19430573,7.9674,156,0.123058702,0.182442029,"Bckg125.jpg",15,31,47,2,1,1,55,15,270,276,311,15,"tennisball1_tr.png",1,394,34,4.9682,1,2.862,1,0.8349
"Sub017_ToD_Online","OA","Night",1,"toad1_tr.png",390,30,0.110032425,0.190581751,3.5939,156,0.103314189,0.19430573,"Bckg65.jpg",25,27,66,2,1,1,79,25,278,24,220,25,"toad1_tr.png",1,28,28,3.8967,1,2.0307,1,0.7845
"Sub017_ToD_Online","OA","Night",1,"toaster1_tr.png",359,359,-0.003840661,0.220031333,4.3405,156,0.144375532,0.166085051,"Bckg104.jpg",358,119,79,2,1,1,67,358,291,211,356,358,"toaster1_tr.png",1,401,41,5.983,1,8.0293,2,0.7422
"Sub017_ToD_Online","OA","Night",1,"trumpet1_tr.png",357,357,-0.011517304,0.219763259,5.0604,156,0.034425727,0.217355487,"Bckg130.jpg",355,58,73,2,1,1,50,355,313,133,32,355,"trumpet1_tr.png",1,9,9,4.7541,1,2.9599,1,1.0186
"Sub017_ToD_Online","OA","Night",1,"valentinesdaycard1_tr.png",324,324,-0.129350873,0.178036204,4.4825,156,-0.011517304,0.219763259,"Bckg111.jpg",338,26,1,1,1,1,39,338,234,203,108,338,"valentinesdaycard1_tr.png",1,-3,357,6.9052,1,2.2475,2,0.869
"Sub017_ToD_Online","OA","Night",1,"vegeplatter1_tr.png",230,230,-0.168579455,-0.141454959,5.2424,156,-0.212566322,0.056956974,"Bckg70.jpg",246,30,116,3,1,1,93,246,122,321,75,246,"vegeplatter1_tr.png",1,285,285,5.5423,1,1.8355,1,1.2354
"Sub017_ToD_Online","OA","Night",1,"wagon1_tr.png",87,87,NA,NA,1.451,156,0.219930792,-0.007680153,"Bckg47.jpg",95,38,93,3,1,1,84,95,87,36,143,95,"wagon1_tr.png",1,92,92,4.5463,1,2.1825,1,1.0757
"Sub017_ToD_Online","OA","Night",1,"washingmachine1_tr.png",338,338,-0.082437744,0.204040576,3.6843,156,0.011517304,0.219763259,"Bckg85.jpg",341,34,92,3,1,1,83,341,282,53,158,341,"washingmachine1_tr.png",1,3,3,4.0642,1,3.5425,1,0.7356
"Sub017_ToD_Online","OA","Night",1,"wreath1_tr.png",223,223,-0.150083867,-0.160945243,6.9646,156,-0.106689556,0.192473055,"Bckg71.jpg",229,98,28,1,1,1,20,229,357,97,101,229,"wreath1_tr.png",1,-29,331,6.0502,1,2.899,2,2.0417
"Sub018_ToD_Online","OA","Night",1,"banana1_tr.png",405,45,0.114578027,0.114578027,6.5029,116,0.157224585,0.039200492,"Bckg93.jpg",44,114,73,2,1,1,61,44,233,78,338,44,"banana1_tr.png",1,76,76,9.507,1,5.0095,2,3.7287
"Sub018_ToD_Online","OA","Night",1,"bandaid1_tr.png",225,225,-0.114578027,-0.114578027,6.3297,116,0.00282795,-0.162013121,"Bckg45.jpg",246,107,33,1,1,1,5,246,143,243,11,246,"bandaid1_tr.png",1,179,179,9.3334,1,1.9279,2,1.5514
"Sub018_ToD_Online","OA","Night",1,"binder1_tr.png",446,86,0.161643084,0.011303186,6.0635,116,0.157224585,-0.039200492,"Bckg82.jpg",91,21,111,3,1,1,84,91,236,320,312,91,"binder1_tr.png",1,464,104,9.7044,1,1.7717,2,1.6106
"Sub018_ToD_Online","OA","Night",1,"bowls1_tr.png",432,72,0.154107106,0.050072434,6.6695,116,0.156516496,0.041938469,"Bckg103.jpg",76,79,76,2,1,1,80,76,238,207,139,76,"bowls1_tr.png",1,435,75,9.1306,1,2.4644,1,1.1792
"Sub018_ToD_Online","OA","Night",1,"breakfast1_tr.png",296,296,-0.14563861,0.071032696,6.027,116,NA,NA,"Bckg89.jpg",300,3,94,3,1,1,115,300,348,149,173,300,"breakfast1_tr.png",1,149,149,4.3654,1,1.6871,2,0.5357
"Sub018_ToD_Online","OA","Night",1,"cabinet1_tr.png",345,345,-0.041938469,0.156516496,4.3771,116,-0.055420192,0.152265725,"Bckg13.jpg",355,110,61,2,1,1,57,355,291,250,164,355,"cabinet1_tr.png",1,340,340,17.6095,1,5.787,2,5.1112
"Sub018_ToD_Online","OA","Night",1,"coffeemug1_tr.png",319,319,-0.106306362,0.12229148,6.0649,116,0.106306362,0.12229148,"Bckg20.jpg",325,70,62,2,1,1,67,325,253,113,22,325,"coffeemug1_tr.png",1,41,41,13.7329,1,1.827,2,1.1135
"Sub018_ToD_Online","OA","Night",1,"cookie1_tr.png",206,206,-0.071032696,-0.14563861,6.0598,116,-0.138893504,-0.083455637,"Bckg1.jpg",196,109,47,2,1,1,65,196,142,307,242,196,"cookie1_tr.png",1,239,239,7.992,1,1.9271,1,1.9998
"Sub018_ToD_Online","OA","Night",1,"cow1_tr.png",342,342,-0.050072434,0.154107106,5.0852,116,0.073563622,0.144376737,"Bckg113.jpg",352,24,104,3,1,1,82,352,172,11,137,352,"cow1_tr.png",1,27,27,5.2934,1,2.9128,2,0.6316
"Sub018_ToD_Online","OA","Night",1,"dress1_tr.png",79,79,0.159060709,0.03091827,6.753,116,0.00282795,0.162013121,"Bckg96.jpg",83,51,1,1,1,1,29,83,239,71,9,83,"dress1_tr.png",1,1,1,10.627,1,3.9685,2,1.108
"Sub018_ToD_Online","OA","Night",1,"fantacan1_tr.png",132,132,0.120417553,-0.108424451,4.8046,116,0.112560914,0.116560239,"Bckg86.jpg",126,84,15,1,1,1,35,126,32,278,53,126,"fantacan1_tr.png",1,404,44,9.3593,1,1.5699,2,4.7726
"Sub018_ToD_Online","OA","Night",1,"handsoap1_tr.png",420,60,0.140328851,0.0810189,3.9525,116,0.132733595,-0.092941064,"Bckg73.jpg",74,57,67,2,1,1,70,74,352,41,5,74,"handsoap1_tr.png",1,125,125,8.5135,1,2.4281,2,1.1864
"Sub018_ToD_Online","OA","Night",1,"jackolantern1_tr.png",53,53,0.129409141,0.097516782,6.3049,116,0.140328851,0.0810189,"Bckg21.jpg",51,93,23,1,1,1,38,51,161,66,118,51,"jackolantern1_tr.png",1,60,60,6.07,1,1.0216,1,1.7008
"Sub018_ToD_Online","OA","Night",1,"mouthwash1_tr.png",345,345,-0.041938469,0.156516496,7.3974,116,0.022551303,0.160460859,"Bckg109.jpg",352,100,116,3,1,1,86,352,115,250,226,352,"mouthwash1_tr.png",1,368,8,7.1215,1,1.5733,1,2.1328
"Sub018_ToD_Online","OA","Night",1,"paintpalette1_tr.png",223,223,-0.110509514,-0.118506945,4.1241,116,-0.095243429,-0.131091334,"Bckg56.jpg",259,16,54,2,1,1,46,259,311,154,192,259,"paintpalette1_tr.png",1,216,216,8.6091,1,3.0023,1,3.106
"Sub018_ToD_Online","OA","Night",1,"penguin1_tr.png",409,49,0.12229148,0.106306362,6.479,116,NA,NA,"Bckg114.jpg",71,7,40,1,1,1,10,71,333,350,66,71,"penguin1_tr.png",1,350,350,6.3819,1,3.8785,2,1.7189
"Sub018_ToD_Online","OA","Night",1,"pizza1_tr.png",389,29,0.078557484,0.141721453,6.7081,116,0.118506945,0.110509514,"Bckg83.jpg",31,80,101,3,1,1,83,31,153,237,175,31,"pizza1_tr.png",1,407,47,9.8404,1,1.4373,1,1.0372
"Sub018_ToD_Online","OA","Night",1,"plant1_tr.png",219,219,-0.101973692,-0.125927022,5.531,116,-0.132733595,0.092941064,"Bckg116.jpg",229,75,107,3,1,1,107,229,191,233,122,229,"plant1_tr.png",1,305,305,6.2333,1,4.4809,2,0.9234
"Sub018_ToD_Online","OA","Night",1,"pokerchips1_tr.png",27,27,0.073563622,0.144376737,7.918,116,-0.14685612,-0.068480133,"Bckg127.jpg",11,88,20,1,1,1,1,11,51,229,63,11,"pokerchips1_tr.png",1,245,245,6.0338,1,2.4551,2,2.1843
"Sub018_ToD_Online","OA","Night",1,"radish1_tr.png",203,203,NA,NA,1.9925,116,-0.095243429,-0.131091334,"Bckg112.jpg",221,14,93,3,1,1,117,221,203,64,59,221,"radish1_tr.png",1,-144,216,10.6225,1,4.2199,1,1.1215
"Sub018_ToD_Online","OA","Night",1,"rubikscube1_tr.png",112,112,0.150238832,-0.060700428,5.0248,116,-0.028137569,0.159576082,"Bckg122.jpg",113,105,97,3,1,1,95,113,4,222,200,113,"rubikscube1_tr.png",1,350,350,8.9096,1,1.3415,2,1.1016
"Sub018_ToD_Online","OA","Night",1,"slide1_tr.png",42,42,0.108424451,0.120417553,4.7188,116,-0.118506945,-0.110509514,"Bckg94.jpg",44,44,52,2,1,1,62,44,4,217,28,44,"slide1_tr.png",1,227,227,7.2156,1,5.7129,2,0.9749
"Sub018_ToD_Online","OA","Night",1,"soccerball1_tr.png",54,54,0.131091334,0.095243429,6.7542,116,NA,NA,"Bckg101.jpg",43,53,103,3,1,1,118,43,86,145,39,43,"soccerball1_tr.png",1,145,145,5.9133,1,3.5461,2,1.7346
"Sub018_ToD_Online","OA","Night",1,"starfish1_tr.png",445,85,0.161421197,0.014122525,6.2724,116,0.162013121,-0.00282795,"Bckg106.jpg",77,54,102,3,1,1,88,77,197,61,78,77,"starfish1_tr.png",1,91,91,12.9838,1,2.7329,2,2.0146
"Sub018_ToD_Online","OA","Night",1,"toad1_tr.png",386,26,0.071032696,0.14563861,5.582,116,0.071032696,0.14563861,"Bckg65.jpg",25,27,80,2,1,1,77,25,278,24,220,25,"toad1_tr.png",1,26,26,6.0264,1,1.6372,1,1.3426
"Sub018_ToD_Online","OA","Night",1,"trumpet1_tr.png",351,351,-0.025348297,0.160042846,7.3329,116,-0.00282795,0.162013121,"Bckg130.jpg",355,58,55,2,1,1,43,355,313,133,32,355,"trumpet1_tr.png",1,359,359,9.8215,1,2.006,1,1.2025
"Sub018_ToD_Online","OA","Night",1,"wisk1_tr.png",-62,298,-0.143070885,0.076072139,5.8306,116,-0.125927022,-0.101973692,"Bckg95.jpg",315,23,120,3,1,1,103,315,150,163,135,315,"wisk1_tr.png",1,231,231,8.4821,1,1.6099,2,0.902
"Sub018_ToD_Online","OA","Night",1,"woodenbox1_tr.png",333,333,-0.073563622,0.144376737,4.4895,116,0.149156581,-0.063313212,"Bckg9.jpg",346,69,99,3,1,1,106,346,209,115,175,346,"woodenbox1_tr.png",1,113,113,5.1051,1,2.5344,2,0.5619
"Sub019_ToD_Online","OA","Night",1,"apple1_tr.png",483,123,0.170237705,-0.110553658,3.788,99,0.190743685,-0.069425024,"Bckg81.jpg",114,62,104,3,1,1,93,114,347,32,264,114,"apple1_tr.png",1,110,110,3.171,1,1.865,1,1.101
"Sub019_ToD_Online","OA","Night",1,"asparagus1_tr.png",264,264,-0.201873216,-0.02121773,1.65,99,-0.202954274,0.00354258,"Bckg134.jpg",263,47,62,2,1,1,75,263,290,137,190,263,"asparagus1_tr.png",1,271,271,8.733,1,1.565,1,2.134
"Sub019_ToD_Online","OA","Night",1,"banana1_tr.png",401,41,0.133170267,0.153194868,5.117,99,NA,NA,"Bckg93.jpg",44,114,96,3,1,1,113,44,233,78,338,44,"banana1_tr.png",1,78,78,1.284,1,1.564,2,0.286
"Sub019_ToD_Online","OA","Night",1,"bandaid1_tr.png",239,239,-0.173992267,-0.104545101,5.783,99,-0.19925578,-0.0387314,"Bckg45.jpg",246,107,33,1,1,1,6,246,143,243,11,246,"bandaid1_tr.png",1,259,259,4.064,1,2.336,1,1.201
"Sub019_ToD_Online","OA","Night",1,"basket1_tr.png",120,120,0.175790331,-0.101492595,3.131,99,-0.035248008,-0.199901389,"Bckg24.jpg",110,8,98,3,1,1,98,110,14,332,96,110,"basket1_tr.png",1,190,190,4.405,1,2.369,1,0.146
"Sub019_ToD_Online","OA","Night",1,"bathingsuit1_tr.png",299,299,-0.177534847,0.098409173,1.549,99,-0.201472169,0.024737672,"Bckg19.jpg",288,65,22,1,1,1,31,288,311,51,176,288,"bathingsuit1_tr.png",1,-83,277,4.553,1,2.206,1,1.373
"Sub019_ToD_Online","OA","Night",1,"binder1_tr.png",448,88,0.202861537,0.007084081,5.814,99,0.20298519,4.9717e-17,"Bckg82.jpg",91,21,6,1,1,1,8,91,236,320,312,91,"binder1_tr.png",1,450,90,6.215,1,1.637,1,1.326
"Sub019_ToD_Online","OA","Night",1,"bow1_tr.png",511,151,0.098409173,-0.177534847,4.867,99,0.143532204,-0.143532204,"Bckg54.jpg",172,67,84,3,1,1,90,172,311,5,258,172,"bow1_tr.png",1,135,135,3.801,1,1.512,1,0.351
"Sub019_ToD_Online","OA","Night",1,"bowlingpin1_tr.png",293,293,-0.186848853,0.079312632,3.219,99,-0.127742719,0.157749121,"Bckg34.jpg",301,48,73,2,1,1,43,301,219,51,324,301,"bowlingpin1_tr.png",1,-39,321,4.339,1,1.416,1,1.402
"Sub019_ToD_Online","OA","Night",1,"boxinggloves1_tr.png",-85,275,-0.20221277,0.017691325,5.797,99,-0.201472169,0.024737672,"Bckg131.jpg",276,95,4,1,1,1,13,276,159,125,149,276,"boxinggloves1_tr.png",1,-83,277,8.483,1,1.815,1,1.258
"Sub019_ToD_Online","OA","Night",1,"breakfast1_tr.png",324,324,-0.119311701,0.164218468,16.573,99,-0.116427522,0.166275733,"Bckg89.jpg",300,3,117,3,1,1,102,300,348,149,173,300,"breakfast1_tr.png",1,-35,325,5.735,1,2.379,1,1.88
"Sub019_ToD_Online","OA","Night",1,"cabinet1_tr.png",345,345,-0.052536433,0.196068637,3.199,99,-0.007084081,0.202861537,"Bckg13.jpg",355,110,118,3,1,1,100,355,291,250,164,355,"cabinet1_tr.png",1,358,358,6.116,1,2.897,1,0.259
"Sub019_ToD_Online","OA","Night",1,"cookie1_tr.png",216,216,-0.119311701,-0.164218468,3.348,99,-0.059347126,-0.194115703,"Bckg1.jpg",196,109,65,2,1,1,71,196,142,307,242,196,"cookie1_tr.png",1,197,197,4.295,1,1.795,1,0.534
"Sub019_ToD_Online","OA","Night",1,"cow1_tr.png",-16,344,-0.055950301,0.195121888,5.366,99,-0.010623424,0.202707006,"Bckg113.jpg",352,24,37,1,1,1,24,352,172,11,137,352,"cow1_tr.png",1,-3,357,4.658,1,3.154,1,2.393
"Sub019_ToD_Online","OA","Night",1,"crayon1_tr.png",270,270,-0.20298519,-2.48585e-17,2.499,99,-0.202490728,0.014159531,"Bckg87.jpg",267,33,116,3,1,1,110,267,220,22,283,267,"crayon1_tr.png",1,-86,274,7.624,1,1.633,1,0.36
"Sub019_ToD_Online","OA","Night",1,"eggs1_tr.png",90,90,0.20298519,0,3.635,99,NA,NA,"Bckg132.jpg",84,28,76,2,1,1,80,84,124,265,170,84,"eggs1_tr.png",1,265,265,1.066,1,1.516,2,0.435
"Sub019_ToD_Online","OA","Night",1,"fireextinguisher1_tr.png",290,290,-0.190743685,0.069425024,3.614,99,-0.069425024,-0.190743685,"Bckg88.jpg",294,85,108,3,1,1,83,294,212,94,215,294,"fireextinguisher1_tr.png",1,200,200,4.051,1,1.32,1,0.218
"Sub019_ToD_Online","OA","Night",1,"granola1_tr.png",182,182,-0.007084081,-0.202861537,3.634,99,1.24293e-17,-0.20298519,"Bckg49.jpg",191,103,11,1,1,1,19,191,262,206,48,191,"granola1_tr.png",1,180,180,8.418,1,2.248,1,0.435
"Sub019_ToD_Online","OA","Night",1,"grater1_tr.png",223,223,-0.138435567,-0.14845397,4.186,99,NA,NA,"Bckg118.jpg",227,108,42,2,1,1,67,227,183,311,225,227,"grater1_tr.png",1,311,311,2.137,1,1.598,2,0.618
"Sub019_ToD_Online","OA","Night",1,"highheel1_tr.png",140,140,0.130476365,-0.155495677,1.85,99,0.141005361,-0.146015326,"Bckg57.jpg",128,77,120,3,1,1,116,128,108,34,194,128,"highheel1_tr.png",1,136,136,3.674,1,1.765,1,0.401
"Sub019_ToD_Online","OA","Night",1,"hotdog1_tr.png",135,135,0.143532204,-0.143532204,5.902,99,0.045661733,-0.197782693,"Bckg126.jpg",152,42,106,3,1,1,115,152,327,275,320,152,"hotdog1_tr.png",1,167,167,4.234,1,1.754,1,0.3
"Sub019_ToD_Online","OA","Night",1,"iceskates1_tr.png",188,188,-0.028250078,-0.201009752,3.648,99,NA,NA,"Bckg27.jpg",186,64,20,1,1,1,34,186,280,131,293,186,"iceskates1_tr.png",1,131,131,1.384,1,2.783,2,0.935
"Sub019_ToD_Online","OA","Night",1,"jellybeans1_tr.png",219,219,-0.127742719,-0.157749121,3.781,99,-0.168282349,-0.113507878,"Bckg46.jpg",235,49,103,3,1,1,97,235,347,110,157,235,"jellybeans1_tr.png",1,236,236,5.948,1,1.414,1,0.318
"Sub019_ToD_Online","OA","Night",1,"lipstick1_tr.png",472,112,0.188204591,-0.076039591,5.003,99,NA,NA,"Bckg22.jpg",106,22,100,3,1,1,88,106,284,129,228,106,"lipstick1_tr.png",1,129,129,0.883,1,1.483,2,0.376
"Sub019_ToD_Online","OA","Night",1,"mouthwash1_tr.png",-17,343,-0.059347126,0.194115703,3.931,99,-0.007084081,0.202861537,"Bckg109.jpg",352,100,93,3,1,1,89,352,115,250,226,352,"mouthwash1_tr.png",1,358,358,5.168,1,4.464,1,0.202
"Sub019_ToD_Online","OA","Night",1,"oven1_tr.png",471,111,0.189503,-0.072743386,4.258,99,0.186848853,-0.079312632,"Bckg55.jpg",111,9,97,3,1,1,103,111,305,27,70,111,"oven1_tr.png",1,113,113,10.181,1,1.805,1,0.353
"Sub019_ToD_Online","OA","Night",1,"pin1_tr.png",296,296,-0.18244188,0.088982851,4.149,99,NA,NA,"Bckg59.jpg",300,82,19,1,1,1,20,300,260,88,40,300,"pin1_tr.png",1,88,88,2.235,1,1.617,2,0.889
"Sub019_ToD_Online","OA","Night",1,"plant1_tr.png",227,227,-0.14845397,-0.138435567,3.164,99,NA,NA,"Bckg116.jpg",229,75,27,1,1,1,15,229,191,233,122,229,"plant1_tr.png",1,233,233,1.868,1,1.561,2,1.008
"Sub019_ToD_Online","OA","Night",1,"pokerchips1_tr.png",27,27,0.092153348,0.180861129,1.464,99,0.00354258,0.202954274,"Bckg127.jpg",11,88,69,2,1,1,69,11,51,229,63,11,"pokerchips1_tr.png",1,361,1,7.438,1,1.781,1,0.555
"Sub019_ToD_Online","OA","Night",1,"popcorn1_tr.png",141,141,0.127742719,-0.157749121,2.83,99,0.119311701,-0.164218468,"Bckg76.jpg",144,15,110,3,1,1,92,144,211,30,310,144,"popcorn1_tr.png",1,144,144,4.899,1,2.164,1,0.302
"Sub019_ToD_Online","OA","Night",1,"present1_tr.png",181,181,-0.00354258,-0.202954274,4.149,99,0.007084081,-0.202861537,"Bckg121.jpg",184,46,16,1,1,1,27,184,45,118,188,184,"present1_tr.png",1,178,178,4.852,1,1.919,1,3.05
"Sub019_ToD_Online","OA","Night",1,"qtips1_tr.png",167,167,0.045661733,-0.197782693,2.95,99,0.010623424,-0.202707006,"Bckg129.jpg",171,92,2,1,1,1,32,171,235,155,124,171,"qtips1_tr.png",1,177,177,5.195,1,2.15,1,0.45
"Sub019_ToD_Online","OA","Night",1,"radish1_tr.png",221,221,-0.133170267,-0.153194868,4.067,99,-0.141005361,-0.146015326,"Bckg112.jpg",221,14,15,1,1,1,7,221,203,64,59,221,"radish1_tr.png",1,224,224,5.829,1,3.633,1,0.265
"Sub019_ToD_Online","OA","Night",1,"scrabble1_tr.png",36,36,0.119311701,0.164218468,4.818,99,NA,NA,"Bckg91.jpg",15,39,18,1,1,1,4,15,152,156,110,15,"scrabble1_tr.png",1,156,156,3.452,1,1.602,2,1.144
"Sub019_ToD_Online","OA","Night",1,"silvertray1_tr.png",297,297,-0.180861129,0.092153348,2.818,99,-0.173992267,0.104545101,"Bckg64.jpg",288,6,78,2,1,1,48,288,241,343,248,288,"silvertray1_tr.png",1,301,301,3.067,1,2.213,1,1.201
"Sub019_ToD_Online","OA","Night",1,"skippingrope1_tr.png",65,65,0.183967058,0.085785248,1.581,99,NA,NA,"Bckg7.jpg",60,45,47,2,1,1,68,60,87,213,277,60,"skippingrope1_tr.png",1,213,213,1.323,1,1.85,2,0.951
"Sub019_ToD_Online","OA","Night",1,"soccerball1_tr.png",54,54,0.164218468,0.119311701,1.648,99,0.157749121,0.127742719,"Bckg101.jpg",43,53,95,3,1,1,119,43,86,145,39,43,"soccerball1_tr.png",1,51,51,4.355,1,1.198,1,1.536
"Sub019_ToD_Online","OA","Night",1,"steeringwheel1_tr.png",224,224,-0.141005361,-0.146015326,2.608,99,NA,NA,"Bckg62.jpg",229,90,48,2,1,1,57,229,132,225,181,229,"steeringwheel1_tr.png",1,225,225,5.5,1,16.549,1,1.087
"Sub019_ToD_Online","OA","Night",1,"suit1_tr.png",271,271,-0.202954274,0.00354258,6.801,99,NA,NA,"Bckg52.jpg",262,36,7,1,1,1,1,262,153,255,138,262,"suit1_tr.png",1,255,255,3.601,1,2.464,2,1.335
"Sub019_ToD_Online","OA","Night",1,"telephonebooth1_tr.png",222,222,-0.135823603,-0.150847394,4.773,99,-0.177534847,-0.098409173,"Bckg107.jpg",214,63,102,3,1,1,109,214,64,281,300,214,"telephonebooth1_tr.png",1,241,241,2.583,1,1.931,1,0.253
"Sub019_ToD_Online","OA","Night",1,"tissuebox1_tr.png",-3,357,-0.010623424,0.202707006,3.047,99,NA,NA,"Bckg98.jpg",1,12,119,3,1,1,107,1,95,272,311,1,"tissuebox1_tr.png",1,272,272,0.798,1,1.992,2,0.436
"Sub019_ToD_Online","OA","Night",1,"toad1_tr.png",394,34,0.113507878,0.168282349,4.453,99,NA,NA,"Bckg65.jpg",25,27,8,1,1,1,3,25,278,24,220,25,"toad1_tr.png",1,24,24,1.578,1,4.933,2,0.893
"Sub019_ToD_Online","OA","Night",1,"toothpaste1_tr.png",262,262,-0.201009752,-0.028250078,2.519,99,0.00354258,-0.202954274,"Bckg38.jpg",259,1,38,1,1,1,21,259,232,85,230,259,"toothpaste1_tr.png",1,179,179,4.29,1,3.579,1,0.551
"Sub019_ToD_Online","OA","Night",1,"vacuum1_tr.png",467,107,0.194115703,-0.059347126,2.553,99,0.150847394,0.135823603,"Bckg60.jpg",108,97,75,2,1,1,59,108,327,356,335,108,"vacuum1_tr.png",1,408,48,4.672,1,1.916,1,0.64
"Sub019_ToD_Online","OA","Night",1,"valentinesdaycard1_tr.png",316,316,-0.141005361,0.146015326,2.9,99,-0.079312632,0.186848853,"Bckg111.jpg",338,26,5,1,1,1,10,338,234,203,108,338,"valentinesdaycard1_tr.png",1,337,337,8.768,1,2.366,1,1.085
"Sub019_ToD_Online","OA","Night",1,"vegeplatter1_tr.png",246,246,-0.185436198,-0.082561515,3.182,99,-0.202954274,0.00354258,"Bckg70.jpg",246,30,61,2,1,1,63,246,122,321,75,246,"vegeplatter1_tr.png",1,271,271,3.701,1,1.368,1,1.352
"Sub019_ToD_Online","OA","Night",1,"watch1_tr.png",123,123,0.170237705,-0.110553658,2.561,99,0.173992267,-0.104545101,"Bckg117.jpg",119,43,77,2,1,1,65,119,181,237,158,119,"watch1_tr.png",1,121,121,6.932,1,1.58,1,1.07
"Sub020_ToD_Online","YA","Morning",1,"apple1_tr.png",483,123,0.184561913,-0.119855908,5.3694,99,0.197792977,-0.096470081,"Bckg81.jpg",114,62,104,3,1,1,93,114,347,32,264,114,"apple1_tr.png",1,116,116,4.0229,1,1.4799,1,1.4802
"Sub020_ToD_Online","YA","Morning",1,"asparagus1_tr.png",264,264,-0.218859312,-0.023003041,5.2254,99,-0.220031333,0.003840661,"Bckg134.jpg",263,47,62,2,1,1,75,263,290,137,190,263,"asparagus1_tr.png",1,271,271,5.9502,1,1.1448,1,0.5013
"Sub020_ToD_Online","YA","Morning",1,"banana1_tr.png",409,49,0.166085051,0.144375532,4.7213,99,0.186625577,0.116616603,"Bckg93.jpg",44,114,96,3,1,1,113,44,233,78,338,44,"banana1_tr.png",1,58,58,5.9181,1,2.1976,1,0.3776
"Sub020_ToD_Online","YA","Morning",1,"bandaid1_tr.png",253,253,-0.210449063,-0.064340735,5.2511,99,-0.180266572,-0.126224012,"Bckg45.jpg",246,107,33,1,1,1,6,246,143,243,11,246,"bandaid1_tr.png",1,235,235,4.0564,1,1.6185,1,0.7567
"Sub020_ToD_Online","YA","Morning",1,"bathingsuit1_tr.png",283,283,-0.214424602,0.04950382,2.5225,99,-0.216021639,0.041990353,"Bckg19.jpg",288,65,22,1,1,1,31,288,311,51,176,288,"bathingsuit1_tr.png",1,-79,281,4.5652,1,1.336,1,1.3785
"Sub020_ToD_Online","YA","Morning",1,"bed1_tr.png",240,240,-0.190581751,-0.110032425,3.7667,99,-0.219227437,-0.019179915,"Bckg77.jpg",245,120,92,3,1,1,86,245,138,143,160,245,"bed1_tr.png",1,265,265,5.7457,1,1.0687,1,0.7151
"Sub020_ToD_Online","YA","Morning",1,"binder1_tr.png",88,88,0.219930792,0.007680153,5.896,99,0.219528783,-0.015350948,"Bckg82.jpg",91,21,6,1,1,1,8,91,236,320,312,91,"binder1_tr.png",1,454,94,7.7177,1,1.8624,1,1.0035
"Sub020_ToD_Online","YA","Morning",1,"bottleofwine1_tr.png",127,127,0.175751604,-0.132438333,6.0191,99,0.166085051,-0.144375532,"Bckg29.jpg",126,71,52,2,1,1,53,126,55,131,270,126,"bottleofwine1_tr.png",1,131,131,4.9798,1,1.2496,1,0.3861
"Sub020_ToD_Online","YA","Morning",1,"bow1_tr.png",307,307,-0.175751604,0.132438333,11.2794,99,0.144375532,-0.166085051,"Bckg54.jpg",172,67,84,3,1,1,90,172,311,5,258,172,"bow1_tr.png",1,139,139,3.6562,1,2.4374,2,0.5031
"Sub020_ToD_Online","YA","Morning",1,"bowlingpin1_tr.png",297,297,-0.196079217,0.099907351,4.5602,99,NA,NA,"Bckg34.jpg",301,48,73,2,1,1,43,301,219,51,324,301,"bowlingpin1_tr.png",1,51,51,3.1938,1,2.7728,2,1.0964
"Sub020_ToD_Online","YA","Morning",1,"boxinggloves1_tr.png",279,279,-0.217355487,0.034425727,4.5853,99,-0.219763259,0.011517304,"Bckg131.jpg",276,95,4,1,1,1,13,276,159,125,149,276,"boxinggloves1_tr.png",1,273,273,7.8565,1,1.1679,1,0.5432
"Sub020_ToD_Online","YA","Morning",1,"breakfast1_tr.png",306,306,-0.178036204,0.129350873,3.6568,99,-0.210449063,-0.064340735,"Bckg89.jpg",300,3,117,3,1,1,102,300,348,149,173,300,"breakfast1_tr.png",1,253,253,5.3263,1,1.2356,1,0.647
"Sub020_ToD_Online","YA","Morning",1,"cabinet1_tr.png",351,351,-0.034425727,0.217355487,3.3962,99,-0.053238506,0.213527983,"Bckg13.jpg",355,110,118,3,1,1,100,355,291,250,164,355,"cabinet1_tr.png",1,346,346,6.056,1,1.099,2,0.3764
"Sub020_ToD_Online","YA","Morning",1,"cakemixer1_tr.png",254,254,-0.211539911,-0.060658093,4.0393,99,0.186625577,0.116616603,"Bckg12.jpg",255,117,17,1,1,1,38,255,108,314,330,255,"cakemixer1_tr.png",1,418,58,5.8767,1,2.002,2,1.1453
"Sub020_ToD_Online","YA","Morning",1,"clock1_tr.png",128,128,NA,NA,1.2938,99,0.144375532,-0.166085051,"Bckg137.jpg",133,76,12,1,1,1,36,133,128,1,280,133,"clock1_tr.png",1,139,139,4.7191,1,2.1054,2,0.6364
"Sub020_ToD_Online","YA","Morning",1,"coffeemug1_tr.png",311,311,-0.166085051,0.144375532,3.5712,99,-0.155609348,0.155609348,"Bckg20.jpg",325,70,46,2,1,1,44,325,253,113,22,325,"coffeemug1_tr.png",1,-45,315,5.9798,1,1.0673,1,0.5898
"Sub020_ToD_Online","YA","Morning",1,"cookie1_tr.png",210,210,-0.110032425,-0.190581751,5.0176,99,-0.155609348,-0.155609348,"Bckg1.jpg",196,109,65,2,1,1,71,196,142,307,242,196,"cookie1_tr.png",1,225,225,3.7851,1,1.7737,1,0.3644
"Sub020_ToD_Online","YA","Morning",1,"cow1_tr.png",-8,352,-0.030627108,0.217923194,7.3567,99,-0.160945243,0.150083867,"Bckg113.jpg",352,24,37,1,1,1,24,352,172,11,137,352,"cow1_tr.png",1,-47,313,4.2648,1,3.9328,2,1.8156
"Sub020_ToD_Online","YA","Morning",1,"crayon1_tr.png",270,270,-0.22006485,-2.69502e-17,2.4548,99,-0.219930792,0.007680153,"Bckg87.jpg",267,33,116,3,1,1,110,267,220,22,283,267,"crayon1_tr.png",1,-88,272,4.7318,1,1.0323,1,0.4845
"Sub020_ToD_Online","YA","Morning",1,"eggs1_tr.png",84,84,0.218859312,0.023003041,3.267,99,0.21842452,0.026819159,"Bckg132.jpg",84,28,76,2,1,1,80,84,124,265,170,84,"eggs1_tr.png",1,83,83,9.7495,1,1.2048,1,0.3656
"Sub020_ToD_Online","YA","Morning",1,"fantacan1_tr.png",128,128,0.173413468,-0.13548545,3.9059,99,0.147252127,-0.163540055,"Bckg86.jpg",126,84,63,2,1,1,52,126,32,278,53,126,"fantacan1_tr.png",1,498,138,5.7637,1,1.6569,1,0.5451
"Sub020_ToD_Online","YA","Morning",1,"fireextinguisher1_tr.png",298,298,-0.19430573,0.103314189,5.51,99,0.197792977,0.096470081,"Bckg88.jpg",294,85,108,3,1,1,83,294,212,94,215,294,"fireextinguisher1_tr.png",1,64,64,4.2113,1,1.6045,2,0.3963
"Sub020_ToD_Online","YA","Morning",1,"granola1_tr.png",182,182,-0.007680153,-0.219930792,3.8827,99,0.163540055,-0.147252127,"Bckg49.jpg",191,103,11,1,1,1,19,191,262,206,48,191,"granola1_tr.png",1,132,132,4.1763,1,6.1342,2,0.5431
"Sub020_ToD_Online","YA","Morning",1,"grater1_tr.png",227,227,-0.160945243,-0.150083867,2.4657,99,-0.155609348,-0.155609348,"Bckg118.jpg",227,108,42,2,1,1,67,227,183,311,225,227,"grater1_tr.png",1,225,225,6.4297,1,2.2823,2,0.5489
"Sub020_ToD_Online","YA","Morning",1,"highheel1_tr.png",130,130,0.168579455,-0.141454959,1.6064,99,0.13548545,-0.173413468,"Bckg57.jpg",128,77,120,3,1,1,116,128,108,34,194,128,"highheel1_tr.png",1,142,142,4.1061,1,1.0272,1,0.5109
"Sub020_ToD_Online","YA","Morning",1,"hotdog1_tr.png",511,151,0.106689556,-0.192473055,4.0692,99,0.113341777,-0.188632393,"Bckg126.jpg",152,42,106,3,1,1,115,152,327,275,320,152,"hotdog1_tr.png",1,149,149,4.7336,1,1.3564,1,0.8759
"Sub020_ToD_Online","YA","Morning",1,"iceskates1_tr.png",190,190,-0.03821386,-0.21672157,5.489,99,-0.085986187,-0.202570762,"Bckg27.jpg",186,64,20,1,1,1,34,186,280,131,293,186,"iceskates1_tr.png",1,203,203,4.8335,1,1.1674,1,0.5427
"Sub020_ToD_Online","YA","Morning",1,"jellybeans1_tr.png",241,241,-0.192473055,-0.106689556,6.5216,99,-0.219930792,0.007680153,"Bckg46.jpg",235,49,103,3,1,1,97,235,347,110,157,235,"jellybeans1_tr.png",1,-88,272,5.8645,1,2.7831,2,1.1259
"Sub020_ToD_Online","YA","Morning",1,"lipstick1_tr.png",478,118,0.19430573,-0.103314189,4.5838,99,NA,NA,"Bckg22.jpg",106,22,100,3,1,1,88,106,284,129,228,106,"lipstick1_tr.png",1,129,129,1.4015,1,1.3297,2,0.4233
"Sub020_ToD_Online","YA","Morning",1,"mouthwash1_tr.png",-13,347,-0.04950382,0.214424602,4.7729,99,NA,NA,"Bckg109.jpg",352,100,93,3,1,1,89,352,115,250,226,352,"mouthwash1_tr.png",1,342,342,6.5176,1,1.0541,1,0.6316
"Sub020_ToD_Online","YA","Morning",1,"oven1_tr.png",479,119,0.192473055,-0.106689556,4.9312,99,-0.132438333,-0.175751604,"Bckg55.jpg",111,9,97,3,1,1,103,111,305,27,70,111,"oven1_tr.png",1,-143,217,7.3778,1,1.244,2,0.4457
"Sub020_ToD_Online","YA","Morning",1,"pin1_tr.png",288,288,-0.20929411,0.068003779,3.251,99,-0.219528783,-0.015350948,"Bckg59.jpg",300,82,19,1,1,1,20,300,260,88,40,300,"pin1_tr.png",1,266,266,8.4667,1,1.1157,1,0.5015
"Sub020_ToD_Online","YA","Morning",1,"pinecone1_tr.png",160,160,0.075266612,-0.206793316,3.2075,99,0.04950382,-0.214424602,"Bckg10.jpg",167,55,56,2,1,1,62,167,204,167,102,167,"pinecone1_tr.png",1,167,167,4.2102,1,0.9844,1,0.7973
"Sub020_ToD_Online","YA","Morning",1,"plant1_tr.png",231,231,-0.171022509,-0.138491297,5.2993,99,-0.155609348,-0.155609348,"Bckg116.jpg",229,75,27,1,1,1,15,229,191,233,122,229,"plant1_tr.png",1,225,225,3.6052,1,2.0006,1,0.7302
"Sub020_ToD_Online","YA","Morning",1,"pokerchips1_tr.png",7,7,0.026819159,0.21842452,2.6671,99,0.003840661,0.220031333,"Bckg127.jpg",11,88,69,2,1,1,69,11,51,229,63,11,"pokerchips1_tr.png",1,361,1,5.3881,1,1.0103,1,0.5705
"Sub020_ToD_Online","YA","Morning",1,"popcorn1_tr.png",141,141,0.138491297,-0.171022509,5.1259,99,0.007680153,-0.219930792,"Bckg76.jpg",144,15,110,3,1,1,92,144,211,30,310,144,"popcorn1_tr.png",1,178,178,6.6505,1,1.1161,1,0.3449
"Sub020_ToD_Online","YA","Morning",1,"present1_tr.png",183,183,-0.011517304,-0.219763259,4.7919,99,1.34751e-17,-0.22006485,"Bckg121.jpg",184,46,16,1,1,1,27,184,45,118,188,184,"present1_tr.png",1,180,180,6.0008,1,2.0948,1,0.5631
"Sub020_ToD_Online","YA","Morning",1,"qtips1_tr.png",163,163,0.064340735,-0.210449063,3.3016,99,NA,NA,"Bckg129.jpg",171,92,2,1,1,1,32,171,235,155,124,171,"qtips1_tr.png",1,155,155,2.2611,1,1.4804,2,0.5024
"Sub020_ToD_Online","YA","Morning",1,"radish1_tr.png",223,223,-0.150083867,-0.160945243,3.477,99,-0.129350873,-0.178036204,"Bckg112.jpg",221,14,15,1,1,1,7,221,203,64,59,221,"radish1_tr.png",1,-144,216,5.3762,1,1.1673,2,1.1876
"Sub020_ToD_Online","YA","Morning",1,"scrabble1_tr.png",16,16,0.060658093,0.211539911,6.147,99,0.096470081,0.197792977,"Bckg91.jpg",15,39,18,1,1,1,4,15,152,156,110,15,"scrabble1_tr.png",1,26,26,6.4373,1,1.3221,1,0.9784
"Sub020_ToD_Online","YA","Morning",1,"silvertray1_tr.png",285,285,-0.212566322,0.056956974,3.34,99,-0.210449063,0.064340735,"Bckg64.jpg",288,6,78,2,1,1,48,288,241,343,248,288,"silvertray1_tr.png",1,287,287,2.6169,1,1.3595,2,0.7384
"Sub020_ToD_Online","YA","Morning",1,"skippingrope1_tr.png",59,59,0.188632393,0.113341777,2.7127,99,0.219763259,0.011517304,"Bckg7.jpg",60,45,47,2,1,1,68,60,87,213,277,60,"skippingrope1_tr.png",1,87,87,7.8618,1,1.2416,1,0.4587
"Sub020_ToD_Online","YA","Morning",1,"soccerball1_tr.png",42,42,0.147252127,0.163540055,2.94,99,0.113341777,0.188632393,"Bckg101.jpg",43,53,95,3,1,1,119,43,86,145,39,43,"soccerball1_tr.png",1,31,31,4.6922,1,1.1039,1,0.4486
"Sub020_ToD_Online","YA","Morning",1,"starfish1_tr.png",79,79,0.216021639,0.041990353,4.832,99,-0.208075404,-0.071646107,"Bckg106.jpg",77,54,80,2,1,1,51,77,197,61,78,77,"starfish1_tr.png",1,251,251,4.5468,1,4.8035,2,0.4896
"Sub020_ToD_Online","YA","Morning",1,"steeringwheel1_tr.png",222,222,-0.147252127,-0.163540055,7.1164,99,-0.160945243,-0.150083867,"Bckg62.jpg",229,90,48,2,1,1,57,229,132,225,181,229,"steeringwheel1_tr.png",1,227,227,2.1481,1,1.1051,1,0.7507
"Sub020_ToD_Online","YA","Morning",1,"suit1_tr.png",261,261,-0.217355487,-0.034425727,5.1077,99,-0.216021639,-0.041990353,"Bckg52.jpg",262,36,7,1,1,1,1,262,153,255,138,262,"suit1_tr.png",1,259,259,3.996,1,1.5365,1,1.7918
"Sub020_ToD_Online","YA","Morning",1,"telephonebooth1_tr.png",216,216,-0.129350873,-0.178036204,4.0852,99,-0.144375532,-0.166085051,"Bckg107.jpg",214,63,102,3,1,1,109,214,64,281,300,214,"telephonebooth1_tr.png",1,221,221,5.3343,1,1.2863,1,0.4233
"Sub020_ToD_Online","YA","Morning",1,"tissuebox1_tr.png",1,1,0.003840661,0.220031333,3.356,99,-0.007680153,0.219930792,"Bckg98.jpg",1,12,119,3,1,1,107,1,95,272,311,1,"tissuebox1_tr.png",1,358,358,4.6453,1,1.1919,1,0.798
"Sub020_ToD_Online","YA","Morning",1,"toad1_tr.png",384,24,0.089508438,0.201039244,6.5014,99,0.103314189,0.19430573,"Bckg65.jpg",25,27,8,1,1,1,3,25,278,24,220,25,"toad1_tr.png",1,28,28,2.2727,1,2.1901,1,0.7754
"Sub020_ToD_Online","YA","Morning",1,"toaster1_tr.png",361,1,0.003840661,0.220031333,3.8795,99,0.064340735,0.210449063,"Bckg104.jpg",358,119,40,1,1,1,39,358,291,211,356,358,"toaster1_tr.png",1,377,17,5.9693,1,1.6066,2,6.6259
"Sub020_ToD_Online","YA","Morning",1,"toothpaste1_tr.png",262,262,-0.217923194,-0.030627108,3.5017,99,-0.150083867,-0.160945243,"Bckg38.jpg",259,1,38,1,1,1,21,259,232,85,230,259,"toothpaste1_tr.png",1,223,223,9.084,1,1.8549,1,0.7924
"Sub020_ToD_Online","YA","Morning",1,"tractor1_tr.png",-40,320,-0.141454959,0.168579455,6.1755,99,-0.123058702,0.182442029,"Bckg63.jpg",316,86,51,2,1,1,74,316,132,20,87,316,"tractor1_tr.png",1,-34,326,3.2066,1,1.0606,1,1.2521
"Sub020_ToD_Online","YA","Morning",1,"turtle1_tr.png",225,225,-0.155609348,-0.155609348,5.1022,99,-0.204040576,-0.082437744,"Bckg44.jpg",223,61,90,3,1,1,82,223,185,158,305,223,"turtle1_tr.png",1,248,248,5.7974,1,1.0613,2,0.7514
"Sub020_ToD_Online","YA","Morning",1,"vacuum1_tr.png",461,101,0.216021639,-0.041990353,12.6622,99,-0.123058702,0.182442029,"Bckg60.jpg",108,97,75,2,1,1,59,108,327,356,335,108,"vacuum1_tr.png",1,326,326,2.5573,1,1.9704,2,0.5098
"Sub020_ToD_Online","YA","Morning",1,"valentinesdaycard1_tr.png",332,332,-0.103314189,0.19430573,4.068,99,-0.119855908,0.184561913,"Bckg111.jpg",338,26,5,1,1,1,10,338,234,203,108,338,"valentinesdaycard1_tr.png",1,327,327,6.4541,1,3.9119,2,0.6781
"Sub020_ToD_Online","YA","Morning",1,"vegeplatter1_tr.png",232,232,-0.173413468,-0.13548545,3.3017,99,-0.216021639,-0.041990353,"Bckg70.jpg",246,30,61,2,1,1,63,246,122,321,75,246,"vegeplatter1_tr.png",1,259,259,5.7044,1,1.1497,1,0.4607
"Sub020_ToD_Online","YA","Morning",1,"watch1_tr.png",127,127,0.175751604,-0.132438333,3.8868,99,0.171022509,-0.138491297,"Bckg117.jpg",119,43,77,2,1,1,65,119,181,237,158,119,"watch1_tr.png",1,129,129,5.7448,1,1.9526,1,0.4876
"Sub021_ToD_Online","YA","Morning",1,"airfreshener1_tr.png",360,0,-3.90576e-17,0.21261987,5.3041,90,-0.003710728,0.212587487,"Bckg42.jpg",2,91,33,1,1,1,23,2,156,345,88,2,"airfreshener1_tr.png",1,359,359,1.755,1,0.9161,1,1.4208
"Sub021_ToD_Online","YA","Morning",1,"asparagus1_tr.png",260,260,-0.209389696,-0.036921053,2.2256,90,-0.212587487,0.003710728,"Bckg134.jpg",263,47,47,2,1,1,51,263,290,137,190,263,"asparagus1_tr.png",1,271,271,4.7834,1,1.9764,1,0.7393
"Sub021_ToD_Online","YA","Morning",1,"bagel1_tr.png",239,239,-0.1822508,-0.109507329,1.1695,90,-0.112671365,-0.180311876,"Bckg43.jpg",246,20,69,2,1,1,75,246,243,284,250,246,"bagel1_tr.png",1,212,212,2.4002,1,0.7678,1,0.3341
"Sub021_ToD_Online","YA","Morning",1,"bandaid1_tr.png",241,241,-0.185961528,-0.103080158,3.8771,90,-0.211035034,0.025911844,"Bckg45.jpg",246,107,35,1,1,1,16,246,143,243,11,246,"bandaid1_tr.png",1,277,277,4.3789,1,0.9824,1,0.8168
"Sub021_ToD_Online","YA","Morning",1,"bathingsuit1_tr.png",281,281,-0.208713444,0.040569784,1.9824,90,-0.201036037,0.069222259,"Bckg19.jpg",288,65,66,2,1,1,46,288,311,51,176,288,"bathingsuit1_tr.png",1,-71,289,2.7578,1,0.9955,1,0.3348
"Sub021_ToD_Online","YA","Morning",1,"bike1_tr.png",141,141,0.13380602,-0.165236673,1.1539,90,0.139491185,-0.160466253,"Bckg39.jpg",135,2,65,2,1,1,79,135,209,107,240,135,"bike1_tr.png",1,139,139,3.0002,1,1.5067,1,1.7045
"Sub021_ToD_Online","YA","Morning",1,"binder1_tr.png",450,90,0.21261987,5.20768e-17,5.0204,90,-0.204383337,-0.058605979,"Bckg82.jpg",91,21,75,2,1,1,59,91,236,320,312,91,"binder1_tr.png",1,254,254,2.4517,1,1.343,1,0.57
"Sub021_ToD_Online","YA","Morning",1,"bowls1_tr.png",76,76,0.206304151,0.051437402,4.4445,90,0.211035034,0.025911844,"Bckg103.jpg",76,79,70,2,1,1,62,76,238,207,139,76,"bowls1_tr.png",1,443,83,5.1205,1,1.1507,1,0.579
"Sub021_ToD_Online","YA","Morning",1,"boxinggloves1_tr.png",279,279,-0.210002167,0.033261076,3.6861,90,-0.201036037,0.069222259,"Bckg131.jpg",276,95,92,3,1,1,110,276,159,125,149,276,"boxinggloves1_tr.png",1,289,289,4.1369,1,0.6768,1,0.7284
"Sub021_ToD_Online","YA","Morning",1,"breakfast1_tr.png",306,306,-0.172013088,0.124974824,1.4437,90,-0.174168001,0.121953747,"Bckg89.jpg",300,3,2,1,1,1,14,300,348,149,173,300,"breakfast1_tr.png",1,-55,305,4.5626,1,1.3064,1,0.5934
"Sub021_ToD_Online","YA","Morning",1,"cabinet1_tr.png",349,349,-0.040569784,0.208713444,3.1394,90,-0.007420326,0.212490348,"Bckg13.jpg",355,110,3,1,1,1,3,355,291,250,164,355,"cabinet1_tr.png",1,358,358,3.8658,1,0.9827,1,0.7671
"Sub021_ToD_Online","YA","Morning",1,"christmasstocking1_tr.png",526,166,0.051437402,-0.206304151,6.2215,90,1.30192e-17,-0.21261987,"Bckg136.jpg",165,50,38,1,1,1,19,165,322,246,121,165,"christmasstocking1_tr.png",1,180,180,5.1328,1,1.7824,1,1.1867
"Sub021_ToD_Online","YA","Morning",1,"clock1_tr.png",130,130,0.16287627,-0.136669418,1.85,90,0.08985704,0.192699044,"Bckg137.jpg",133,76,15,1,1,1,40,133,128,1,280,133,"clock1_tr.png",1,25,25,1.9947,1,1.6992,2,1.0076
"Sub021_ToD_Online","YA","Morning",1,"cookie1_tr.png",202,202,-0.079648805,-0.197137711,2.166,90,0.033261076,-0.210002167,"Bckg1.jpg",196,109,63,2,1,1,71,196,142,307,242,196,"cookie1_tr.png",1,171,171,4.5857,1,0.8006,1,0.7448
"Sub021_ToD_Online","YA","Morning",1,"crayon1_tr.png",264,264,-0.211455116,-0.022224828,2.4499,90,-0.212490348,-0.007420326,"Bckg87.jpg",267,33,83,3,1,1,105,267,220,22,283,267,"crayon1_tr.png",1,-92,268,3.2873,1,0.7517,1,0.3926
"Sub021_ToD_Online","YA","Morning",1,"fantacan1_tr.png",130,130,0.16287627,-0.136669418,3.8028,90,0.207973616,-0.044206157,"Bckg86.jpg",126,84,7,1,1,1,5,126,32,278,53,126,"fantacan1_tr.png",1,462,102,4.929,1,1.0984,1,1.0134
"Sub021_ToD_Online","YA","Morning",1,"fireextinguisher1_tr.png",292,292,-0.197137711,0.079648805,1.8037,90,-0.21261987,2.60384e-17,"Bckg88.jpg",294,85,42,2,1,1,54,294,212,94,215,294,"fireextinguisher1_tr.png",1,-90,270,4.2157,1,1.5098,1,0.4071
"Sub021_ToD_Online","YA","Morning",1,"hairdryer1_tr.png",68,68,0.197137711,0.079648805,2.5593,90,0.211035034,0.025911844,"Bckg79.jpg",63,73,72,2,1,1,72,63,52,27,90,63,"hairdryer1_tr.png",1,83,83,2.4346,1,2.415,2,2.7764
"Sub021_ToD_Online","YA","Morning",1,"hammer1_tr.png",237,237,-0.178318027,-0.115801081,3.5319,90,0.115801081,0.178318027,"Bckg138.jpg",237,118,32,1,1,1,9,237,139,321,245,237,"hammer1_tr.png",1,393,33,2.571,1,1.0885,2,1.8088
"Sub021_ToD_Online","YA","Morning",1,"handbag1_tr.png",71,71,0.201036037,0.069222259,3.5672,90,0.210550668,0.029590967,"Bckg97.jpg",66,94,98,3,1,1,115,66,275,244,269,66,"handbag1_tr.png",1,442,82,4.542,1,0.8902,1,0.761
"Sub021_ToD_Online","YA","Morning",1,"jackolantern1_tr.png",59,59,0.1822508,0.109507329,3.452,90,-0.187732202,0.099818983,"Bckg21.jpg",51,93,51,2,1,1,56,51,161,66,118,51,"jackolantern1_tr.png",1,-62,298,2.9742,1,0.9371,1,0.7184
"Sub021_ToD_Online","YA","Morning",1,"jellybeans1_tr.png",237,237,-0.178318027,-0.115801081,2.8552,90,-0.211455116,-0.022224828,"Bckg46.jpg",235,49,94,3,1,1,84,235,347,110,157,235,"jellybeans1_tr.png",1,264,264,4.0034,1,0.9203,1,0.6614
"Sub021_ToD_Online","YA","Morning",1,"kite1_tr.png",-175,185,-0.018531043,-0.211810787,4.0341,90,-0.040569784,-0.208713444,"Bckg128.jpg",181,115,118,3,1,1,90,181,59,221,177,181,"kite1_tr.png",1,191,191,1.9763,1,0.785,1,0.7124
"Sub021_ToD_Online","YA","Morning",1,"lei1_tr.png",46,46,0.152945935,0.147698172,4.0771,90,0.152945935,0.147698172,"Bckg119.jpg",49,5,44,2,1,1,42,49,174,32,226,49,"lei1_tr.png",1,46,46,1.6166,1,1.5042,1,1.2709
"Sub021_ToD_Online","YA","Morning",1,"lipstick1_tr.png",472,112,0.197137711,-0.079648805,3.6993,90,0.212587487,0.003710728,"Bckg22.jpg",106,22,28,1,1,1,39,106,284,129,228,106,"lipstick1_tr.png",1,89,89,2.8753,1,4.5768,1,0.9015
"Sub021_ToD_Online","YA","Morning",1,"motorcycle1_tr.png",256,256,-0.206304151,-0.051437402,1.6947,90,-0.212328482,0.011127664,"Bckg100.jpg",260,4,111,3,1,1,89,260,342,17,98,260,"motorcycle1_tr.png",1,-87,273,5.4256,1,1.0652,2,0.6312
"Sub021_ToD_Online","YA","Morning",1,"mouthwash1_tr.png",351,351,-0.033261076,0.210002167,5.0317,90,-3.90576e-17,0.21261987,"Bckg109.jpg",352,100,55,2,1,1,48,352,115,250,226,352,"mouthwash1_tr.png",1,360,0,4.2334,1,0.902,1,0.3175
"Sub021_ToD_Online","YA","Morning",1,"oven1_tr.png",489,129,0.165236673,-0.13380602,3.088,90,0.185961528,-0.103080158,"Bckg55.jpg",111,9,113,3,1,1,120,111,305,27,70,111,"oven1_tr.png",1,119,119,3.2329,1,0.7513,1,1.1002
"Sub021_ToD_Online","YA","Morning",1,"partyhats1_tr.png",61,61,0.185961528,0.103080158,3.2008,90,NA,NA,"Bckg110.jpg",52,18,36,1,1,1,35,52,175,231,196,52,"partyhats1_tr.png",1,231,231,0.8589,1,1.2169,2,1.1053
"Sub021_ToD_Online","YA","Morning",1,"pickle1_tr.png",153,153,0.096527401,-0.189445691,2.6192,90,0.180311876,-0.112671365,"Bckg66.jpg",150,83,6,1,1,1,29,150,65,78,256,150,"pickle1_tr.png",1,122,122,1.6953,1,1.0991,1,0.6672
"Sub021_ToD_Online","YA","Morning",1,"pin1_tr.png",304,304,-0.176269861,0.118895522,1.7101,90,-0.167546744,0.130901863,"Bckg59.jpg",300,82,23,1,1,1,17,300,260,88,40,300,"pin1_tr.png",1,-52,308,3.5891,1,0.9771,1,0.5904
"Sub021_ToD_Online","YA","Morning",1,"pinecone1_tr.png",170,170,0.036921053,-0.209389696,2.9502,90,0.003710728,-0.212587487,"Bckg10.jpg",167,55,57,2,1,1,67,167,204,167,102,167,"pinecone1_tr.png",1,179,179,1.9156,1,0.836,1,0.4169
"Sub021_ToD_Online","YA","Morning",1,"pizza1_tr.png",39,39,0.13380602,0.165236673,3.37,90,0.150344952,0.150344952,"Bckg83.jpg",31,80,48,2,1,1,65,31,153,237,175,31,"pizza1_tr.png",1,405,45,4.1872,1,1.3121,1,0.7246
"Sub021_ToD_Online","YA","Morning",1,"ricecooker1_tr.png",18,18,0.065703153,0.202213513,3.6263,90,0.003710728,0.212587487,"Bckg102.jpg",14,19,116,3,1,1,91,14,178,267,92,14,"ricecooker1_tr.png",1,361,1,2.4196,1,1.5043,1,0.303
"Sub021_ToD_Online","YA","Morning",1,"rubikscube1_tr.png",118,118,0.187732202,-0.099818983,2.8272,90,0.124974824,0.172013088,"Bckg122.jpg",113,105,21,1,1,1,20,113,4,222,200,113,"rubikscube1_tr.png",1,36,36,4.9321,1,3.4998,2,0.813
"Sub021_ToD_Online","YA","Morning",1,"scarf1_tr.png",271,271,-0.212587487,0.003710728,2.1176,90,-0.212101939,0.014831612,"Bckg51.jpg",276,59,86,3,1,1,118,276,231,56,236,276,"scarf1_tr.png",1,-86,274,3.3229,1,0.8027,1,0.3221
"Sub021_ToD_Online","YA","Morning",1,"seashell1_tr.png",214,214,-0.118895522,-0.176269861,1.7257,90,NA,NA,"Bckg8.jpg",205,13,9,1,1,1,26,205,224,134,59,205,"seashell1_tr.png",1,134,134,1.4671,1,3.2451,2,1.0045
"Sub021_ToD_Online","YA","Morning",1,"silvertray1_tr.png",289,289,-0.201036037,0.069222259,2.1049,90,-0.1822508,0.109507329,"Bckg64.jpg",288,6,46,2,1,1,50,288,241,343,248,288,"silvertray1_tr.png",1,301,301,1.9833,1,1.072,1,0.8132
"Sub021_ToD_Online","YA","Morning",1,"skippingrope1_tr.png",65,65,0.192699044,0.08985704,1.8893,90,0.1822508,0.109507329,"Bckg7.jpg",60,45,106,3,1,1,94,60,87,213,277,60,"skippingrope1_tr.png",1,59,59,4.3955,1,0.9045,1,0.3119
"Sub021_ToD_Online","YA","Morning",1,"slide1_tr.png",44,44,0.147698172,0.152945935,1.8456,90,0.109507329,0.1822508,"Bckg94.jpg",44,44,93,3,1,1,112,44,4,217,28,44,"slide1_tr.png",1,391,31,3.849,1,1.5328,1,0.5834
"Sub021_ToD_Online","YA","Morning",1,"soccerball1_tr.png",48,48,0.158007356,0.142270463,2.7991,90,0.178318027,0.115801081,"Bckg101.jpg",43,53,1,1,1,1,24,43,86,145,39,43,"soccerball1_tr.png",1,57,57,2.6339,1,1.4442,1,0.4683
"Sub021_ToD_Online","YA","Morning",1,"spoon1_tr.png",523,163,0.062164034,-0.203329393,6.1718,90,0.055030072,-0.205375024,"Bckg67.jpg",161,10,22,1,1,1,30,161,301,195,183,161,"spoon1_tr.png",1,165,165,3.9575,1,1.2004,1,0.7712
"Sub021_ToD_Online","YA","Morning",1,"starfish1_tr.png",81,81,0.210002167,0.033261076,2.755,90,0.211035034,0.025911844,"Bckg106.jpg",77,54,82,3,1,1,97,77,197,61,78,77,"starfish1_tr.png",1,83,83,3.0827,1,0.7462,1,0.2699
"Sub021_ToD_Online","YA","Morning",1,"steeringwheel1_tr.png",230,230,-0.16287627,-0.136669418,3.9999,90,-0.160466253,-0.139491185,"Bckg62.jpg",229,90,95,3,1,1,99,229,132,225,181,229,"steeringwheel1_tr.png",1,229,229,1.7537,1,2.3748,1,0.552
"Sub021_ToD_Online","YA","Morning",1,"stoplights1_tr.png",214,214,-0.118895522,-0.176269861,1.4781,90,-0.093206416,-0.191101473,"Bckg53.jpg",219,60,64,2,1,1,60,219,214,124,240,219,"stoplights1_tr.png",1,206,206,3.3123,1,0.8858,1,0.3743
"Sub021_ToD_Online","YA","Morning",1,"streamer1_tr.png",-15,345,-0.055030072,0.205375024,2.1993,90,-0.065703153,0.202213513,"Bckg4.jpg",338,35,81,3,1,1,109,338,69,290,195,338,"streamer1_tr.png",1,342,342,2.49,1,0.6399,1,0.3068
"Sub021_ToD_Online","YA","Morning",1,"suit1_tr.png",265,265,-0.211810787,-0.018531043,2.2087,90,0.212328482,0.011127664,"Bckg52.jpg",262,36,25,1,1,1,33,262,153,255,138,262,"suit1_tr.png",1,447,87,5.7285,1,2.0564,1,1.5161
"Sub021_ToD_Online","YA","Morning",1,"telephonebooth1_tr.png",-146,214,-0.118895522,-0.176269861,5.2331,90,-0.150344952,-0.150344952,"Bckg107.jpg",214,63,71,2,1,1,69,214,64,281,300,214,"telephonebooth1_tr.png",1,225,225,4.066,1,0.8022,1,0.3498
"Sub021_ToD_Online","YA","Morning",1,"toad1_tr.png",380,20,0.072720278,0.199797323,3.8735,90,0.036921053,0.209389696,"Bckg65.jpg",25,27,97,3,1,1,93,25,278,24,220,25,"toad1_tr.png",1,10,10,2.5663,1,0.7514,1,0.3177
"Sub021_ToD_Online","YA","Morning",1,"toaster1_tr.png",355,355,-0.018531043,0.211810787,2.403,90,0.003710728,0.212587487,"Bckg104.jpg",358,119,62,2,1,1,76,358,291,211,356,358,"toaster1_tr.png",1,361,1,3.7499,1,0.7908,1,0.4835
"Sub021_ToD_Online","YA","Morning",1,"toothpaste1_tr.png",252,252,-0.202213513,-0.065703153,1.5774,90,0.212587487,0.003710728,"Bckg38.jpg",259,1,52,2,1,1,45,259,232,85,230,259,"toothpaste1_tr.png",1,89,89,3.0355,1,1.0841,1,0.4933
"Sub021_ToD_Online","YA","Morning",1,"tractor1_tr.png",324,324,-0.124974824,0.172013088,4.3484,90,-0.124974824,0.172013088,"Bckg63.jpg",316,86,104,3,1,1,119,316,132,20,87,316,"tractor1_tr.png",1,-36,324,2.2337,1,0.704,1,0.3342
"Sub021_ToD_Online","YA","Morning",1,"trumpet1_tr.png",349,349,-0.040569784,0.208713444,1.8675,90,0.011127664,0.212328482,"Bckg130.jpg",355,58,119,3,1,1,104,355,313,133,32,355,"trumpet1_tr.png",1,3,3,3.2818,1,1.0577,1,0.737
"Sub021_ToD_Online","YA","Morning",1,"turtle1_tr.png",221,221,-0.139491185,-0.160466253,2.5165,90,-0.099818983,-0.187732202,"Bckg44.jpg",223,61,117,3,1,1,102,223,185,158,305,223,"turtle1_tr.png",1,208,208,2.3546,1,0.6751,1,0.3053
"Sub021_ToD_Online","YA","Morning",1,"wagon1_tr.png",91,91,0.212587487,-0.003710728,1.1714,90,0.212490348,0.007420326,"Bckg47.jpg",95,38,8,1,1,1,34,95,87,36,143,95,"wagon1_tr.png",1,88,88,2.6888,1,2.3266,1,0.7532
"Sub021_ToD_Online","YA","Morning",1,"watch1_tr.png",131,131,0.160466253,-0.139491185,4.7157,90,0.212328482,-0.011127664,"Bckg117.jpg",119,43,61,2,1,1,55,119,181,237,158,119,"watch1_tr.png",1,93,93,4.7883,1,3.8271,1,0.5999
"Sub021_ToD_Online","YA","Morning",1,"wreath1_tr.png",223,223,-0.145006403,-0.155500329,3.1774,90,-0.155500329,-0.145006403,"Bckg71.jpg",229,98,114,3,1,1,107,229,357,97,101,229,"wreath1_tr.png",1,227,227,3.767,1,0.7512,1,0.2794
"Sub022_ToD_Online","YA","Morning",1,"airfreshener1_tr.png",2,2,0.007068797,0.202423864,5.04,70,-0.003534937,0.202516401,"Bckg42.jpg",2,91,5,1,1,1,1,2,156,345,88,2,"airfreshener1_tr.png",1,359,359,2.028,1,5.111,1,0.979
"Sub022_ToD_Online","YA","Morning",1,"apple1_tr.png",469,109,0.191512187,-0.065942934,3.462,70,0.145700298,0.140701143,"Bckg81.jpg",114,62,12,1,1,1,11,114,347,32,264,114,"apple1_tr.png",1,46,46,4.88,1,1.119,1,0.351
"Sub022_ToD_Online","YA","Morning",1,"asparagus1_tr.png",268,268,-0.202423864,-0.007068797,1.984,70,0.110315139,0.169870417,"Bckg134.jpg",263,47,55,2,1,1,79,263,290,137,190,263,"asparagus1_tr.png",1,33,33,2.782,1,1.215,1,0.618
"Sub022_ToD_Online","YA","Morning",1,"bagel1_tr.png",249,249,-0.189094148,-0.072586443,1.96,70,-0.150521941,-0.135530564,"Bckg43.jpg",246,20,20,1,1,1,25,246,243,284,250,246,"bagel1_tr.png",1,228,228,2.851,1,1.104,1,0.334
"Sub022_ToD_Online","YA","Morning",1,"bowls1_tr.png",76,76,0.196530731,0.049000615,4.102,70,0.010600504,-0.202269666,"Bckg103.jpg",76,79,119,3,1,1,94,76,238,207,139,76,"bowls1_tr.png",1,177,177,4.182,1,3.935,2,1.518
"Sub022_ToD_Online","YA","Morning",1,"christmasstocking1_tr.png",160,160,0.069275239,-0.190332156,5.2,70,0.130194863,-0.155160195,"Bckg136.jpg",165,50,4,1,1,1,15,165,322,246,121,165,"christmasstocking1_tr.png",1,140,140,3.099,1,1.981,1,0.501
"Sub022_ToD_Online","YA","Morning",1,"coat1_tr.png",451,91,0.202516401,-0.003534937,5.001,70,0.202516401,0.003534937,"Bckg108.jpg",94,102,1,1,1,1,3,94,309,13,198,94,"coat1_tr.png",1,89,89,4.607,1,2.381,1,1.067
"Sub022_ToD_Online","YA","Morning",1,"cookie1_tr.png",202,202,-0.075875535,-0.18779854,2.362,70,-0.079141516,-0.186445727,"Bckg1.jpg",196,109,2,1,1,1,10,196,142,307,242,196,"cookie1_tr.png",1,203,203,2.628,1,1.285,1,0.601
"Sub022_ToD_Online","YA","Morning",1,"dog1_tr.png",168,168,0.042111941,-0.198121107,4.284,70,0.055829588,-0.194700913,"Bckg23.jpg",167,111,107,3,1,1,109,167,16,26,214,167,"dog1_tr.png",1,164,164,3.635,1,1.429,1,0.317
"Sub022_ToD_Online","YA","Morning",1,"dress1_tr.png",85,85,0.201776497,0.017653156,4.673,70,0.201776497,0.017653156,"Bckg96.jpg",83,51,28,1,1,1,40,83,239,71,9,83,"dress1_tr.png",1,85,85,3.103,1,1.281,1,0.434
"Sub022_ToD_Online","YA","Morning",1,"goggle1_tr.png",29,29,0.098196855,0.177151816,3.641,70,-0.042111941,0.198121107,"Bckg120.jpg",25,96,32,1,1,1,6,25,157,292,131,25,"goggle1_tr.png",1,348,348,2.015,1,1.414,1,0.501
"Sub022_ToD_Online","YA","Morning",1,"granola1_tr.png",206,206,-0.08879087,-0.182048262,2.29,70,-0.035171961,-0.199470102,"Bckg49.jpg",191,103,27,1,1,1,7,191,262,206,48,191,"granola1_tr.png",1,190,190,1.7,1,1.346,1,0.802
"Sub022_ToD_Online","YA","Morning",1,"hairdryer1_tr.png",64,64,0.182048262,0.08879087,1.836,70,0.198825887,0.038647837,"Bckg79.jpg",63,73,49,2,1,1,72,63,52,27,90,63,"hairdryer1_tr.png",1,79,79,2.151,1,1.211,1,0.604
"Sub022_ToD_Online","YA","Morning",1,"hotdog1_tr.png",149,149,0.104319546,-0.17361688,5.988,70,-0.198825887,0.038647837,"Bckg126.jpg",152,42,9,1,1,1,33,152,327,275,320,152,"hotdog1_tr.png",1,281,281,2.896,1,3.565,1,0.435
"Sub022_ToD_Online","YA","Morning",1,"iceskates1_tr.png",196,196,-0.055829588,-0.194700913,2.907,70,0.010600504,-0.202269666,"Bckg27.jpg",186,64,3,1,1,1,29,186,280,131,293,186,"iceskates1_tr.png",1,177,177,4.951,1,1.422,1,0.234
"Sub022_ToD_Online","YA","Morning",1,"jellybeans1_tr.png",239,239,-0.17361688,-0.104319546,3.397,70,-0.16791928,-0.113262985,"Bckg46.jpg",235,49,19,1,1,1,39,235,347,110,157,235,"jellybeans1_tr.png",1,236,236,4.1,1,1.268,1,0.458
"Sub022_ToD_Online","YA","Morning",1,"kite1_tr.png",187,187,-0.0246843,-0.201037494,4.167,70,0.003534937,-0.202516401,"Bckg128.jpg",181,115,40,1,1,1,36,181,59,221,177,181,"kite1_tr.png",1,179,179,2.45,1,1.278,1,0.318
"Sub022_ToD_Online","YA","Morning",1,"lei1_tr.png",54,54,0.163864167,0.119054286,3.291,70,-0.202423864,-0.007068797,"Bckg119.jpg",49,5,97,3,1,1,117,49,174,32,226,49,"lei1_tr.png",1,-92,268,3.899,1,2.486,2,1.16
"Sub022_ToD_Online","YA","Morning",1,"lipstick1_tr.png",104,104,0.196530731,-0.049000615,4.283,70,-0.003534937,-0.202516401,"Bckg22.jpg",106,22,65,2,1,1,43,106,284,129,228,106,"lipstick1_tr.png",1,181,181,2.981,1,1.214,2,0.42
"Sub022_ToD_Online","YA","Morning",1,"mouthwash1_tr.png",-9,351,-0.031685371,0.200053557,3.999,70,-3.72073e-17,0.20254725,"Bckg109.jpg",352,100,108,3,1,1,84,352,115,250,226,352,"mouthwash1_tr.png",1,360,0,3.532,1,1.063,2,1.602
"Sub022_ToD_Online","YA","Morning",1,"partyhats1_tr.png",173,173,0.0246843,-0.201037494,0.935,70,0.202516401,-0.003534937,"Bckg110.jpg",52,18,80,2,1,1,75,52,175,231,196,52,"partyhats1_tr.png",1,91,91,5.008,1,1.214,1,0.882
"Sub022_ToD_Online","YA","Morning",1,"pickle1_tr.png",163,163,0.059219085,-0.193696898,3.092,70,0.055829588,-0.194700913,"Bckg66.jpg",150,83,101,3,1,1,82,150,65,78,256,150,"pickle1_tr.png",1,164,164,2.932,1,2.247,2,1.017
"Sub022_ToD_Online","YA","Morning",1,"pin1_tr.png",290,290,-0.190332156,0.069275239,1.993,70,0.062590542,-0.192633882,"Bckg59.jpg",300,82,79,2,1,1,68,300,260,88,40,300,"pin1_tr.png",1,162,162,5.197,1,1.583,1,0.846
"Sub022_ToD_Online","YA","Morning",1,"pokerchips1_tr.png",15,15,0.052423086,0.19564562,2.236,70,0.052423086,0.19564562,"Bckg127.jpg",11,88,81,3,1,1,112,11,51,229,63,11,"pokerchips1_tr.png",1,375,15,3.597,1,1.676,2,2.804
"Sub022_ToD_Online","YA","Morning",1,"popcorn1_tr.png",141,141,0.127467115,-0.157408777,2.236,70,0.021171953,-0.201437675,"Bckg76.jpg",144,15,45,2,1,1,74,144,211,30,310,144,"popcorn1_tr.png",1,174,174,3.151,1,1.346,2,0.736
"Sub022_ToD_Online","YA","Morning",1,"rollingpin1_tr.png",-128,232,-0.159609411,-0.124700539,3.034,70,-0.17176981,-0.10733369,"Bckg69.jpg",228,89,21,1,1,1,13,228,12,120,126,228,"rollingpin1_tr.png",1,238,238,5.774,1,1.218,1,0.751
"Sub022_ToD_Online","YA","Morning",1,"rubikscube1_tr.png",114,114,0.18503612,-0.082383389,3.936,70,0.199470102,-0.035171961,"Bckg122.jpg",113,105,62,2,1,1,61,113,4,222,200,113,"rubikscube1_tr.png",1,100,100,2.902,1,2.499,1,0.77
"Sub022_ToD_Online","YA","Morning",1,"scarf1_tr.png",269,269,-0.202516401,-0.003534937,2.249,70,-0.202053855,-0.014128982,"Bckg51.jpg",276,59,60,2,1,1,58,276,231,56,236,276,"scarf1_tr.png",1,-94,266,3.224,1,1.398,1,0.882
"Sub022_ToD_Online","YA","Morning",1,"scrabble1_tr.png",382,22,0.075875535,0.18779854,8.768,70,0.042111941,0.198121107,"Bckg91.jpg",15,39,15,1,1,1,16,15,152,156,110,15,"scrabble1_tr.png",1,12,12,4.317,1,2.065,1,0.435
"Sub022_ToD_Online","YA","Morning",1,"silvertray1_tr.png",281,281,-0.198825887,0.038647837,2.361,70,-0.198825887,0.038647837,"Bckg64.jpg",288,6,116,3,1,1,98,288,241,343,248,288,"silvertray1_tr.png",1,281,281,2.214,1,3.537,2,0.384
"Sub022_ToD_Online","YA","Morning",1,"skippingrope1_tr.png",57,57,0.169870417,0.110315139,1.5,70,-0.191512187,-0.065942934,"Bckg7.jpg",60,45,41,2,1,1,53,60,87,213,277,60,"skippingrope1_tr.png",1,251,251,5.199,1,2.95,2,2.102
"Sub022_ToD_Online","YA","Morning",1,"starfish1_tr.png",83,83,0.201037494,0.0246843,3.15,70,0.202516401,-0.003534937,"Bckg106.jpg",77,54,115,3,1,1,100,77,197,61,78,77,"starfish1_tr.png",1,91,91,3.949,1,1.298,2,0.838
"Sub022_ToD_Online","YA","Morning",1,"steeringwheel1_tr.png",224,224,-0.140701143,-0.145700298,2.417,70,-0.202516401,0.003534937,"Bckg62.jpg",229,90,77,2,1,1,49,229,132,225,181,229,"steeringwheel1_tr.png",1,271,271,3.018,1,1.08,2,0.819
"Sub022_ToD_Online","YA","Morning",1,"telephonebooth1_tr.png",218,218,-0.124700539,-0.159609411,6.421,70,-0.11617633,-0.165916994,"Bckg107.jpg",214,63,106,3,1,1,113,214,64,281,300,214,"telephonebooth1_tr.png",1,215,215,1.918,1,1.37,2,0.419
"Sub023_ToD_Online","YA","Morning",1,"bagel1_tr.png",241,241,-0.23077615,-0.127921309,1.1807,186,-0.223764995,-0.139823888,"Bckg43.jpg",246,20,18,1,1,1,20,246,243,284,250,246,"bagel1_tr.png",1,238,238,3.0443,1,1.0327,1,0.5992
"Sub023_ToD_Online","YA","Morning",1,"basket1_tr.png",108,108,0.250944679,-0.081536869,3.5272,186,0.139823888,0.223764995,"Bckg24.jpg",110,8,29,1,1,1,11,110,14,332,96,110,"basket1_tr.png",1,392,32,2.3974,1,1.5251,2,0.5323
"Sub023_ToD_Online","YA","Morning",1,"bathingsuit1_tr.png",283,283,-0.257096165,0.059355327,2.1006,186,0.173106981,-0.199136802,"Bckg19.jpg",288,65,96,3,1,1,111,288,311,51,176,288,"bathingsuit1_tr.png",1,139,139,3.2438,1,0.8859,1,0.4019
"Sub023_ToD_Online","YA","Morning",1,"bbqmachine1_tr.png",157,157,0.103097866,-0.242883352,6.4815,186,0.009208541,-0.263698114,"Bckg48.jpg",172,40,79,2,1,1,79,172,331,332,338,172,"bbqmachine1_tr.png",1,178,178,5.9286,1,2.7854,1,0.5896
"Sub023_ToD_Online","YA","Morning",1,"bed1_tr.png",248,248,-0.244645666,-0.098843265,4.8227,186,-0.186576382,0.186576382,"Bckg77.jpg",245,120,50,2,1,1,78,245,138,143,160,245,"bed1_tr.png",1,-45,315,5.8934,1,1.4712,2,0.7867
"Sub023_ToD_Online","YA","Morning",1,"bell1_tr.png",355,355,-0.022996814,0.262854787,3.066,186,0.213466294,0.155092341,"Bckg36.jpg",349,78,112,3,1,1,109,349,287,282,294,349,"bell1_tr.png",1,54,54,7.6131,1,1.1317,2,1.0863
"Sub023_ToD_Online","YA","Morning",1,"bowlingpin1_tr.png",307,307,-0.210727047,0.15879422,4.4329,186,-0.20505684,0.166051755,"Bckg34.jpg",301,48,38,1,1,1,14,301,219,51,324,301,"bowlingpin1_tr.png",1,-51,309,3.8654,1,1.3071,1,0.5001
"Sub023_ToD_Online","YA","Morning",1,"coat1_tr.png",463,103,0.257096165,-0.059355327,5.6001,186,NA,NA,"Bckg108.jpg",94,102,77,2,1,1,74,94,309,13,198,94,"coat1_tr.png",1,13,13,1.2935,1,0.7688,2,0.669
"Sub023_ToD_Online","YA","Morning",1,"coke1_tr.png",-43,317,-0.179951303,0.192974147,3.2306,186,-0.179951303,0.192974147,"Bckg78.jpg",322,74,108,3,1,1,116,322,31,323,307,322,"coke1_tr.png",1,317,317,1.4525,1,0.9639,1,0.6365
"Sub023_ToD_Online","YA","Morning",1,"dress1_tr.png",85,85,0.262854787,0.022996814,7.2358,186,0.263497241,0.013809305,"Bckg96.jpg",83,51,31,1,1,1,5,83,239,71,9,83,"dress1_tr.png",1,87,87,1.9435,1,1.2581,1,0.8347
"Sub023_ToD_Online","YA","Morning",1,"fireextinguisher1_tr.png",294,294,-0.241047054,0.107321063,3.02,186,0.115668107,0.237154763,"Bckg88.jpg",294,85,113,3,1,1,114,294,212,94,215,294,"fireextinguisher1_tr.png",1,26,26,4.3842,1,1.2482,1,0.3557
"Sub023_ToD_Online","YA","Morning",1,"handsoap1_tr.png",420,60,0.228508467,0.131929425,2.6433,186,0.235099957,0.119789411,"Bckg73.jpg",74,57,64,2,1,1,50,74,352,41,5,74,"handsoap1_tr.png",1,63,63,1.5463,1,0.7719,1,0.337
"Sub023_ToD_Online","YA","Morning",1,"highheel1_tr.png",142,142,0.162447729,-0.207923611,1.884,186,0.162447729,-0.207923611,"Bckg57.jpg",128,77,59,2,1,1,73,128,108,34,194,128,"highheel1_tr.png",1,142,142,4.0202,1,1.3462,2,0.8788
"Sub023_ToD_Online","YA","Morning",1,"hotdog1_tr.png",141,141,0.166051755,-0.20505684,5.907,186,0.20505684,-0.166051755,"Bckg126.jpg",152,42,67,2,1,1,52,152,327,275,320,152,"hotdog1_tr.png",1,489,129,6.4985,1,0.7917,1,0.6519
"Sub023_ToD_Online","YA","Morning",1,"jellybeans1_tr.png",237,237,-0.221290652,-0.143707829,4.0061,186,-0.189804172,-0.183291759,"Bckg46.jpg",235,49,109,3,1,1,118,235,347,110,157,235,"jellybeans1_tr.png",1,226,226,4.8782,1,0.7787,1,0.4498
"Sub023_ToD_Online","YA","Morning",1,"kite1_tr.png",177,177,0.013809305,-0.263497241,5.5987,186,-0.022996814,-0.262854787,"Bckg128.jpg",181,115,3,1,1,1,7,181,59,221,177,181,"kite1_tr.png",1,185,185,5.3821,1,1.9858,1,0.6841
"Sub023_ToD_Online","YA","Morning",1,"motorcycle1_tr.png",262,262,-0.261290994,-0.036722054,3.5095,186,-0.15879422,-0.210727047,"Bckg100.jpg",260,4,84,3,1,1,95,260,342,17,98,260,"motorcycle1_tr.png",1,-143,217,5.3608,1,1.5705,2,0.3828
"Sub023_ToD_Online","YA","Morning",1,"mouthwash1_tr.png",-9,351,-0.041276618,0.26061031,7.8652,186,0.256021114,0.063833233,"Bckg109.jpg",352,100,71,2,1,1,54,352,115,250,226,352,"mouthwash1_tr.png",1,76,76,5.9179,1,0.9491,1,0.5317
"Sub023_ToD_Online","YA","Morning",1,"partyhats1_tr.png",59,59,0.226171178,0.135897354,4.765,186,0.20505684,0.166051755,"Bckg110.jpg",52,18,24,1,1,1,35,52,175,231,196,52,"partyhats1_tr.png",1,51,51,6.2992,1,1.1998,1,0.6077
"Sub023_ToD_Online","YA","Morning",1,"pickle1_tr.png",153,153,0.119789411,-0.235099957,2.9834,186,0.162447729,-0.207923611,"Bckg66.jpg",150,83,105,3,1,1,85,150,65,78,256,150,"pickle1_tr.png",1,142,142,3.0805,1,1.0998,1,0.2158
"Sub023_ToD_Online","YA","Morning",1,"pin1_tr.png",302,302,-0.223764995,0.139823888,3.6017,186,-0.223764995,0.139823888,"Bckg59.jpg",300,82,21,1,1,1,25,300,260,88,40,300,"pin1_tr.png",1,-58,302,5.2391,1,1.7506,1,1.0347
"Sub023_ToD_Online","YA","Morning",1,"pizza1_tr.png",29,29,0.127921309,0.23077615,4.7253,186,0.263497241,-0.013809305,"Bckg83.jpg",31,80,88,3,1,1,84,31,153,237,175,31,"pizza1_tr.png",1,453,93,6.9912,1,1.1051,2,0.3511
"Sub023_ToD_Online","YA","Morning",1,"pokerchips1_tr.png",11,11,0.050346642,0.25901102,2.6168,186,0.111511569,0.23913733,"Bckg127.jpg",11,88,57,2,1,1,80,11,51,229,63,11,"pokerchips1_tr.png",1,385,25,5.7646,1,1.115,1,0.3538
"Sub023_ToD_Online","YA","Morning",1,"qtips1_tr.png",155,155,0.111511569,-0.23913733,3.8139,186,-0.004604972,-0.263818663,"Bckg129.jpg",171,92,25,1,1,1,28,171,235,155,124,171,"qtips1_tr.png",1,181,181,4.0606,1,1.6572,1,1.2349
"Sub023_ToD_Online","YA","Morning",1,"scarf1_tr.png",269,269,-0.263818663,-0.004604972,2.1969,186,0.263216103,0.018405863,"Bckg51.jpg",276,59,104,3,1,1,113,276,231,56,236,276,"scarf1_tr.png",1,86,86,2.0503,1,0.8453,2,0.6166
"Sub023_ToD_Online","YA","Morning",1,"seashell1_tr.png",200,200,-0.090245042,-0.247946214,2.5802,186,0.123874227,0.232973536,"Bckg8.jpg",205,13,46,2,1,1,64,205,224,134,59,205,"seashell1_tr.png",1,28,28,4.5156,1,1.1088,2,0.3357
"Sub023_ToD_Online","YA","Morning",1,"skippingrope1_tr.png",55,55,0.216140516,0.151343219,2.2538,186,0.20505684,0.166051755,"Bckg7.jpg",60,45,103,3,1,1,101,60,87,213,277,60,"skippingrope1_tr.png",1,411,51,6.117,1,1.2006,2,0.255
"Sub023_ToD_Online","YA","Morning",1,"slide1_tr.png",48,48,0.196085339,0.176556032,2.9191,186,0.151343219,0.216140516,"Bckg94.jpg",44,44,6,1,1,1,4,44,4,217,28,44,"slide1_tr.png",1,35,35,6.1753,1,1.2835,1,0.7504
"Sub023_ToD_Online","YA","Morning",1,"starfish1_tr.png",71,71,0.249483444,0.085904039,4.7433,186,0.249483444,-0.085904039,"Bckg106.jpg",77,54,110,3,1,1,88,77,197,61,78,77,"starfish1_tr.png",1,109,109,3.2656,1,0.9287,1,0.2823
"Sub023_ToD_Online","YA","Morning",1,"steeringwheel1_tr.png",232,232,-0.207923611,-0.162447729,4.0856,186,-0.186576382,-0.186576382,"Bckg62.jpg",229,90,115,3,1,1,106,229,132,225,181,229,"steeringwheel1_tr.png",1,225,225,2.1362,1,2.0301,1,0.7056
"Sub023_ToD_Online","YA","Morning",1,"stoplights1_tr.png",230,230,-0.202127606,-0.169605199,2.3865,186,-0.196085339,-0.176556032,"Bckg53.jpg",219,60,74,2,1,1,62,219,214,124,240,219,"stoplights1_tr.png",1,228,228,8.8717,1,0.8638,1,0.2799
"Sub023_ToD_Online","YA","Morning",1,"streamer1_tr.png",-33,327,-0.143707829,0.221290652,3.9156,186,-0.098843265,0.244645666,"Bckg4.jpg",338,35,13,1,1,1,32,338,69,290,195,338,"streamer1_tr.png",1,338,338,2.6793,1,0.914,2,0.3868
"Sub023_ToD_Online","YA","Morning",1,"telephonebooth1_tr.png",222,222,-0.176556032,-0.196085339,6.4694,186,-0.179951303,-0.192974147,"Bckg107.jpg",214,63,63,2,1,1,60,214,64,281,300,214,"telephonebooth1_tr.png",1,223,223,2.7169,1,0.9924,2,0.2647
"Sub023_ToD_Online","YA","Morning",1,"tennisball1_tr.png",392,32,0.139823888,0.223764995,4.3003,186,0.155092341,0.213466294,"Bckg125.jpg",15,31,34,1,1,1,16,15,270,276,311,15,"tennisball1_tr.png",1,396,36,4.9946,1,1.4069,1,0.6649
"Sub023_ToD_Online","YA","Morning",1,"toad1_tr.png",394,34,0.147547996,0.218748901,4.3653,186,0.207923611,0.162447729,"Bckg65.jpg",25,27,40,1,1,1,22,25,278,24,220,25,"toad1_tr.png",1,52,52,2.6513,1,2.0322,1,0.971
"Sub023_ToD_Online","YA","Morning",1,"toothpaste1_tr.png",270,270,-0.26385885,-3.23134e-17,2.2809,186,-0.263497241,0.013809305,"Bckg38.jpg",259,1,49,2,1,1,61,259,232,85,230,259,"toothpaste1_tr.png",1,273,273,7.0311,1,1.0297,1,0.6509
"Sub023_ToD_Online","YA","Morning",1,"train1_tr.png",135,135,0.186576382,-0.186576382,2.4999,186,0.192974147,-0.179951303,"Bckg61.jpg",127,104,116,3,1,1,91,127,71,191,165,127,"train1_tr.png",1,133,133,3.166,1,0.8657,2,0.717
"Sub023_ToD_Online","YA","Morning",1,"wagon1_tr.png",85,85,0.262854787,0.022996814,1.5657,186,0.263698114,0.009208541,"Bckg47.jpg",95,38,20,1,1,1,24,95,87,36,143,95,"wagon1_tr.png",1,88,88,9.401,1,1.6965,1,0.4509
"Sub023_ToD_Online","YA","Morning",1,"washingmachine1_tr.png",342,342,-0.081536869,0.250944679,2.7619,186,-0.094558555,0.246333458,"Bckg85.jpg",341,34,120,3,1,1,117,341,282,53,158,341,"washingmachine1_tr.png",1,-21,339,5.766,1,1.7999,1,0.5164
"Sub023_ToD_Online","YA","Morning",1,"waterfilter1_tr.png",484,124,0.218748901,-0.147547996,6.3338,186,0.207923611,0.162447729,"Bckg123.jpg",115,56,58,2,1,1,49,115,280,232,286,115,"waterfilter1_tr.png",1,412,52,6.0551,1,1.1278,1,0.7702
"Sub023_ToD_Online","YA","Morning",1,"woodenbox1_tr.png",339,339,-0.094558555,0.246333458,5.2725,186,0.077144862,0.252329473,"Bckg9.jpg",346,69,95,3,1,1,102,346,209,115,175,346,"woodenbox1_tr.png",1,17,17,6.1098,1,1.0762,1,0.5183
"Sub024_ToD_Online","YA","Night",1,"abacus1_tr.png",-59,301,-0.214158767,0.128679569,7.0037,189,-0.237616497,-0.07720628,"Bckg135.jpg",299,41,15,1,1,1,32,299,113,108,23,299,"abacus1_tr.png",1,252,252,4.2457,1,1.2473,1,0.5777
"Sub024_ToD_Online","YA","Night",1,"airfreshener1_tr.png",6,6,0.02611589,0.248476094,5.0182,189,-0.236232871,0.081341501,"Bckg42.jpg",2,91,41,2,1,1,43,2,156,345,88,2,"airfreshener1_tr.png",1,289,289,3.0725,1,2.1695,2,0.8031
"Sub024_ToD_Online","YA","Night",1,"banana1_tr.png",401,41,0.163912917,0.188560241,4.2701,189,0.173556761,0.179723287,"Bckg93.jpg",44,114,40,1,1,1,28,44,233,78,338,44,"banana1_tr.png",1,44,44,4.3996,1,2.5467,1,0.8498
"Sub024_ToD_Online","YA","Night",1,"bandaid1_tr.png",243,243,-0.22261332,-0.113427152,3.4572,189,-0.163912917,-0.188560241,"Bckg45.jpg",246,107,95,3,1,1,102,246,143,243,11,246,"bandaid1_tr.png",1,221,221,2.9297,1,1.4555,2,0.7842
"Sub024_ToD_Online","YA","Night",1,"bed1_tr.png",242,242,-0.220599838,-0.117295015,6.871,189,-0.209537455,-0.136075214,"Bckg77.jpg",245,120,7,1,1,1,6,245,138,143,160,245,"bed1_tr.png",1,237,237,5.086,1,3.2027,1,0.885
"Sub024_ToD_Online","YA","Night",1,"bike1_tr.png",137,137,0.170393723,-0.182724897,3.1686,189,0.136075214,-0.209537455,"Bckg39.jpg",135,2,88,3,1,1,104,135,209,107,240,135,"bike1_tr.png",1,147,147,8.9989,1,1.6955,2,1.0811
"Sub024_ToD_Online","YA","Night",1,"bird1_tr.png",42,42,0.167178782,0.185670848,3.1414,189,0.121127148,0.21851916,"Bckg2.jpg",39,72,89,3,1,1,93,39,118,137,33,39,"bird1_tr.png",1,29,29,4.2907,1,2.8521,1,1.5014
"Sub024_ToD_Online","YA","Night",1,"bowlingpin1_tr.png",297,297,-0.22261332,0.113427152,3.7147,189,-0.243441265,0.056202844,"Bckg34.jpg",301,48,65,2,1,1,53,301,219,51,324,301,"bowlingpin1_tr.png",1,-77,283,4.0326,1,1.4523,1,0.716
"Sub024_ToD_Online","YA","Night",1,"boxinggloves1_tr.png",-83,277,-0.247982465,0.030448418,5.9039,189,-0.247982465,0.030448418,"Bckg131.jpg",276,95,105,3,1,1,96,276,159,125,149,276,"boxinggloves1_tr.png",1,-83,277,6.4682,1,2.0669,1,1.0914
"Sub024_ToD_Online","YA","Night",1,"cakemixer1_tr.png",254,254,-0.240166207,-0.068866552,4.4684,189,0.216371918,0.124922385,"Bckg12.jpg",255,117,27,1,1,1,38,255,108,314,330,255,"cakemixer1_tr.png",1,60,60,7.3563,1,1.2806,2,2.8101
"Sub024_ToD_Online","YA","Night",1,"christmasstocking1_tr.png",162,162,0.07720628,-0.237616497,3.9946,189,0.085451944,-0.234777287,"Bckg136.jpg",165,50,50,2,1,1,41,165,322,246,121,165,"christmasstocking1_tr.png",1,160,160,4.6334,1,1.3013,2,1.3832
"Sub024_ToD_Online","YA","Night",1,"clock1_tr.png",134,134,0.179723287,-0.173556761,1.4037,189,0.021775407,-0.248894035,"Bckg137.jpg",133,76,10,1,1,1,36,133,128,1,280,133,"clock1_tr.png",1,-185,175,4.2795,1,2.0343,2,0.4184
"Sub024_ToD_Online","YA","Night",1,"coke1_tr.png",-37,323,-0.150360336,0.199534905,5.3676,189,-0.157232408,0.194165854,"Bckg78.jpg",322,74,34,1,1,1,10,322,31,323,307,322,"coke1_tr.png",1,321,321,1.4848,1,1.401,1,0.9002
"Sub024_ToD_Online","YA","Night",1,"cookie1_tr.png",204,204,-0.101621023,-0.228244555,3.13,189,-0.064664585,-0.241331516,"Bckg1.jpg",196,109,114,3,1,1,99,196,142,307,242,196,"cookie1_tr.png",1,195,195,4.1799,1,1.2151,1,1.7151
"Sub024_ToD_Online","YA","Night",1,"cow1_tr.png",352,352,-0.034771671,0.247413298,5.3436,189,-0.021775407,0.248894035,"Bckg113.jpg",352,24,75,2,1,1,73,352,172,11,137,352,"cow1_tr.png",1,-5,355,2.5041,1,1.7999,1,0.6586
"Sub024_ToD_Online","YA","Night",1,"encyclopedia1_tr.png",285,285,-0.241331516,0.064664585,4.3589,189,-0.244385062,0.051945649,"Bckg72.jpg",286,11,100,3,1,1,84,286,151,110,236,286,"encyclopedia1_tr.png",1,-78,282,5.5714,1,2.2297,1,0.5753
"Sub024_ToD_Online","YA","Night",1,"granola1_tr.png",204,204,-0.101621023,-0.228244555,3.298,189,-0.034771671,-0.247413298,"Bckg49.jpg",191,103,59,2,1,1,70,191,262,206,48,191,"granola1_tr.png",1,188,188,2.4838,1,1.1417,1,0.8407
"Sub024_ToD_Online","YA","Night",1,"hammer1_tr.png",233,233,-0.199534905,-0.150360336,3.8145,189,-0.204660854,-0.143305073,"Bckg138.jpg",237,118,61,2,1,1,76,237,139,321,245,237,"hammer1_tr.png",1,235,235,4.0151,1,2.6456,1,0.5999
"Sub024_ToD_Online","YA","Night",1,"jellybeans1_tr.png",235,235,-0.204660854,-0.143305073,3.4438,189,NA,NA,"Bckg46.jpg",235,49,90,3,1,1,119,235,347,110,157,235,"jellybeans1_tr.png",1,110,110,2.0545,1,1.5618,2,0.5643
"Sub024_ToD_Online","YA","Night",1,"lipstick1_tr.png",116,116,0.224558992,-0.109524738,5.7389,189,0.246768766,-0.039084333,"Bckg22.jpg",106,22,72,2,1,1,57,106,284,129,228,106,"lipstick1_tr.png",1,99,99,2.2176,1,1.9915,1,1.3335
"Sub024_ToD_Online","YA","Night",1,"loaf1_tr.png",457,97,0.247982465,-0.030448418,3.4904,189,0.244385062,-0.051945649,"Bckg90.jpg",101,25,39,1,1,1,2,101,357,138,325,101,"loaf1_tr.png",1,102,102,4.8149,1,1.595,1,0.9662
"Sub024_ToD_Online","YA","Night",1,"motorcycle1_tr.png",252,252,-0.237616497,-0.07720628,4.0836,189,-0.238927742,0.073047541,"Bckg100.jpg",260,4,33,1,1,1,24,260,342,17,98,260,"motorcycle1_tr.png",1,-73,287,9.5177,1,1.9556,1,0.7998
"Sub024_ToD_Online","YA","Night",1,"oven1_tr.png",479,119,0.21851916,-0.121127148,5.3278,189,0.229983323,-0.097622129,"Bckg55.jpg",111,9,13,1,1,1,40,111,305,27,70,111,"oven1_tr.png",1,113,113,4.3257,1,1.7345,1,1.247
"Sub024_ToD_Online","YA","Night",1,"pan1_tr.png",137,137,0.170393723,-0.182724897,3.0366,189,0.146855071,-0.202128665,"Bckg58.jpg",133,116,58,2,1,1,56,133,89,30,229,133,"pan1_tr.png",1,144,144,4.7179,1,1.3739,1,0.5988
"Sub024_ToD_Online","YA","Night",1,"partyhats1_tr.png",47,47,0.182724897,0.170393723,5.2513,189,0.226436261,0.105588962,"Bckg110.jpg",52,18,29,1,1,1,35,52,175,231,196,52,"partyhats1_tr.png",1,425,65,5.8845,1,2.7364,2,1.9614
"Sub024_ToD_Online","YA","Night",1,"penguin1_tr.png",431,71,0.236232871,0.081341501,3.6128,189,0.211880382,0.132397557,"Bckg114.jpg",71,7,115,3,1,1,86,71,333,350,66,71,"penguin1_tr.png",1,418,58,3.198,1,1.3323,1,1.0331
"Sub024_ToD_Online","YA","Night",1,"pickle1_tr.png",149,149,0.128679569,-0.214158767,4.9057,189,0.207130702,-0.139711422,"Bckg66.jpg",150,83,67,2,1,1,48,150,65,78,256,150,"pickle1_tr.png",1,124,124,3.9599,1,1.7518,2,1.9441
"Sub024_ToD_Online","YA","Night",1,"pinecone1_tr.png",158,158,0.093593498,-0.231652037,3.4015,189,0.021775407,-0.248894035,"Bckg10.jpg",167,55,26,1,1,1,11,167,204,167,102,167,"pinecone1_tr.png",1,175,175,4.4567,1,1.5165,1,0.5871
"Sub024_ToD_Online","YA","Night",1,"pizza1_tr.png",35,35,0.143305073,0.204660854,10.1987,189,0.194165854,0.157232408,"Bckg83.jpg",31,80,30,1,1,1,4,31,153,237,175,31,"pizza1_tr.png",1,411,51,5.9227,1,1.8684,1,0.7043
"Sub024_ToD_Online","YA","Night",1,"plant1_tr.png",227,227,-0.182724897,-0.170393723,2.962,189,-0.199534905,-0.150360336,"Bckg116.jpg",229,75,81,3,1,1,120,229,191,233,122,229,"plant1_tr.png",1,233,233,4.4617,1,1.982,2,0.4379
"Sub024_ToD_Online","YA","Night",1,"popcorn1_tr.png",149,149,0.128679569,-0.214158767,2.7353,189,0.196880365,-0.1538198,"Bckg76.jpg",144,15,101,3,1,1,103,144,211,30,310,144,"popcorn1_tr.png",1,128,128,2.9018,1,1.7933,2,0.6822
"Sub024_ToD_Online","YA","Night",1,"present1_tr.png",189,189,-0.039084333,-0.246768766,4.7658,189,1.52986e-17,-0.24984477,"Bckg121.jpg",184,46,64,2,1,1,49,184,45,118,188,184,"present1_tr.png",1,180,180,5.1485,1,3.23,1,0.8213
"Sub024_ToD_Online","YA","Night",1,"qtips1_tr.png",161,161,0.081341501,-0.236232871,3.4772,189,0.039084333,-0.246768766,"Bckg129.jpg",171,92,25,1,1,1,30,171,235,155,124,171,"qtips1_tr.png",1,171,171,2.3507,1,1.4362,1,1.2724
"Sub024_ToD_Online","YA","Night",1,"radish1_tr.png",219,219,-0.157232408,-0.194165854,2.3218,189,-0.1538198,-0.196880365,"Bckg112.jpg",221,14,71,2,1,1,64,221,203,64,59,221,"radish1_tr.png",1,218,218,3.9326,1,1.302,2,2.3971
"Sub024_ToD_Online","YA","Night",1,"ricecooker1_tr.png",374,14,0.06044292,0.242423313,4.8172,189,0.105588962,0.226436261,"Bckg102.jpg",14,19,8,1,1,1,19,14,178,267,92,14,"ricecooker1_tr.png",1,385,25,4.2396,1,1.3827,1,0.9613
"Sub024_ToD_Online","YA","Night",1,"rollingpin1_tr.png",-140,220,-0.160597123,-0.191392198,4.9152,189,-0.207130702,-0.139711422,"Bckg69.jpg",228,89,68,2,1,1,69,228,12,120,126,228,"rollingpin1_tr.png",1,236,236,5.0459,1,1.9366,1,0.8258
"Sub024_ToD_Online","YA","Night",1,"sink1_tr.png",183,183,-0.013075865,-0.249502366,6.4668,189,0.013075865,-0.249502366,"Bckg32.jpg",178,112,83,3,1,1,91,178,267,137,336,178,"sink1_tr.png",1,177,177,4.3063,1,2.8523,1,0.9782
"Sub024_ToD_Online","YA","Night",1,"spoon1_tr.png",513,153,0.113427152,-0.22261332,6.7638,189,0.056202844,-0.243441265,"Bckg67.jpg",161,10,38,1,1,1,12,161,301,195,183,161,"spoon1_tr.png",1,167,167,3.867,1,1.4701,1,0.9947
"Sub024_ToD_Online","YA","Night",1,"starfish1_tr.png",71,71,0.236232871,0.081341501,3.8578,189,0.233250187,0.089536358,"Bckg106.jpg",77,54,112,3,1,1,81,77,197,61,78,77,"starfish1_tr.png",1,69,69,3.065,1,1.4308,1,0.8851
"Sub024_ToD_Online","YA","Night",1,"stoplights1_tr.png",220,220,-0.160597123,-0.191392198,2.1692,189,-0.167178782,-0.185670848,"Bckg53.jpg",219,60,70,2,1,1,51,219,214,124,240,219,"stoplights1_tr.png",1,222,222,3.8566,1,1.4719,1,0.7181
"Sub024_ToD_Online","YA","Night",1,"suit1_tr.png",263,263,-0.247982465,-0.030448418,4.8659,189,-0.236232871,-0.081341501,"Bckg52.jpg",262,36,118,3,1,1,95,262,153,255,138,262,"suit1_tr.png",1,251,251,5.1002,1,1.101,1,0.6313
"Sub024_ToD_Online","YA","Night",1,"tennisball1_tr.png",376,16,0.068866552,0.240166207,4.4651,189,0.085451944,0.234777287,"Bckg125.jpg",15,31,20,1,1,1,7,15,270,276,311,15,"tennisball1_tr.png",1,380,20,3.0512,1,1.4442,1,1.0179
"Sub024_ToD_Online","YA","Night",1,"toaster1_tr.png",351,351,-0.039084333,0.246768766,2.4386,189,0.170393723,0.182724897,"Bckg104.jpg",358,119,80,2,1,1,78,358,291,211,356,358,"toaster1_tr.png",1,43,43,3.8999,1,1.6171,2,0.8325
"Sub024_ToD_Online","YA","Night",1,"towels1_tr.png",206,206,-0.109524738,-0.224558992,3.2668,189,-0.081341501,-0.236232871,"Bckg115.jpg",193,37,42,2,1,1,45,193,106,21,53,193,"towels1_tr.png",1,199,199,5.1644,1,1.0701,1,1.0003
"Sub024_ToD_Online","YA","Night",1,"trumpet1_tr.png",353,353,-0.030448418,0.247982465,2.7493,189,-0.004360392,0.249806717,"Bckg130.jpg",355,58,23,1,1,1,31,355,313,133,32,355,"trumpet1_tr.png",1,-1,359,3.6358,1,1.6523,1,0.919
"Sub024_ToD_Online","YA","Night",1,"turtle1_tr.png",219,219,-0.157232408,-0.194165854,3.5496,189,-0.132397557,-0.211880382,"Bckg44.jpg",223,61,14,1,1,1,14,223,185,158,305,223,"turtle1_tr.png",1,212,212,3.5443,1,1.788,1,0.8238
"Sub024_ToD_Online","YA","Night",1,"umbrella1_tr.png",136,136,0.173556761,-0.179723287,3.039,189,-0.167178782,-0.185670848,"Bckg50.jpg",134,101,18,1,1,1,22,134,64,344,85,134,"umbrella1_tr.png",1,222,222,4.637,1,1.2835,2,1.0484
"Sub024_ToD_Online","YA","Night",1,"vegeplatter1_tr.png",244,244,-0.224558992,-0.109524738,3.3187,189,-0.21851916,-0.121127148,"Bckg70.jpg",246,30,78,2,1,1,79,246,122,321,75,246,"vegeplatter1_tr.png",1,241,241,4.1967,1,1.2209,1,0.6333
"Sub024_ToD_Online","YA","Night",1,"wagon1_tr.png",95,95,0.248894035,-0.021775407,3.0517,189,-0.1538198,-0.196880365,"Bckg47.jpg",95,38,11,1,1,1,18,95,87,36,143,95,"wagon1_tr.png",1,-142,218,6.2074,1,1.7858,2,0.8511
"Sub024_ToD_Online","YA","Night",1,"washingmachine1_tr.png",334,334,-0.109524738,0.224558992,2.364,189,-0.097622129,0.229983323,"Bckg85.jpg",341,34,106,3,1,1,115,341,282,53,158,341,"washingmachine1_tr.png",1,-23,337,3.506,1,2.0493,2,0.878
"Sub024_ToD_Online","YA","Night",1,"watch1_tr.png",123,123,0.209537455,-0.136075214,4.5871,189,0.246768766,-0.039084333,"Bckg117.jpg",119,43,60,2,1,1,47,119,181,237,158,119,"watch1_tr.png",1,459,99,5.4724,1,1.4282,2,2.0619
"Sub024_ToD_Online","YA","Night",1,"wheelchair1_tr.png",174,174,0.02611589,-0.248476094,2.6958,189,0.008719457,-0.249692571,"Bckg80.jpg",171,52,53,2,1,1,63,171,180,294,263,171,"wheelchair1_tr.png",1,178,178,3.4508,1,3.3823,1,0.9004
"Sub025_ToD_Online","YA","Night",1,"apple1_tr.png",483,123,0.188785718,-0.122598879,12.4984,29,0.205640142,-0.09155689,"Bckg81.jpg",114,62,29,1,1,1,10,114,347,32,264,114,"apple1_tr.png",1,114,114,5.2788,1,2.0593,1,1.456
"Sub025_ToD_Online","YA","Night",1,"asparagus1_tr.png",254,254,-0.216381123,-0.062046289,13.2831,29,-0.212837328,-0.073285769,"Bckg134.jpg",263,47,96,3,1,1,114,263,290,137,190,263,"asparagus1_tr.png",1,251,251,4.3331,1,1.0182,1,0.7186
"Sub025_ToD_Online","YA","Night",1,"bagel1_tr.png",245,245,-0.204010934,-0.095131861,9.89,29,-0.194943323,-0.11255058,"Bckg43.jpg",246,20,105,3,1,1,93,246,243,284,250,246,"bagel1_tr.png",1,240,240,5.4986,1,1.16,1,0.8012
"Sub025_ToD_Online","YA","Night",1,"bathingsuit1_tr.png",279,279,-0.222329791,0.03521358,11.9779,29,-0.212837328,0.073285769,"Bckg19.jpg",288,65,23,1,1,1,4,288,311,51,176,288,"bathingsuit1_tr.png",1,289,289,8.4615,1,1.2636,1,1.1831
"Sub025_ToD_Online","YA","Night",1,"bathroomscale1_tr.png",237,237,-0.188785718,-0.122598879,10.0674,29,-0.164628567,-0.153518622,"Bckg17.jpg",226,17,109,3,1,1,100,226,235,285,318,226,"bathroomscale1_tr.png",1,227,227,7.6789,1,1.2655,1,0.702
"Sub025_ToD_Online","YA","Night",1,"bed1_tr.png",228,228,-0.167282762,-0.150622076,17.0495,29,-0.174936457,-0.14166075,"Bckg77.jpg",245,120,27,1,1,1,25,245,138,143,160,245,"bed1_tr.png",1,231,231,9.8129,1,1.5622,1,0.916
"Sub025_ToD_Online","YA","Night",1,"bell1_tr.png",339,339,-0.080669041,0.210150037,9.7187,29,-0.150622076,0.167282762,"Bckg36.jpg",349,78,93,3,1,1,110,349,287,282,294,349,"bell1_tr.png",1,318,318,9.8519,1,0.9913,1,0.6819
"Sub025_ToD_Online","YA","Night",1,"bow1_tr.png",177,177,0.011780884,-0.224792667,15.5495,29,-0.003928557,-0.225066876,"Bckg54.jpg",172,67,116,3,1,1,89,172,311,5,258,172,"bow1_tr.png",1,181,181,7.7961,1,1.1472,1,0.5204
"Sub025_ToD_Online","YA","Night",1,"bowlingpin1_tr.png",285,285,-0.217431024,0.058260467,11.6675,29,-0.225066876,0.003928557,"Bckg34.jpg",301,48,41,2,1,1,72,301,219,51,324,301,"bowlingpin1_tr.png",1,-89,271,6.3143,1,0.9757,1,0.918
"Sub025_ToD_Online","YA","Night",1,"breakfast1_tr.png",312,312,-0.167282762,0.150622076,8.6652,29,-0.174936457,0.14166075,"Bckg89.jpg",300,3,89,3,1,1,81,300,348,149,173,300,"breakfast1_tr.png",1,309,309,4.7687,1,1.1465,1,0.8848
"Sub025_ToD_Online","YA","Night",1,"cabinet1_tr.png",349,349,-0.042951326,0.220965418,17.2522,29,-0.054456899,0.218414694,"Bckg13.jpg",355,110,83,3,1,1,107,355,291,250,164,355,"cabinet1_tr.png",1,346,346,5.5971,1,0.9141,1,0.6384
"Sub025_ToD_Online","YA","Night",1,"cakemixer1_tr.png",244,244,-0.202319582,-0.098677854,13.5126,29,-0.205640142,-0.09155689,"Bckg12.jpg",255,117,13,1,1,1,7,255,108,314,330,255,"cakemixer1_tr.png",1,246,246,6.5464,1,1.6633,1,1.1649
"Sub025_ToD_Online","YA","Night",1,"christmasstocking1_tr.png",528,168,0.046801163,-0.22018216,11.2606,29,0.076989131,-0.211525899,"Bckg136.jpg",165,50,60,2,1,1,56,165,322,246,121,165,"christmasstocking1_tr.png",1,160,160,5.3129,1,1.0473,1,0.8516
"Sub025_ToD_Online","YA","Night",1,"cow1_tr.png",364,4,0.015702263,0.224552825,21.6187,29,-0.003928557,0.225066876,"Bckg113.jpg",352,24,12,1,1,1,19,352,172,11,137,352,"cow1_tr.png",1,-1,359,5.8471,1,1.5246,1,1.0162
"Sub025_ToD_Online","YA","Night",1,"crayon1_tr.png",270,270,-0.22510116,-2.75669e-17,16.4272,29,-0.224964034,0.007855917,"Bckg87.jpg",267,33,57,2,1,1,45,267,220,22,283,267,"crayon1_tr.png",1,272,272,7.2153,1,1.6187,1,1.6958
"Sub025_ToD_Online","YA","Night",1,"dog1_tr.png",148,148,0.119285441,-0.19089661,33.1513,29,0.105678593,-0.198752527,"Bckg23.jpg",167,111,85,3,1,1,102,167,16,26,214,167,"dog1_tr.png",1,-208,152,7.8645,1,0.9718,1,1.0513
"Sub025_ToD_Online","YA","Night",1,"fantacan1_tr.png",134,134,0.161924223,-0.156368405,11.7797,29,0.076989131,-0.211525899,"Bckg86.jpg",126,84,54,2,1,1,79,126,32,278,53,126,"fantacan1_tr.png",1,520,160,6.4314,1,1.197,1,0.9024
"Sub025_ToD_Online","YA","Night",1,"fireextinguisher1_tr.png",406,46,0.161924223,0.156368405,26.7658,29,-0.208710161,0.084324379,"Bckg88.jpg",294,85,65,2,1,1,65,294,212,94,215,294,"fireextinguisher1_tr.png",1,292,292,10.4794,1,1.2971,1,1.0853
"Sub025_ToD_Online","YA","Night",1,"goggle1_tr.png",45,45,0.159170557,0.159170557,14.15,29,0.150622076,0.167282762,"Bckg120.jpg",25,96,82,3,1,1,104,25,157,292,131,25,"goggle1_tr.png",1,402,42,3.6009,1,1.4575,1,0.7848
"Sub025_ToD_Online","YA","Night",1,"granola1_tr.png",192,192,-0.046801163,-0.22018216,13.7641,29,-0.062046289,-0.216381123,"Bckg49.jpg",191,103,69,2,1,1,75,191,262,206,48,191,"granola1_tr.png",1,196,196,5.096,1,0.879,1,1.4517
"Sub025_ToD_Online","YA","Night",1,"grater1_tr.png",217,217,-0.13546926,-0.17977378,14.3336,29,-0.147679648,-0.169886002,"Bckg118.jpg",227,108,92,3,1,1,115,227,183,311,225,227,"grater1_tr.png",1,221,221,4.4955,1,1.0127,1,0.7017
"Sub025_ToD_Online","YA","Night",1,"handbag1_tr.png",419,59,0.192949354,0.115935668,10.6424,29,0.211525899,0.076989131,"Bckg97.jpg",66,94,59,2,1,1,64,66,275,244,269,66,"handbag1_tr.png",1,70,70,6.815,1,1.1146,1,0.8879
"Sub025_ToD_Online","YA","Night",1,"hotdog1_tr.png",515,155,0.095131861,-0.204010934,15.1332,29,0.115935668,-0.192949354,"Bckg126.jpg",152,42,49,2,1,1,58,152,327,275,320,152,"hotdog1_tr.png",1,509,149,5.8958,1,1.1911,1,0.8684
"Sub025_ToD_Online","YA","Night",1,"iceskates1_tr.png",164,164,0.062046289,-0.216381123,17.1031,29,0.080669041,-0.210150037,"Bckg27.jpg",186,64,37,1,1,1,1,186,280,131,293,186,"iceskates1_tr.png",1,159,159,8.3285,1,1.1796,1,1.6528
"Sub025_ToD_Online","YA","Night",1,"jackolantern1_tr.png",413,53,0.17977378,0.13546926,19.6121,29,0.156368405,0.161924223,"Bckg21.jpg",51,93,33,1,1,1,33,51,161,66,118,51,"jackolantern1_tr.png",1,44,44,9.4341,1,1.3782,1,1.0961
"Sub025_ToD_Online","YA","Night",1,"lipstick1_tr.png",126,126,0.182110664,-0.132311142,15.2501,29,0.109131208,-0.196877911,"Bckg22.jpg",106,22,91,3,1,1,91,106,284,129,228,106,"lipstick1_tr.png",1,151,151,4.3548,1,1.0407,1,0.6858
"Sub025_ToD_Online","YA","Night",1,"loaf1_tr.png",467,107,0.21526531,-0.06581321,11.4541,29,0.172437493,-0.144692237,"Bckg90.jpg",101,25,80,2,1,1,43,101,357,138,325,101,"loaf1_tr.png",1,490,130,38.309,1,1.2154,1,1.051
"Sub025_ToD_Online","YA","Night",1,"mouthwash1_tr.png",-25,335,-0.095131861,0.204010934,16.4999,29,-0.084324379,0.208710161,"Bckg109.jpg",352,100,106,3,1,1,118,352,115,250,226,352,"mouthwash1_tr.png",1,338,338,9.1983,1,1.1503,1,0.7824
"Sub025_ToD_Online","YA","Night",1,"nailpolish1_tr.png",302,302,-0.19089661,0.119285441,10.7841,29,-0.156368405,0.161924223,"Bckg84.jpg",301,32,101,3,1,1,99,301,148,320,226,301,"nailpolish1_tr.png",1,316,316,2.8244,1,1.0263,1,0.6024
"Sub025_ToD_Online","YA","Night",1,"oven1_tr.png",497,137,0.153518622,-0.164628567,12.883,29,0.122598879,-0.188785718,"Bckg55.jpg",111,9,26,1,1,1,9,111,305,27,70,111,"oven1_tr.png",1,147,147,14.8108,1,1.6675,1,1.7184
"Sub025_ToD_Online","YA","Night",1,"paintpalette1_tr.png",257,257,-0.219331832,-0.050636743,14.1456,29,-0.216381123,-0.062046289,"Bckg56.jpg",259,16,36,1,1,1,20,259,311,154,192,259,"paintpalette1_tr.png",1,254,254,6.9144,1,1.2019,1,0.8687
"Sub025_ToD_Online","YA","Night",1,"pan1_tr.png",143,143,0.13546926,-0.17977378,12.0349,29,0.105678593,-0.198752527,"Bckg58.jpg",133,116,17,1,1,1,23,133,89,30,229,133,"pan1_tr.png",1,152,152,6.7803,1,1.3475,1,1.4185
"Sub025_ToD_Online","YA","Night",1,"penguin1_tr.png",451,91,0.225066876,-0.003928557,16.0156,29,0.216381123,-0.062046289,"Bckg114.jpg",71,7,10,1,1,1,12,71,333,350,66,71,"penguin1_tr.png",1,466,106,6.3129,1,10.309,1,2.8141
"Sub025_ToD_Online","YA","Night",1,"pizza1_tr.png",405,45,0.159170557,0.159170557,11.3369,29,0.169886002,0.147679648,"Bckg83.jpg",31,80,42,2,1,1,47,31,153,237,175,31,"pizza1_tr.png",1,409,49,17.9726,1,1.3799,1,0.9521
"Sub025_ToD_Online","YA","Night",1,"podium1_tr.png",-23,337,-0.08795403,0.20720671,57.5378,29,-0.039088406,0.221681368,"Bckg75.jpg",356,113,44,2,1,1,54,356,73,322,182,356,"podium1_tr.png",1,350,350,5.5929,1,2.3005,1,1.24
"Sub025_ToD_Online","YA","Night",1,"potatochips1_tr.png",14,14,0.054456899,0.218414694,21.1463,29,0.015702263,0.224552825,"Bckg124.jpg",13,81,35,1,1,1,30,13,164,112,355,13,"potatochips1_tr.png",1,4,4,9.4808,1,1.6334,1,0.6122
"Sub025_ToD_Online","YA","Night",1,"present1_tr.png",175,175,0.019618859,-0.224244582,31.5007,29,0.062046289,-0.216381123,"Bckg121.jpg",184,46,111,3,1,1,120,184,45,118,188,184,"present1_tr.png",1,164,164,2.4302,1,1.1113,1,0.6386
"Sub025_ToD_Online","YA","Night",1,"qtips1_tr.png",165,165,0.058260467,-0.217431024,12.5171,29,0.06581321,-0.21526531,"Bckg129.jpg",171,92,72,2,1,1,51,171,235,155,124,171,"qtips1_tr.png",1,163,163,6.602,1,1.2864,1,1.0018
"Sub025_ToD_Online","YA","Night",1,"scrabble1_tr.png",18,18,0.069560084,0.214083925,16.395,29,0.084324379,0.208710161,"Bckg91.jpg",15,39,20,1,1,1,15,15,152,156,110,15,"scrabble1_tr.png",1,22,22,8.682,1,1.3528,1,1.1187
"Sub025_ToD_Online","YA","Night",1,"seashell1_tr.png",236,236,-0.186617319,-0.125874971,13.1605,29,-0.046801163,-0.22018216,"Bckg8.jpg",205,13,117,3,1,1,96,205,224,134,59,205,"seashell1_tr.png",1,192,192,2.497,1,1.1956,1,0.6039
"Sub025_ToD_Online","YA","Night",1,"silvertray1_tr.png",271,271,-0.225066876,0.003928557,8.2674,29,-0.222329791,0.03521358,"Bckg64.jpg",288,6,16,1,1,1,38,288,241,343,248,288,"silvertray1_tr.png",1,279,279,19.6273,1,1.751,1,1.218
"Sub025_ToD_Online","YA","Night",1,"sink1_tr.png",181,181,-0.003928557,-0.225066876,12.1001,29,-0.019618859,-0.224244582,"Bckg32.jpg",178,112,76,2,1,1,44,178,267,137,336,178,"sink1_tr.png",1,185,185,5.5954,1,1.2068,1,0.8181
"Sub025_ToD_Online","YA","Night",1,"slide1_tr.png",46,46,0.161924223,0.156368405,16.9634,29,0.174936457,0.14166075,"Bckg94.jpg",44,44,119,3,1,1,113,44,4,217,28,44,"slide1_tr.png",1,411,51,8.4677,1,1.4705,1,0.6345
"Sub025_ToD_Online","YA","Night",1,"soccerball1_tr.png",50,50,0.172437493,0.144692237,9.1966,29,0.153518622,0.164628567,"Bckg101.jpg",43,53,115,3,1,1,84,43,86,145,39,43,"soccerball1_tr.png",1,43,43,10.3132,1,0.9625,1,1.0519
"Sub025_ToD_Online","YA","Night",1,"starfish1_tr.png",93,93,0.224792667,-0.011780884,13.1218,29,0.219331832,-0.050636743,"Bckg106.jpg",77,54,99,3,1,1,105,77,197,61,78,77,"starfish1_tr.png",1,103,103,10.0816,1,2.1529,1,1.3793
"Sub025_ToD_Online","YA","Night",1,"streamer1_tr.png",-21,339,-0.080669041,0.210150037,9.6363,29,-0.09155689,0.205640142,"Bckg4.jpg",338,35,102,3,1,1,97,338,69,290,195,338,"streamer1_tr.png",1,336,336,5.832,1,0.9385,1,0.9357
"Sub025_ToD_Online","YA","Night",1,"suit1_tr.png",237,237,-0.188785718,-0.122598879,31.8152,29,-0.21526531,-0.06581321,"Bckg52.jpg",262,36,74,2,1,1,68,262,153,255,138,262,"suit1_tr.png",1,253,253,5.3968,1,0.8784,1,1.0026
"Sub025_ToD_Online","YA","Night",1,"toad1_tr.png",398,38,0.138586112,0.177382135,18.7634,29,0.09155689,0.205640142,"Bckg65.jpg",25,27,114,3,1,1,87,25,278,24,220,25,"toad1_tr.png",1,24,24,4.2649,1,1.2162,1,0.7853
"Sub025_ToD_Online","YA","Night",1,"towels1_tr.png",212,212,-0.119285441,-0.19089661,15.1294,29,-0.14166075,-0.174936457,"Bckg115.jpg",193,37,5,1,1,1,13,193,106,21,53,193,"towels1_tr.png",1,219,219,16.1996,1,1.6772,1,1.0665
"Sub025_ToD_Online","YA","Night",1,"trophy1_tr.png",126,126,0.182110664,-0.132311142,13.1994,29,0.224964034,-0.007855917,"Bckg68.jpg",75,99,70,2,1,1,70,75,66,178,228,75,"trophy1_tr.png",1,452,92,9.9839,1,1.1675,1,0.8451
"Sub025_ToD_Online","YA","Night",1,"trumpet1_tr.png",353,353,-0.027432931,0.22342329,12.9594,29,-0.08795403,0.20720671,"Bckg130.jpg",355,58,64,2,1,1,62,355,313,133,32,355,"trumpet1_tr.png",1,337,337,6.4018,1,1.4056,1,0.8699
"Sub025_ToD_Online","YA","Night",1,"turtle1_tr.png",235,235,-0.184392075,-0.129112721,16.8272,29,-0.150622076,-0.167282762,"Bckg44.jpg",223,61,19,1,1,1,39,223,185,158,305,223,"turtle1_tr.png",1,222,222,5.6621,1,1.7432,1,0.9854
"Sub025_ToD_Online","YA","Night",1,"vacuum1_tr.png",479,119,0.196877911,-0.109131208,87.5287,29,0.144692237,-0.172437493,"Bckg60.jpg",108,97,55,2,1,1,41,108,327,356,335,108,"vacuum1_tr.png",1,500,140,6.8798,1,1.4471,1,0.8359
"Sub025_ToD_Online","YA","Night",1,"valentinesdaycard1_tr.png",330,330,-0.11255058,0.194943323,19.362,29,-0.115935668,0.192949354,"Bckg111.jpg",338,26,7,1,1,1,28,338,234,203,108,338,"valentinesdaycard1_tr.png",1,329,329,13.6406,1,13.6539,1,1.3353
"Sub025_ToD_Online","YA","Night",1,"vegeplatter1_tr.png",244,244,-0.202319582,-0.098677854,14.0496,29,-0.174936457,-0.14166075,"Bckg70.jpg",246,30,63,2,1,1,48,246,122,321,75,246,"vegeplatter1_tr.png",1,231,231,9.2964,1,1.2528,1,1.245
"Sub025_ToD_Online","YA","Night",1,"wagon1_tr.png",97,97,0.22342329,-0.027432931,17.2337,29,0.208710161,-0.084324379,"Bckg47.jpg",95,38,79,2,1,1,66,95,87,36,143,95,"wagon1_tr.png",1,112,112,7.3629,1,1.3757,1,1.5179
"Sub025_ToD_Online","YA","Night",1,"waterfilter1_tr.png",474,114,0.205640142,-0.09155689,14.53,29,0.150622076,-0.167282762,"Bckg123.jpg",115,56,14,1,1,1,16,115,280,232,286,115,"waterfilter1_tr.png",1,498,138,11.882,1,1.0861,1,0.9851
"Sub025_ToD_Online","YA","Night",1,"wheelchair1_tr.png",138,138,0.150622076,-0.167282762,20.1112,29,0.084324379,-0.208710161,"Bckg80.jpg",171,52,1,1,1,1,29,171,180,294,263,171,"wheelchair1_tr.png",1,518,158,10.9585,1,2.8965,1,1.1512
"Sub025_ToD_Online","YA","Night",1,"wreath1_tr.png",231,231,-0.174936457,-0.14166075,10.3545,29,-0.14166075,-0.174936457,"Bckg71.jpg",229,98,66,2,1,1,74,229,357,97,101,229,"wreath1_tr.png",1,219,219,5.5265,1,1.0433,1,0.9512
"Sub026_ToD_Online","YA","Night",1,"asparagus1_tr.png",266,266,-0.208606953,-0.014587219,1.3486,208,0.147867589,-0.147867589,"Bckg134.jpg",263,47,5,1,1,1,4,263,290,137,190,263,"asparagus1_tr.png",1,135,135,1.692,1,2.6635,2,1.2634
"Sub026_ToD_Online","YA","Night",1,"bagel1_tr.png",249,249,-0.195226931,-0.074940598,1.9635,208,NA,NA,"Bckg43.jpg",246,20,119,3,1,1,82,246,243,284,250,246,"bagel1_tr.png",1,284,284,0.2367,1,2.1324,2,0.3497
"Sub026_ToD_Online","YA","Night",1,"basket1_tr.png",110,110,0.196505091,-0.071522004,2.6629,208,-0.207081244,0.029103371,"Bckg24.jpg",110,8,115,3,1,1,110,110,14,332,96,110,"basket1_tr.png",1,278,278,1.6943,1,1.3147,2,0.7007
"Sub026_ToD_Online","YA","Night",1,"bbqmachine1_tr.png",525,165,0.054123294,-0.201990883,4.2563,208,NA,NA,"Bckg48.jpg",172,40,49,2,1,1,53,172,331,332,338,172,"bbqmachine1_tr.png",1,332,332,0.6029,1,1.7308,2,0.3964
"Sub026_ToD_Online","YA","Night",1,"bird1_tr.png",46,46,0.150425713,0.145264423,2.1827,208,0.192492615,0.081708267,"Bckg2.jpg",39,72,56,2,1,1,43,39,118,137,33,39,"bird1_tr.png",1,67,67,2.7641,1,0.9209,1,0.5327
"Sub026_ToD_Online","YA","Night",1,"bowlingpin1_tr.png",301,301,-0.179247697,0.107702882,5.1114,208,0.142617008,0.152938017,"Bckg34.jpg",301,48,28,1,1,1,18,301,219,51,324,301,"bowlingpin1_tr.png",1,43,43,1.6456,1,0.9516,1,1.4054
"Sub026_ToD_Online","YA","Night",1,"bowls1_tr.png",432,72,0.198881467,0.064620506,3.9411,208,-0.147867589,-0.147867589,"Bckg103.jpg",76,79,72,2,1,1,46,76,238,207,139,76,"bowls1_tr.png",1,225,225,1.6714,1,1.0815,1,0.949
"Sub026_ToD_Online","YA","Night",1,"breakfast1_tr.png",300,300,-0.181100071,0.104558175,2.5946,208,0.113892927,-0.175379728,"Bckg89.jpg",300,3,99,3,1,1,109,300,348,149,173,300,"breakfast1_tr.png",1,147,147,0.8563,1,0.8759,2,0.2372
"Sub026_ToD_Online","YA","Night",1,"clock1_tr.png",122,122,0.177340722,-0.110814782,1.3931,208,NA,NA,"Bckg137.jpg",133,76,111,3,1,1,101,133,128,1,280,133,"clock1_tr.png",1,1,1,0.3338,1,1.7329,2,0.6425
"Sub026_ToD_Online","YA","Night",1,"coke1_tr.png",-33,327,-0.113892927,0.175379728,2.4715,208,-0.125849361,0.167007743,"Bckg78.jpg",322,74,64,2,1,1,41,322,31,323,307,322,"coke1_tr.png",1,323,323,1.1399,1,1.9934,2,0.5112
"Sub026_ToD_Online","YA","Night",1,"cookie1_tr.png",194,194,-0.050589824,-0.202904701,4.2513,208,-0.171298086,0.119944211,"Bckg1.jpg",196,109,30,1,1,1,40,196,142,307,242,196,"cookie1_tr.png",1,305,305,1.6519,1,1.0228,1,1.487
"Sub026_ToD_Online","YA","Night",1,"crayon1_tr.png",266,266,-0.208606953,-0.014587219,2.3331,208,-0.20911635,2.56094e-17,"Bckg87.jpg",267,33,6,1,1,1,36,267,220,22,283,267,"crayon1_tr.png",1,-90,270,3.1201,1,2.2496,1,1.1065
"Sub026_ToD_Online","YA","Night",1,"dog1_tr.png",162,162,0.064620506,-0.198881467,3.747,208,0.057640278,-0.201015537,"Bckg23.jpg",167,111,95,3,1,1,113,167,16,26,214,167,"dog1_tr.png",1,164,164,4.0606,1,1.1666,1,0.4214
"Sub026_ToD_Online","YA","Night",1,"fireextinguisher1_tr.png",306,306,-0.169178681,0.122915507,5.305,208,0.181100071,-0.104558175,"Bckg88.jpg",294,85,63,2,1,1,72,294,212,94,215,294,"fireextinguisher1_tr.png",1,120,120,1.5873,1,1.2778,2,1.0269
"Sub026_ToD_Online","YA","Night",1,"goggle1_tr.png",393,33,0.113892927,0.175379728,4.4483,208,-0.134417399,-0.160192418,"Bckg120.jpg",25,96,27,1,1,1,3,25,157,292,131,25,"goggle1_tr.png",1,220,220,1.9641,1,1.398,2,2.3634
"Sub026_ToD_Online","YA","Night",1,"hairdryer1_tr.png",52,52,0.164785933,0.128744881,0.8833,208,0.192492615,0.081708267,"Bckg79.jpg",63,73,50,2,1,1,62,63,52,27,90,63,"hairdryer1_tr.png",1,67,67,1.8431,1,0.9536,1,0.4716
"Sub026_ToD_Online","YA","Night",1,"highheel1_tr.png",132,132,0.155403733,-0.13992615,2.9338,208,0.155403733,-0.13992615,"Bckg57.jpg",128,77,106,3,1,1,118,128,108,34,194,128,"highheel1_tr.png",1,132,132,3.3566,1,2.1566,1,0.6453
"Sub026_ToD_Online","YA","Night",1,"iceskates1_tr.png",196,196,-0.057640278,-0.201015537,4.9573,208,-0.094936836,-0.186324032,"Bckg27.jpg",186,64,96,3,1,1,81,186,280,131,293,186,"iceskates1_tr.png",1,207,207,2.7753,1,1.3395,1,1.155
"Sub026_ToD_Online","YA","Night",1,"jellybeans1_tr.png",233,233,-0.167007743,-0.125849361,2.3694,208,-0.104558175,-0.181100071,"Bckg46.jpg",235,49,51,2,1,1,50,235,347,110,157,235,"jellybeans1_tr.png",1,210,210,2.9178,1,0.8614,1,0.3107
"Sub026_ToD_Online","YA","Night",1,"nailpolish1_tr.png",-58,302,-0.177340722,0.110814782,5.5639,208,-0.160192418,0.134417399,"Bckg84.jpg",301,32,24,1,1,1,16,301,148,320,226,301,"nailpolish1_tr.png",1,310,310,6.6072,1,2.6203,2,3.6479
"Sub026_ToD_Online","YA","Night",1,"pan1_tr.png",137,137,0.142617008,-0.152938017,2.1935,208,NA,NA,"Bckg58.jpg",133,116,48,2,1,1,44,133,89,30,229,133,"pan1_tr.png",1,30,30,0.6982,1,2.071,2,0.3045
"Sub026_ToD_Online","YA","Night",1,"pickle1_tr.png",141,141,0.131601183,-0.162513927,2.2702,208,0.09817418,-0.184638778,"Bckg66.jpg",150,83,35,1,1,1,30,150,65,78,256,150,"pickle1_tr.png",1,152,152,2.5286,1,2.6045,1,1.4508
"Sub026_ToD_Online","YA","Night",1,"podium1_tr.png",-7,353,-0.025484872,0.207557628,2.9584,208,-0.134417399,0.160192418,"Bckg75.jpg",356,113,118,3,1,1,120,356,73,322,182,356,"podium1_tr.png",1,320,320,0.7742,1,0.992,1,1.1779
"Sub026_ToD_Online","YA","Night",1,"qtips1_tr.png",165,165,0.054123294,-0.201990883,2.8107,208,0.061139704,-0.19997896,"Bckg129.jpg",171,92,12,1,1,1,26,171,235,155,124,171,"qtips1_tr.png",1,163,163,1.6049,1,0.9922,2,0.7109
"Sub026_ToD_Online","YA","Night",1,"rollingpin1_tr.png",-132,228,-0.155403733,-0.13992615,5.0289,208,-0.145264423,-0.150425713,"Bckg69.jpg",228,89,59,2,1,1,61,228,12,120,126,228,"rollingpin1_tr.png",1,224,224,3.8829,1,1.1348,1,0.365
"Sub026_ToD_Online","YA","Night",1,"sink1_tr.png",179,179,0.003649584,-0.209084501,2.1459,208,-0.113892927,0.175379728,"Bckg32.jpg",178,112,7,1,1,1,11,178,267,137,336,178,"sink1_tr.png",1,-33,327,3.5669,1,3.445,1,8.5101
"Sub026_ToD_Online","YA","Night",1,"sippycup1_tr.png",106,106,0.201015537,-0.057640278,2.2178,208,NA,NA,"Bckg105.jpg",107,106,102,3,1,1,86,107,24,15,204,107,"sippycup1_tr.png",1,15,15,0.364,1,2.5637,2,0.5336
"Sub026_ToD_Online","YA","Night",1,"starfish1_tr.png",79,79,0.205274294,0.039901281,4.1249,208,0.205274294,0.039901281,"Bckg106.jpg",77,54,53,2,1,1,79,77,197,61,78,77,"starfish1_tr.png",1,79,79,2.9574,1,0.8488,1,0.6832
"Sub026_ToD_Online","YA","Night",1,"sunglasses1_tr.png",387,27,0.094936836,0.186324032,3.2031,208,NA,NA,"Bckg11.jpg",27,29,65,2,1,1,58,27,287,111,147,27,"sunglasses1_tr.png",1,111,111,0.4936,1,2.5214,2,0.5403
"Sub026_ToD_Online","YA","Night",1,"toaster1_tr.png",363,3,0.010944304,0.208829763,3.2299,208,0.13719267,0.157822113,"Bckg104.jpg",358,119,43,2,1,1,75,358,291,211,356,358,"toaster1_tr.png",1,41,41,4.1297,1,0.9893,1,0.2955
"Sub026_ToD_Online","YA","Night",1,"towels1_tr.png",190,190,-0.036312673,-0.205939403,2.5512,208,-0.119944211,-0.171298086,"Bckg115.jpg",193,37,69,2,1,1,49,193,106,21,53,193,"towels1_tr.png",1,-145,215,3.4394,1,1.2074,1,0.7405
"Sub026_ToD_Online","YA","Night",1,"waterfilter1_tr.png",134,134,0.150425713,-0.145264423,3.668,208,-0.202904701,-0.050589824,"Bckg123.jpg",115,56,39,1,1,1,32,115,280,232,286,115,"waterfilter1_tr.png",1,256,256,2.3923,1,1.7112,1,1.8799
"Sub026_ToD_Online","YA","Night",1,"wreath1_tr.png",237,237,-0.175379728,-0.113892927,3.0376,208,0.208320599,-0.018225691,"Bckg71.jpg",229,98,11,1,1,1,21,229,357,97,101,229,"wreath1_tr.png",1,95,95,1.4308,1,1.8275,2,2.8483
"Sub027_ToD_Online","YA","Morning",1,"bagel1_tr.png",251,251,-0.289649243,-0.099734233,4.5453,276,-0.297239452,-0.074110119,"Bckg43.jpg",246,20,15,1,1,1,6,246,243,284,250,246,"bagel1_tr.png",1,256,256,4.2962,1,1.259,1,0.5546
"Sub027_ToD_Online","YA","Morning",1,"banana1_tr.png",407,47,0.224042184,0.208922716,6.0152,276,0.279854629,0.124599309,"Bckg93.jpg",44,114,104,3,1,1,117,44,233,78,338,44,"banana1_tr.png",1,66,66,5.7457,1,1.0183,1,0.1424
"Sub027_ToD_Online","YA","Morning",1,"bandaid1_tr.png",241,241,-0.267930153,-0.148516109,9.53,276,-0.277637448,-0.129464468,"Bckg45.jpg",246,107,33,1,1,1,11,246,143,243,11,246,"bandaid1_tr.png",1,245,245,3.6697,1,1.1715,1,0.676
"Sub027_ToD_Online","YA","Morning",1,"bathingsuit1_tr.png",287,287,-0.292953471,0.089564864,3.7692,276,-0.289649243,0.099734233,"Bckg19.jpg",288,65,7,1,1,1,26,288,311,51,176,288,"bathingsuit1_tr.png",1,-71,289,6.3336,1,1.4477,1,0.6025
"Sub027_ToD_Online","YA","Morning",1,"bathroomscale1_tr.png",227,227,-0.224042184,-0.208922716,2.066,276,-0.148516109,-0.267930153,"Bckg17.jpg",226,17,83,3,1,1,120,226,235,285,318,226,"bathroomscale1_tr.png",1,209,209,5.579,1,1.6102,2,0.6972
"Sub027_ToD_Online","YA","Morning",1,"bbqmachine1_tr.png",171,171,0.047921982,-0.302567488,11.4648,276,0.032021148,-0.304660873,"Bckg48.jpg",172,40,50,2,1,1,65,172,331,332,338,172,"bbqmachine1_tr.png",1,174,174,9.1316,1,1.6742,1,0.4131
"Sub027_ToD_Online","YA","Morning",1,"bell1_tr.png",353,353,-0.037333336,0.304055625,5.1745,276,0.063691466,0.299644787,"Bckg36.jpg",349,78,38,1,1,1,30,349,287,282,294,349,"bell1_tr.png",1,372,12,8.0703,1,1.372,1,0.7732
"Sub027_ToD_Online","YA","Morning",1,"binder1_tr.png",78,78,0.299644787,0.063691466,7.5978,276,0.294471976,0.08443848,"Bckg82.jpg",91,21,68,2,1,1,71,91,236,320,312,91,"binder1_tr.png",1,434,74,5.6656,1,1.3805,1,1.4473
"Sub027_ToD_Online","YA","Morning",1,"bow1_tr.png",165,165,0.079286375,-0.295900781,7.7053,276,0.047921982,-0.302567488,"Bckg54.jpg",172,67,76,2,1,1,61,172,311,5,258,172,"bow1_tr.png",1,171,171,8.5321,1,1.1452,1,0.7413
"Sub027_ToD_Online","YA","Morning",1,"bowlingpin1_tr.png",293,293,-0.281986564,0.119696195,8.2644,276,0.304055625,0.037333336,"Bckg34.jpg",301,48,17,1,1,1,37,301,219,51,324,301,"bowlingpin1_tr.png",1,83,83,3.4986,1,1.4447,2,0.6697
"Sub027_ToD_Online","YA","Morning",1,"bowls1_tr.png",70,70,0.287864526,0.104774119,7.0652,276,0.302567488,0.047921982,"Bckg103.jpg",76,79,111,3,1,1,114,76,238,207,139,76,"bowls1_tr.png",1,81,81,7.7996,1,1.5757,1,0.6901
"Sub027_ToD_Online","YA","Morning",1,"breakfast1_tr.png",300,300,-0.265297382,0.153169515,2.9779,276,-0.295900781,-0.079286375,"Bckg89.jpg",300,3,24,1,1,1,20,300,348,149,173,300,"breakfast1_tr.png",1,255,255,11.6517,1,1.3996,1,0.6661
"Sub027_ToD_Online","YA","Morning",1,"coke1_tr.png",-39,321,-0.192785398,0.23807014,4.1518,276,-0.192785398,0.23807014,"Bckg78.jpg",322,74,45,2,1,1,78,322,31,323,307,322,"coke1_tr.png",1,321,321,1.8446,1,1.6546,1,0.9646
"Sub027_ToD_Online","YA","Morning",1,"cookie1_tr.png",196,196,-0.08443848,-0.294471976,3.2328,276,-0.068911288,-0.298487581,"Bckg1.jpg",196,109,4,1,1,1,23,196,142,307,242,196,"cookie1_tr.png",1,193,193,6.6861,1,1.4434,1,0.7957
"Sub027_ToD_Online","YA","Morning",1,"cow1_tr.png",358,358,-0.010691078,0.306152417,9.5638,276,-0.016032546,0.305919203,"Bckg113.jpg",352,24,35,1,1,1,40,352,172,11,137,352,"cow1_tr.png",1,-3,357,4.8986,1,1.3975,1,0.785
"Sub027_ToD_Online","YA","Morning",1,"encyclopedia1_tr.png",287,287,-0.292953471,0.089564864,9.2141,276,-0.297239452,0.074110119,"Bckg72.jpg",286,11,55,2,1,1,57,286,151,110,236,286,"encyclopedia1_tr.png",1,284,284,7.8783,1,1.1365,1,0.6503
"Sub027_ToD_Online","YA","Morning",1,"fireextinguisher1_tr.png",290,290,-0.287864526,0.104774119,4.6054,276,-0.284032603,-0.11475662,"Bckg88.jpg",294,85,72,2,1,1,74,294,212,94,215,294,"fireextinguisher1_tr.png",1,248,248,6.0363,1,1.3672,1,0.6688
"Sub027_ToD_Online","YA","Morning",1,"goggle1_tr.png",385,25,0.129464468,0.277637448,7.4134,276,0.134290192,0.275335696,"Bckg120.jpg",25,96,86,3,1,1,110,25,157,292,131,25,"goggle1_tr.png",1,386,26,4.9136,1,1.5349,1,0.8666
"Sub027_ToD_Online","YA","Morning",1,"hairdryer1_tr.png",66,66,0.279854629,0.124599309,1.8343,276,0.277637448,0.129464468,"Bckg79.jpg",63,73,107,3,1,1,112,63,52,27,90,63,"hairdryer1_tr.png",1,65,65,7.2452,1,1.3126,1,0.4757
"Sub027_ToD_Online","YA","Morning",1,"handbag1_tr.png",425,65,0.277637448,0.129464468,7.4075,276,0.279854629,0.124599309,"Bckg97.jpg",66,94,13,1,1,1,39,66,275,244,269,66,"handbag1_tr.png",1,426,66,9.7486,1,1.4195,1,0.6711
"Sub027_ToD_Online","YA","Morning",1,"hat1_tr.png",241,241,-0.267930153,-0.148516109,3.3121,276,-0.279854629,0.124599309,"Bckg133.jpg",235,68,79,2,1,1,42,235,251,330,13,235,"hat1_tr.png",1,294,294,3.3657,1,2.8679,2,0.848
"Sub027_ToD_Online","YA","Morning",1,"hotdog1_tr.png",151,151,0.148516109,-0.267930153,6.7017,276,0.139075009,-0.272950074,"Bckg126.jpg",152,42,52,2,1,1,68,152,327,275,320,152,"hotdog1_tr.png",1,153,153,8.1329,1,1.3961,1,0.7671
"Sub027_ToD_Online","YA","Morning",1,"jackolantern1_tr.png",51,51,0.23807014,0.192785398,5.7988,276,-0.212800971,0.220361857,"Bckg21.jpg",51,93,9,1,1,1,4,51,161,66,118,51,"jackolantern1_tr.png",1,316,316,10.9976,1,2.4264,2,1.1166
"Sub027_ToD_Online","YA","Morning",1,"motorcycle1_tr.png",258,258,-0.299644787,-0.063691466,4.4753,276,-0.298487581,-0.068911288,"Bckg100.jpg",260,4,106,3,1,1,102,260,342,17,98,260,"motorcycle1_tr.png",1,-103,257,8.7697,1,1.224,1,0.6172
"Sub027_ToD_Online","YA","Morning",1,"mouthwash1_tr.png",-7,353,-0.037333336,0.304055625,9.1382,276,-0.053195214,0.301685052,"Bckg109.jpg",352,100,58,2,1,1,80,352,115,250,226,352,"mouthwash1_tr.png",1,350,350,6.1654,1,1.3631,1,2.2875
"Sub027_ToD_Online","YA","Morning",1,"paintpalette1_tr.png",259,259,-0.300710719,-0.058452243,4.9304,276,-0.301685052,-0.053195214,"Bckg56.jpg",259,16,6,1,1,1,7,259,311,154,192,259,"paintpalette1_tr.png",1,260,260,6.2376,1,1.3635,1,0.6368
"Sub027_ToD_Online","YA","Morning",1,"pinecone1_tr.png",160,160,0.104774119,-0.287864526,4.0035,276,0.099734233,-0.289649243,"Bckg10.jpg",167,55,60,2,1,1,48,167,204,167,102,167,"pinecone1_tr.png",1,161,161,2.0985,1,2.1828,2,0.767
"Sub027_ToD_Online","YA","Morning",1,"pizza1_tr.png",31,31,0.157776264,0.262583799,5.0467,276,0.157776264,0.262583799,"Bckg83.jpg",31,80,3,1,1,1,19,31,153,237,175,31,"pizza1_tr.png",1,391,31,6.7835,1,1.2931,1,0.5784
"Sub027_ToD_Online","YA","Morning",1,"popcorn1_tr.png",141,141,0.192785398,-0.23807014,3.8842,276,0.212800971,-0.220361857,"Bckg76.jpg",144,15,23,1,1,1,1,144,211,30,310,144,"popcorn1_tr.png",1,136,136,5.1785,1,1.6443,1,0.6517
"Sub027_ToD_Online","YA","Morning",1,"potatochips1_tr.png",2,2,0.010691078,0.306152417,7.3955,276,0.053195214,0.301685052,"Bckg124.jpg",13,81,49,2,1,1,72,13,164,112,355,13,"potatochips1_tr.png",1,10,10,5.7364,1,1.4293,1,0.7564
"Sub027_ToD_Online","YA","Morning",1,"qtips1_tr.png",169,169,0.058452243,-0.300710719,5.1314,276,0.068911288,-0.298487581,"Bckg129.jpg",171,92,75,2,1,1,66,171,235,155,124,171,"qtips1_tr.png",1,167,167,3.0519,1,1.2804,1,0.8524
"Sub027_ToD_Online","YA","Morning",1,"radish1_tr.png",221,221,-0.200976487,-0.231197001,2.3284,276,-0.196910933,-0.234669312,"Bckg112.jpg",221,14,91,3,1,1,104,221,203,64,59,221,"radish1_tr.png",1,220,220,8.8312,1,1.4774,1,0.8738
"Sub027_ToD_Online","YA","Morning",1,"scarf1_tr.png",279,279,-0.302567488,0.047921982,3.1983,276,-0.304660873,0.032021148,"Bckg51.jpg",276,59,84,3,1,1,96,276,231,56,236,276,"scarf1_tr.png",1,-84,276,7.6981,1,2.4457,2,0.5358
"Sub027_ToD_Online","YA","Morning",1,"silvertray1_tr.png",291,291,-0.285992122,0.10978209,4.5973,276,-0.289649243,0.099734233,"Bckg64.jpg",288,6,90,3,1,1,99,288,241,343,248,288,"silvertray1_tr.png",1,289,289,7.9278,1,1.4671,1,0.6015
"Sub027_ToD_Online","YA","Morning",1,"sippycup1_tr.png",104,104,0.297239452,-0.074110119,3.6854,276,0.139075009,0.272950074,"Bckg105.jpg",107,106,81,3,1,1,89,107,24,15,204,107,"sippycup1_tr.png",1,27,27,3.2833,1,2.7013,2,0.2032
"Sub027_ToD_Online","YA","Morning",1,"skippingrope1_tr.png",61,61,0.267930153,0.148516109,3.6349,276,0.267930153,0.148516109,"Bckg7.jpg",60,45,102,3,1,1,115,60,87,213,277,60,"skippingrope1_tr.png",1,61,61,7.9693,1,1.3704,1,0.8856
"Sub027_ToD_Online","YA","Morning",1,"slide1_tr.png",42,42,0.204980821,0.227654265,3.4169,276,0.200976487,0.231197001,"Bckg94.jpg",44,44,29,1,1,1,35,44,4,217,28,44,"slide1_tr.png",1,401,41,7.5983,1,1.4393,1,0.8001
"Sub027_ToD_Online","YA","Morning",1,"soccerball1_tr.png",44,44,0.212800971,0.220361857,4.7977,276,0.208922716,0.224042184,"Bckg101.jpg",43,53,48,2,1,1,60,43,86,145,39,43,"soccerball1_tr.png",1,43,43,5.798,1,1.4966,1,1.0421
"Sub027_ToD_Online","YA","Morning",1,"starfish1_tr.png",69,69,0.285992122,0.10978209,6.5314,276,0.289649243,0.099734233,"Bckg106.jpg",77,54,70,2,1,1,63,77,197,61,78,77,"starfish1_tr.png",1,71,71,2.6455,1,1.2051,1,0.6049
"Sub027_ToD_Online","YA","Morning",1,"steeringwheel1_tr.png",228,228,-0.227654265,-0.204980821,6.2291,276,-0.231197001,-0.200976487,"Bckg62.jpg",229,90,12,1,1,1,32,229,132,225,181,229,"steeringwheel1_tr.png",1,229,229,2.9969,1,1.0477,1,0.7152
"Sub027_ToD_Online","YA","Morning",1,"suit1_tr.png",259,259,-0.300710719,-0.058452243,5.5185,276,-0.302567488,-0.047921982,"Bckg52.jpg",262,36,69,2,1,1,59,262,153,255,138,262,"suit1_tr.png",1,261,261,3.3137,1,1.4677,1,0.7125
"Sub027_ToD_Online","YA","Morning",1,"toad1_tr.png",382,22,0.11475662,0.284032603,5.5114,276,0.11475662,0.284032603,"Bckg65.jpg",25,27,77,2,1,1,44,25,278,24,220,25,"toad1_tr.png",1,22,22,3.3018,1,2.0282,1,0.6002
"Sub027_ToD_Online","YA","Morning",1,"trophy1_tr.png",74,74,0.294471976,0.08443848,1.9036,276,0.297239452,0.074110119,"Bckg68.jpg",75,99,14,1,1,1,9,75,66,178,228,75,"trophy1_tr.png",1,76,76,6.7748,1,1.6305,1,0.6512
"Sub027_ToD_Online","YA","Morning",1,"turtle1_tr.png",223,223,-0.208922716,-0.224042184,5.0106,276,-0.196910933,-0.234669312,"Bckg44.jpg",223,61,21,1,1,1,24,223,185,158,305,223,"turtle1_tr.png",1,220,220,4.1303,1,1.0054,1,0.5012
"Sub027_ToD_Online","YA","Morning",1,"valentinesdaycard1_tr.png",338,338,-0.11475662,0.284032603,4.563,276,-0.119696195,0.281986564,"Bckg111.jpg",338,26,18,1,1,1,21,338,234,203,108,338,"valentinesdaycard1_tr.png",1,337,337,6.9669,1,1.1309,1,0.9013
"Sub027_ToD_Online","YA","Morning",1,"wreath1_tr.png",227,227,-0.224042184,-0.208922716,5.0351,276,0.166844194,-0.256917528,"Bckg71.jpg",229,98,92,3,1,1,109,229,357,97,101,229,"wreath1_tr.png",1,147,147,4.1989,1,1.3719,2,0.4338
"Sub028_ToD_Online","YA","Morning",1,"airfreshener1_tr.png",360,0,-3.9661e-17,0.21590442,10.026,53,0.111198997,0.185066209,"Bckg42.jpg",2,91,46,2,1,1,76,2,156,345,88,2,"airfreshener1_tr.png",1,391,31,2.8904,1,1.4894,2,0.8246
"Sub028_ToD_Online","YA","Morning",1,"asparagus1_tr.png",266,266,-0.215378488,-0.015060731,2.7411,53,0.077373224,-0.201564141,"Bckg134.jpg",263,47,112,3,1,1,95,263,290,137,190,263,"asparagus1_tr.png",1,159,159,2.8382,1,1.5574,2,0.937
"Sub028_ToD_Online","YA","Morning",1,"banana1_tr.png",395,35,0.123837688,0.176858547,7.734,53,0.213803253,-0.030048088,"Bckg93.jpg",44,114,38,1,1,1,9,44,233,78,338,44,"banana1_tr.png",1,98,98,1.737,1,11.7263,2,0.8359
"Sub028_ToD_Online","YA","Morning",1,"bandaid1_tr.png",237,237,-0.181072683,-0.117589975,5.0305,53,-0.192372247,0.098018556,"Bckg45.jpg",246,107,73,2,1,1,68,246,143,243,11,246,"bandaid1_tr.png",1,297,297,3.407,1,1.3504,2,0.8058
"Sub028_ToD_Online","YA","Morning",1,"basket1_tr.png",108,108,0.205337306,-0.066718135,4.6414,53,0.212624347,-0.037491409,"Bckg24.jpg",110,8,77,2,1,1,52,110,14,332,96,110,"basket1_tr.png",1,460,100,6.4467,1,1.7349,2,3.4243
"Sub028_ToD_Online","YA","Morning",1,"bathroomscale1_tr.png",233,233,-0.172428937,-0.129934524,0.9415,53,0.098018556,0.192372247,"Bckg17.jpg",226,17,80,2,1,1,46,226,235,285,318,226,"bathroomscale1_tr.png",1,387,27,5.3459,1,1.4514,2,0.7362
"Sub028_ToD_Online","YA","Morning",1,"bbqmachine1_tr.png",155,155,0.091245151,-0.195675857,8.2231,53,0.178992876,-0.120732219,"Bckg48.jpg",172,40,72,2,1,1,66,172,331,332,338,172,"bbqmachine1_tr.png",1,484,124,7.7878,1,1.5021,1,0.7692
"Sub028_ToD_Online","YA","Morning",1,"bell1_tr.png",347,347,-0.048567927,0.210370804,3.7208,53,-0.21590442,-2.64407e-17,"Bckg36.jpg",349,78,67,2,1,1,42,349,287,282,294,349,"bell1_tr.png",1,270,270,3.3248,1,2.8134,2,0.9104
"Sub028_ToD_Online","YA","Morning",1,"bow1_tr.png",161,161,0.070291604,-0.20414164,7.3101,53,0.011299564,-0.21560853,"Bckg54.jpg",172,67,55,2,1,1,45,172,311,5,258,172,"bow1_tr.png",1,177,177,8.6444,1,1.8093,2,0.8441
"Sub028_ToD_Online","YA","Morning",1,"bowlingpin1_tr.png",293,293,-0.198741066,0.084360578,5.3833,53,0.167789248,-0.135873054,"Bckg34.jpg",301,48,27,1,1,1,13,301,219,51,324,301,"bowlingpin1_tr.png",1,129,129,4.3857,1,3.2787,2,0.9249
"Sub028_ToD_Online","YA","Morning",1,"bowls1_tr.png",68,68,0.200183092,0.080879219,8.59,53,-0.162945134,-0.141646044,"Bckg103.jpg",76,79,88,3,1,1,102,76,238,207,139,76,"bowls1_tr.png",1,229,229,2.5222,1,1.8077,2,1.1778
"Sub028_ToD_Online","YA","Morning",1,"breakfast1_tr.png",308,308,-0.170135005,0.132924034,4.0982,53,0.208547655,-0.055880176,"Bckg89.jpg",300,3,102,3,1,1,84,300,348,149,173,300,"breakfast1_tr.png",1,105,105,5.094,1,1.3989,2,0.9901
"Sub028_ToD_Online","YA","Morning",1,"clock1_tr.png",128,128,0.170135005,-0.132924034,1.5719,53,0.215871537,0.003768052,"Bckg137.jpg",133,76,30,1,1,1,24,133,128,1,280,133,"clock1_tr.png",1,89,89,5.8354,1,2.7969,2,1.2803
"Sub028_ToD_Online","YA","Morning",1,"encyclopedia1_tr.png",289,289,-0.20414164,0.070291604,6.7922,53,-0.165392381,0.138780686,"Bckg72.jpg",286,11,70,2,1,1,69,286,151,110,236,286,"encyclopedia1_tr.png",1,310,310,9.9812,1,1.5857,1,1.4503
"Sub028_ToD_Online","YA","Morning",1,"fantacan1_tr.png",124,124,0.178992876,-0.120732219,5.6299,53,0.215378488,0.015060731,"Bckg86.jpg",126,84,1,1,1,1,19,126,32,278,53,126,"fantacan1_tr.png",1,86,86,10.0309,1,1.1705,2,1.1208
"Sub028_ToD_Online","YA","Morning",1,"hammer1_tr.png",227,227,-0.157902497,-0.14724646,4.6574,53,0.02631213,0.214295101,"Bckg138.jpg",237,118,43,2,1,1,59,237,139,321,245,237,"hammer1_tr.png",1,367,7,3.0949,1,1.2939,2,1.6379
"Sub028_ToD_Online","YA","Morning",1,"kite1_tr.png",185,185,-0.01881731,-0.215082838,6.788,53,0.172428937,-0.129934524,"Bckg128.jpg",181,115,14,1,1,1,26,181,59,221,177,181,"kite1_tr.png",1,127,127,7.1784,1,4.1272,1,1.4662
"Sub028_ToD_Online","YA","Morning",1,"loaf1_tr.png",427,67,0.198741066,0.084360578,3.7582,53,0.213803253,0.030048088,"Bckg90.jpg",101,25,118,3,1,1,89,101,357,138,325,101,"loaf1_tr.png",1,82,82,3.6323,1,1.3674,2,0.8688
"Sub028_ToD_Online","YA","Morning",1,"mouthwash1_tr.png",-5,355,-0.01881731,0.215082838,6.6678,53,-3.9661e-17,0.21590442,"Bckg109.jpg",352,100,7,1,1,1,6,352,115,250,226,352,"mouthwash1_tr.png",1,360,0,6.1579,1,1.7343,1,0.8447
"Sub028_ToD_Online","YA","Morning",1,"pickle1_tr.png",145,145,0.123837688,-0.176858547,4.6201,53,0.007534956,-0.215772897,"Bckg66.jpg",150,83,12,1,1,1,23,150,65,78,256,150,"pickle1_tr.png",1,178,178,5.6281,1,3.3943,2,1.1383
"Sub028_ToD_Online","YA","Morning",1,"pin1_tr.png",310,310,-0.165392381,0.138780686,5.1491,53,0.160448253,0.144468255,"Bckg59.jpg",300,82,100,3,1,1,98,300,260,88,40,300,"pin1_tr.png",1,48,48,3.1128,1,2.0221,2,1.0495
"Sub028_ToD_Online","YA","Morning",1,"pinecone1_tr.png",152,152,0.101360985,-0.190632288,4.3803,53,-0.055880176,-0.208547655,"Bckg10.jpg",167,55,51,2,1,1,78,167,204,167,102,167,"pinecone1_tr.png",1,195,195,2.393,1,3.0406,2,0.8775
"Sub028_ToD_Online","YA","Morning",1,"pizza1_tr.png",37,37,0.129934524,0.172428937,6.5982,53,-0.215871537,-0.003768052,"Bckg83.jpg",31,80,117,3,1,1,116,31,153,237,175,31,"pizza1_tr.png",1,269,269,3.1423,1,1.9839,2,1.1944
"Sub028_ToD_Online","YA","Morning",1,"pokerchips1_tr.png",5,5,0.01881731,0.215082838,3.4932,53,-0.011299564,0.21560853,"Bckg127.jpg",11,88,32,1,1,1,11,11,51,229,63,11,"pokerchips1_tr.png",1,357,357,8.2405,1,3.1793,1,3.2799
"Sub028_ToD_Online","YA","Morning",1,"popcorn1_tr.png",135,135,0.152667479,-0.152667479,4.5982,53,0.209491136,0.052232007,"Bckg76.jpg",144,15,104,3,1,1,96,144,211,30,310,144,"popcorn1_tr.png",1,76,76,3.4183,1,1.9515,2,1.2772
"Sub028_ToD_Online","YA","Morning",1,"present1_tr.png",191,191,-0.041196505,-0.211937648,7.4728,53,0.205337306,-0.066718135,"Bckg121.jpg",184,46,116,3,1,1,103,184,45,118,188,184,"present1_tr.png",1,108,108,1.6929,1,4.4576,2,0.9881
"Sub028_ToD_Online","YA","Morning",1,"rollingpin1_tr.png",-132,228,-0.160448253,-0.144468255,7.1008,53,-0.094646268,-0.194053607,"Bckg69.jpg",228,89,78,2,1,1,41,228,12,120,126,228,"rollingpin1_tr.png",1,206,206,4.6896,1,4.9556,2,1.1369
"Sub028_ToD_Online","YA","Morning",1,"rubikscube1_tr.png",114,114,0.197238502,-0.087816239,6.4953,53,0.144468255,-0.160448253,"Bckg122.jpg",113,105,2,1,1,1,1,113,4,222,200,113,"rubikscube1_tr.png",1,138,138,5.7918,1,1.4549,2,0.8405
"Sub028_ToD_Online","YA","Morning",1,"silvertray1_tr.png",287,287,-0.206470424,0.063124343,3.5884,53,-0.215871537,-0.003768052,"Bckg64.jpg",288,6,96,3,1,1,108,288,241,343,248,288,"silvertray1_tr.png",1,269,269,5.1986,1,1.3848,1,1.1795
"Sub028_ToD_Online","YA","Morning",1,"skippingrope1_tr.png",77,77,0.210370804,0.048567927,2.3597,53,0.21560853,-0.011299564,"Bckg7.jpg",60,45,54,2,1,1,77,60,87,213,277,60,"skippingrope1_tr.png",1,93,93,6.7238,1,1.3418,2,1.241
"Sub028_ToD_Online","YA","Morning",1,"soccerball1_tr.png",48,48,0.160448253,0.144468255,3.1592,53,0.152667479,0.152667479,"Bckg101.jpg",43,53,25,1,1,1,36,43,86,145,39,43,"soccerball1_tr.png",1,45,45,6.5548,1,1.827,1,0.9075
"Sub028_ToD_Online","YA","Morning",1,"steeringwheel1_tr.png",224,224,-0.149979813,-0.155308642,5.4831,53,-0.091245151,-0.195675857,"Bckg62.jpg",229,90,107,3,1,1,104,229,132,225,181,229,"steeringwheel1_tr.png",1,205,205,1.9219,1,1.9213,2,1.1601
"Sub028_ToD_Online","YA","Morning",1,"telephonebooth1_tr.png",220,220,-0.138780686,-0.165392381,8.2382,53,0.117589975,-0.181072683,"Bckg107.jpg",214,63,119,3,1,1,92,214,64,281,300,214,"telephonebooth1_tr.png",1,147,147,7.3714,1,2.8513,2,1.8401
"Sub028_ToD_Online","YA","Morning",1,"towels1_tr.png",212,212,-0.114411911,-0.183097332,6.458,53,0.135873054,0.167789248,"Bckg115.jpg",193,37,120,3,1,1,118,193,106,21,53,193,"towels1_tr.png",1,39,39,2.0369,1,1.4619,2,1.0398
"Sub028_ToD_Online","YA","Morning",1,"valentinesdaycard1_tr.png",320,320,-0.138780686,0.165392381,5.1027,53,0.01881731,-0.215082838,"Bckg111.jpg",338,26,28,1,1,1,34,338,234,203,108,338,"valentinesdaycard1_tr.png",1,175,175,4.0133,1,1.7553,2,1.3392
"Sub028_ToD_Online","YA","Morning",1,"watch1_tr.png",127,127,0.172428937,-0.129934524,3.841,53,-0.198741066,-0.084360578,"Bckg117.jpg",119,43,44,2,1,1,58,119,181,237,158,119,"watch1_tr.png",1,247,247,2.5523,1,8.5506,2,5.1317
"Sub029_ToD_Online","YA","Morning",1,"abacus1_tr.png",309,309,-0.171192681,0.1386291,5.0589,81,-0.197989786,0.096566071,"Bckg135.jpg",299,41,59,2,1,1,46,299,113,108,23,299,"abacus1_tr.png",1,-64,296,3.9307,1,1.576,2,0.9067
"Sub029_ToD_Online","YA","Morning",1,"bagel1_tr.png",235,235,-0.180445941,-0.126349608,2.0188,81,-0.20699908,-0.075341504,"Bckg43.jpg",246,20,73,2,1,1,58,246,243,284,250,246,"bagel1_tr.png",1,250,250,2.813,1,1.0607,1,0.5349
"Sub029_ToD_Online","YA","Morning",1,"banana1_tr.png",49,49,0.166250309,0.144519189,4.9699,81,-0.129479581,-0.178213354,"Bckg93.jpg",44,114,83,3,1,1,107,44,233,78,338,44,"banana1_tr.png",1,216,216,3.086,1,1.1662,2,0.5924
"Sub029_ToD_Online","YA","Morning",1,"bandaid1_tr.png",239,239,-0.188820087,-0.113454555,2.8005,81,-0.161105387,-0.150233204,"Bckg45.jpg",246,107,85,3,1,1,89,246,143,243,11,246,"bandaid1_tr.png",1,227,227,2.2443,1,0.9861,2,0.8204
"Sub029_ToD_Online","YA","Morning",1,"bathingsuit1_tr.png",293,293,-0.202772325,0.086071746,2.4188,81,-0.216236586,0.042032134,"Bckg19.jpg",288,65,44,2,1,1,73,288,311,51,176,288,"bathingsuit1_tr.png",1,-79,281,3.7844,1,1.0654,1,0.7402
"Sub029_ToD_Online","YA","Morning",1,"bbqmachine1_tr.png",157,157,0.086071746,-0.202772325,4.9896,81,0.030657582,-0.218140033,"Bckg48.jpg",172,40,41,2,1,1,61,172,331,332,338,172,"bbqmachine1_tr.png",1,532,172,5.5033,1,0.9897,1,0.8152
"Sub029_ToD_Online","YA","Morning",1,"bowlingpin1_tr.png",317,317,-0.150233204,0.161105387,3.0355,81,-0.166250309,0.144519189,"Bckg34.jpg",301,48,102,3,1,1,118,301,219,51,324,301,"bowlingpin1_tr.png",1,-49,311,4.5188,1,3.2533,2,3.6352
"Sub029_ToD_Online","YA","Morning",1,"bowls1_tr.png",58,58,0.186811274,0.11673264,4.9335,81,0.217571761,0.034459982,"Bckg103.jpg",76,79,68,2,1,1,76,76,238,207,139,76,"bowls1_tr.png",1,81,81,3.0118,1,1.1185,2,0.9078
"Sub029_ToD_Online","YA","Morning",1,"boxinggloves1_tr.png",291,291,-0.205652663,0.078942661,4.973,81,-0.19266457,0.106795715,"Bckg131.jpg",276,95,23,1,1,1,9,276,159,125,149,276,"boxinggloves1_tr.png",1,299,299,4.5516,1,1.2679,2,0.9669
"Sub029_ToD_Online","YA","Morning",1,"cabinet1_tr.png",343,343,-0.064404756,0.210658465,2.8383,81,-0.178213354,-0.129479581,"Bckg13.jpg",355,110,14,1,1,1,27,355,291,250,164,355,"cabinet1_tr.png",1,234,234,2.3053,1,0.9617,2,0.5995
"Sub029_ToD_Online","YA","Morning",1,"coat1_tr.png",443,83,0.218641858,0.026845845,3.9396,81,0.218641858,0.026845845,"Bckg108.jpg",94,102,75,2,1,1,79,94,309,13,198,94,"coat1_tr.png",1,83,83,3.4828,1,0.8798,1,0.9183
"Sub029_ToD_Online","YA","Morning",1,"cookie1_tr.png",206,206,-0.096566071,-0.197989786,3.2016,81,-0.100006762,-0.196274321,"Bckg1.jpg",196,109,38,1,1,1,31,196,142,307,242,196,"cookie1_tr.png",1,207,207,3.295,1,1.0042,1,1.1179
"Sub029_ToD_Online","YA","Morning",1,"cow1_tr.png",0,0,1.34885e-17,0.22028382,8.5672,81,0.078942661,0.205652663,"Bckg113.jpg",352,24,50,2,1,1,48,352,172,11,137,352,"cow1_tr.png",1,21,21,1.9776,1,1.0167,2,0.5562
"Sub029_ToD_Online","YA","Morning",1,"dog1_tr.png",154,154,0.096566071,-0.197989786,3.6519,81,0.103416989,-0.194499069,"Bckg23.jpg",167,111,4,1,1,1,5,167,16,26,214,167,"dog1_tr.png",1,152,152,3.4342,1,0.9387,1,0.9852
"Sub029_ToD_Online","YA","Morning",1,"encyclopedia1_tr.png",307,307,-0.175926481,0.132570112,5.618,81,-0.197989786,0.096566071,"Bckg72.jpg",286,11,36,1,1,1,40,286,151,110,236,286,"encyclopedia1_tr.png",1,296,296,4.3418,1,0.7755,1,0.8955
"Sub029_ToD_Online","YA","Morning",1,"fantacan1_tr.png",122,122,0.186811274,-0.11673264,3.4452,81,0.153021999,-0.158458919,"Bckg86.jpg",126,84,71,2,1,1,77,126,32,278,53,126,"fantacan1_tr.png",1,496,136,4.1917,1,1.503,1,0.9587
"Sub029_ToD_Online","YA","Morning",1,"handbag1_tr.png",67,67,0.202772325,0.086071746,5.0545,81,-0.209502362,0.068071444,"Bckg97.jpg",66,94,51,2,1,1,69,66,275,244,269,66,"handbag1_tr.png",1,288,288,1.9348,1,0.7908,2,0.6064
"Sub029_ToD_Online","YA","Morning",1,"iceskates1_tr.png",190,190,-0.038251884,-0.216937214,3.4491,81,-0.086071746,-0.202772325,"Bckg27.jpg",186,64,72,2,1,1,49,186,280,131,293,186,"iceskates1_tr.png",1,203,203,2.3134,1,1.3116,2,0.9669
"Sub029_ToD_Online","YA","Morning",1,"jackolantern1_tr.png",51,51,0.171192681,0.1386291,4.0947,81,0.186811274,0.11673264,"Bckg21.jpg",51,93,49,2,1,1,56,51,161,66,118,51,"jackolantern1_tr.png",1,58,58,1.4794,1,2.8256,1,0.5379
"Sub029_ToD_Online","YA","Morning",1,"jellybeans1_tr.png",215,215,-0.126349608,-0.180445941,3.7688,81,-0.135620262,-0.173586019,"Bckg46.jpg",235,49,58,2,1,1,62,235,347,110,157,235,"jellybeans1_tr.png",1,218,218,4.2132,1,1.3707,1,2.2545
"Sub029_ToD_Online","YA","Morning",1,"kite1_tr.png",189,189,-0.034459982,-0.217571761,3.6554,81,NA,NA,"Bckg128.jpg",181,115,39,1,1,1,21,181,59,221,177,181,"kite1_tr.png",1,221,221,1.1629,1,1.6057,2,0.8178
"Sub029_ToD_Online","YA","Morning",1,"partyhats1_tr.png",49,49,0.166250309,0.144519189,3.3514,81,0.166250309,0.144519189,"Bckg110.jpg",52,18,107,3,1,1,85,52,175,231,196,52,"partyhats1_tr.png",1,49,49,4.1134,1,0.9366,1,1.1067
"Sub029_ToD_Online","YA","Morning",1,"pinecone1_tr.png",154,154,0.096566071,-0.197989786,2.2834,81,0.078942661,-0.205652663,"Bckg10.jpg",167,55,77,2,1,1,80,167,204,167,102,167,"pinecone1_tr.png",1,159,159,2.7644,1,1.0527,1,0.5519
"Sub029_ToD_Online","YA","Morning",1,"podium1_tr.png",-15,345,-0.057013648,0.212777831,3.3887,81,-0.068071444,0.209502362,"Bckg75.jpg",356,113,17,1,1,1,15,356,73,322,182,356,"podium1_tr.png",1,342,342,1.796,1,1.9322,2,1.3567
"Sub029_ToD_Online","YA","Morning",1,"popcorn1_tr.png",137,137,0.150233204,-0.161105387,3.2178,81,0.082519771,0.204243601,"Bckg76.jpg",144,15,89,3,1,1,113,144,211,30,310,144,"popcorn1_tr.png",1,22,22,1.8679,1,1.8494,2,0.9231
"Sub029_ToD_Online","YA","Morning",1,"rollingpin1_tr.png",-150,210,-0.11014191,-0.190771384,4.6851,81,-0.178213354,0.129479581,"Bckg69.jpg",228,89,37,1,1,1,14,228,12,120,126,228,"rollingpin1_tr.png",1,-54,306,4.0308,1,1.9346,2,1.4892
"Sub029_ToD_Online","YA","Morning",1,"scrabble1_tr.png",18,18,0.068071444,0.209502362,4.9231,81,0.053291479,0.213740449,"Bckg91.jpg",15,39,81,3,1,1,109,15,152,156,110,15,"scrabble1_tr.png",1,14,14,4.0523,1,1.4206,1,0.8117
"Sub029_ToD_Online","YA","Morning",1,"skippingrope1_tr.png",59,59,0.188820087,0.113454555,2.3674,81,-0.019199,-0.219445574,"Bckg7.jpg",60,45,26,1,1,1,17,60,87,213,277,60,"skippingrope1_tr.png",1,185,185,3.1048,1,0.906,2,0.6352
"Sub029_ToD_Online","YA","Morning",1,"soccerball1_tr.png",52,52,0.173586019,0.135620262,2.1225,81,0.113454555,0.188820087,"Bckg101.jpg",43,53,33,1,1,1,26,43,86,145,39,43,"soccerball1_tr.png",1,31,31,3.9462,1,1.038,2,0.8326
"Sub029_ToD_Online","YA","Morning",1,"starfish1_tr.png",73,73,0.210658465,0.064404756,4.733,81,0.171192681,-0.1386291,"Bckg106.jpg",77,54,34,1,1,1,33,77,197,61,78,77,"starfish1_tr.png",1,129,129,2.5113,1,0.8209,2,0.7681
"Sub029_ToD_Online","YA","Morning",1,"steeringwheel1_tr.png",216,216,-0.129479581,-0.178213354,3.4843,81,NA,NA,"Bckg62.jpg",229,90,118,3,1,1,114,229,132,225,181,229,"steeringwheel1_tr.png",1,225,225,4.8569,1,5.905,1,0.9831
"Sub029_ToD_Online","YA","Morning",1,"stoplights1_tr.png",224,224,-0.153021999,-0.158458919,2.1053,81,-0.075341504,-0.20699908,"Bckg53.jpg",219,60,46,2,1,1,74,219,214,124,240,219,"stoplights1_tr.png",1,200,200,2.4869,1,1.1902,1,1.7376
"Sub029_ToD_Online","YA","Morning",1,"streamer1_tr.png",-25,335,-0.093095965,0.199644941,3.1681,81,-0.158458919,0.153021999,"Bckg4.jpg",338,35,92,3,1,1,111,338,69,290,195,338,"streamer1_tr.png",1,314,314,2.6403,1,2.8649,2,2.3666
"Sub029_ToD_Online","YA","Morning",1,"tennisball1_tr.png",374,14,0.053291479,0.213740449,3.517,81,0.007687794,0.220149629,"Bckg125.jpg",15,31,40,1,1,1,29,15,270,276,311,15,"tennisball1_tr.png",1,362,2,4.018,1,2.4241,2,1.2016
"Sub029_ToD_Online","YA","Morning",1,"toaster1_tr.png",367,7,0.026845845,0.218641858,4.7849,81,-0.064404756,-0.210658465,"Bckg104.jpg",358,119,29,1,1,1,38,358,291,211,356,358,"toaster1_tr.png",1,197,197,2.3558,1,3.332,2,1.2056
"Sub029_ToD_Online","YA","Morning",1,"toothpaste1_tr.png",262,262,-0.218140033,-0.030657582,2.4235,81,0.1386291,-0.171192681,"Bckg38.jpg",259,1,6,1,1,1,2,259,232,85,230,259,"toothpaste1_tr.png",1,141,141,3.167,1,2.6803,2,0.8759
"Sub029_ToD_Online","YA","Morning",1,"train1_tr.png",129,129,0.171192681,-0.1386291,3.5883,81,0.205652663,-0.078942661,"Bckg61.jpg",127,104,30,1,1,1,32,127,71,191,165,127,"train1_tr.png",1,111,111,2.6831,1,0.791,1,0.8336
"Sub029_ToD_Online","YA","Morning",1,"umbrella1_tr.png",132,132,0.163702781,-0.147398646,2.5896,81,-0.204243601,-0.082519771,"Bckg50.jpg",134,101,80,2,1,1,55,134,64,344,85,134,"umbrella1_tr.png",1,248,248,2.712,1,4.1894,2,0.7859
"Sub029_ToD_Online","YA","Morning",1,"vegeplatter1_tr.png",244,244,-0.197989786,-0.096566071,4.373,81,-0.057013648,-0.212777831,"Bckg70.jpg",246,30,52,2,1,1,53,246,122,321,75,246,"vegeplatter1_tr.png",1,195,195,3.6646,1,3.8734,2,0.8879
"Sub029_ToD_Online","YA","Morning",1,"wagon1_tr.png",79,79,0.216236586,0.042032134,2.4566,81,0.178213354,0.129479581,"Bckg47.jpg",95,38,8,1,1,1,6,95,87,36,143,95,"wagon1_tr.png",1,54,54,2.1382,1,2.1561,2,0.8667
"Sub029_ToD_Online","YA","Morning",1,"washingmachine1_tr.png",338,338,-0.082519771,0.204243601,2.3511,81,-0.071717397,0.208282444,"Bckg85.jpg",341,34,95,3,1,1,104,341,282,53,158,341,"washingmachine1_tr.png",1,-19,341,2.2302,1,1.2333,2,0.7355
"Sub029_ToD_Online","YA","Morning",1,"wisk1_tr.png",-38,322,-0.135620262,0.173586019,5.1069,81,-0.132570112,0.175926481,"Bckg95.jpg",315,23,32,1,1,1,35,315,150,163,135,315,"wisk1_tr.png",1,323,323,3.8845,1,0.8503,1,0.7564
"Sub029_ToD_Online","YA","Morning",1,"wreath1_tr.png",219,219,-0.1386291,-0.171192681,6.006,81,-0.144519189,-0.166250309,"Bckg71.jpg",229,98,116,3,1,1,117,229,357,97,101,229,"wreath1_tr.png",1,221,221,3.2393,1,1.4507,1,0.5484
"Sub030_ToD_Online","YA","Morning",1,"bathingsuit1_tr.png",291,291,-0.136147787,0.052262239,1.7694,256,NA,NA,"Bckg19.jpg",288,65,69,2,1,1,78,288,311,51,176,288,"bathingsuit1_tr.png",1,51,51,0.6795,1,2.2163,2,0.3803
"Sub030_ToD_Online","YA","Morning",1,"bell1_tr.png",343,343,-0.042637741,0.139461767,2.5248,256,NA,NA,"Bckg36.jpg",349,78,9,1,1,1,28,349,287,282,294,349,"bell1_tr.png",1,282,282,0.6528,1,14.9309,2,0.4247
"Sub030_ToD_Online","YA","Morning",1,"cabinet1_tr.png",349,349,-0.027826443,0.143154638,2.232,256,NA,NA,"Bckg13.jpg",355,110,59,2,1,1,45,355,291,250,164,355,"cabinet1_tr.png",1,250,250,0.7076,1,2.0709,2,0.6333
"Sub030_ToD_Online","YA","Morning",1,"christmasstocking1_tr.png",512,152,0.068464925,-0.128763797,4.5078,256,NA,NA,"Bckg136.jpg",165,50,96,3,1,1,84,165,322,246,121,165,"christmasstocking1_tr.png",1,246,246,0.6749,1,1.1122,2,0.5798
"Sub030_ToD_Online","YA","Morning",1,"coat1_tr.png",463,103,0.142096304,-0.032805517,3.6796,256,NA,NA,"Bckg108.jpg",94,102,117,3,1,1,111,94,309,13,198,94,"coat1_tr.png",1,13,13,0.1639,1,1.8827,2,0.448
"Sub030_ToD_Online","YA","Morning",1,"crayon1_tr.png",268,268,-0.145745182,-0.005089534,2.2765,256,NA,NA,"Bckg87.jpg",267,33,115,3,1,1,99,267,220,22,283,267,"crayon1_tr.png",1,22,22,0.5348,1,1.4298,2,0.2617
"Sub030_ToD_Online","YA","Morning",1,"cucumber1_tr.png",438,78,0.142647197,0.030320598,3.8682,256,NA,NA,"Bckg92.jpg",82,87,80,2,1,1,69,82,286,332,303,82,"cucumber1_tr.png",1,332,332,0.2478,1,2.0759,2,0.2781
"Sub030_ToD_Online","YA","Morning",1,"dog1_tr.png",164,164,0.040197304,-0.140184657,3.7864,256,NA,NA,"Bckg23.jpg",167,111,8,1,1,1,3,167,16,26,214,167,"dog1_tr.png",1,26,26,3.0541,1,0.9969,1,0.7511
"Sub030_ToD_Online","YA","Morning",1,"encyclopedia1_tr.png",297,297,-0.129939063,0.06620726,3.4736,256,NA,NA,"Bckg72.jpg",286,11,87,3,1,1,119,286,151,110,236,286,"encyclopedia1_tr.png",1,110,110,1.0202,1,1.3721,1,0.4943
"Sub030_ToD_Online","YA","Morning",1,"goggle1_tr.png",267,267,-0.14563416,-0.007632363,5.1162,256,NA,NA,"Bckg120.jpg",25,96,2,1,1,1,25,25,157,292,131,25,"goggle1_tr.png",1,292,292,1.1235,1,2.8525,2,0.872
"Sub030_ToD_Online","YA","Morning",1,"granola1_tr.png",194,194,-0.035280443,-0.141502126,2.2674,256,NA,NA,"Bckg49.jpg",191,103,36,1,1,1,38,191,262,206,48,191,"granola1_tr.png",1,206,206,0.5958,1,2.8544,2,0.6234
"Sub030_ToD_Online","YA","Morning",1,"grater1_tr.png",231,231,-0.11333432,-0.091776322,1.992,256,NA,NA,"Bckg118.jpg",227,108,13,1,1,1,32,227,183,311,225,227,"grater1_tr.png",1,311,311,1.0007,1,2.2381,2,1.2146
"Sub030_ToD_Online","YA","Morning",1,"hotdog1_tr.png",499,139,0.095675726,-0.110062332,4.4667,256,NA,NA,"Bckg126.jpg",152,42,78,2,1,1,54,152,327,275,320,152,"hotdog1_tr.png",1,275,275,0.878,1,1.822,2,0.8747
"Sub030_ToD_Online","YA","Morning",1,"lemon1_tr.png",385,25,0.06163212,0.132170508,3.7424,256,NA,NA,"Bckg99.jpg",20,66,48,2,1,1,70,20,265,285,180,20,"lemon1_tr.png",1,285,285,0.6397,1,1.391,1,0.8571
"Sub030_ToD_Online","YA","Morning",1,"mouthwash1_tr.png",-19,341,-0.047478913,0.137888775,3.941,256,NA,NA,"Bckg109.jpg",352,100,52,2,1,1,66,352,115,250,226,352,"mouthwash1_tr.png",1,250,250,0.3363,1,1.2297,2,0.409
"Sub030_ToD_Online","YA","Morning",1,"pickle1_tr.png",143,143,0.087765104,-0.116468227,2.7256,256,NA,NA,"Bckg66.jpg",150,83,72,2,1,1,41,150,65,78,256,150,"pickle1_tr.png",1,78,78,1.7811,1,1.1277,2,0.8274
"Sub030_ToD_Online","YA","Morning",1,"pizza1_tr.png",47,47,0.10665625,0.099458562,3.3476,256,NA,NA,"Bckg83.jpg",31,80,32,1,1,1,10,31,153,237,175,31,"pizza1_tr.png",1,237,237,0.7285,1,1.1197,2,1.8422
"Sub030_ToD_Online","YA","Morning",1,"pokerchips1_tr.png",17,17,0.042637741,0.139461767,2.0263,256,NA,NA,"Bckg127.jpg",11,88,20,1,1,1,31,11,51,229,63,11,"pokerchips1_tr.png",1,229,229,7.1235,1,2.7488,1,1.378
"Sub030_ToD_Online","YA","Morning",1,"popcorn1_tr.png",127,127,0.116468227,-0.087765104,3.1549,256,NA,NA,"Bckg76.jpg",144,15,89,3,1,1,116,144,211,30,310,144,"popcorn1_tr.png",1,30,30,2.3469,1,1.2342,2,0.6144
"Sub030_ToD_Online","YA","Morning",1,"qtips1_tr.png",147,147,0.0794269,-0.1223067,3.0772,256,NA,NA,"Bckg129.jpg",171,92,18,1,1,1,29,171,235,155,124,171,"qtips1_tr.png",1,155,155,0.6812,1,2.073,2,0.3866
"Sub030_ToD_Online","YA","Morning",1,"rubikscube1_tr.png",120,120,0.126295966,-0.07291701,3.0749,256,NA,NA,"Bckg122.jpg",113,105,92,3,1,1,83,113,4,222,200,113,"rubikscube1_tr.png",1,222,222,0.3262,1,2.8932,2,0.3331
"Sub030_ToD_Online","YA","Morning",1,"skippingrope1_tr.png",67,67,0.134240923,0.056981891,2.284,256,NA,NA,"Bckg7.jpg",60,45,64,2,1,1,72,60,87,213,277,60,"skippingrope1_tr.png",1,213,213,0.5029,1,1.4256,2,0.7306
"Sub030_ToD_Online","YA","Morning",1,"slide1_tr.png",50,50,0.111715341,0.093740301,2.2113,256,NA,NA,"Bckg94.jpg",44,44,28,1,1,1,34,44,4,217,28,44,"slide1_tr.png",1,217,217,5.9933,1,2.3171,2,1.0857
"Sub030_ToD_Online","YA","Morning",1,"starfish1_tr.png",71,71,0.137888775,0.047478913,4.1483,256,NA,NA,"Bckg106.jpg",77,54,90,3,1,1,101,77,197,61,78,77,"starfish1_tr.png",1,61,61,0.7061,1,1.449,2,0.2377
"Sub030_ToD_Online","YA","Morning",1,"steeringwheel1_tr.png",248,248,-0.135214949,-0.054630385,4.5283,256,NA,NA,"Bckg62.jpg",229,90,57,2,1,1,58,229,132,225,181,229,"steeringwheel1_tr.png",1,225,225,0.8614,1,2.4582,1,1.0546
"Sub030_ToD_Online","YA","Morning",1,"telephonebooth1_tr.png",220,220,-0.093740301,-0.111715341,3.6841,256,NA,NA,"Bckg107.jpg",214,63,120,3,1,1,109,214,64,281,300,214,"telephonebooth1_tr.png",1,281,281,0.6966,1,1.4058,2,0.1814
"Sub030_ToD_Online","YA","Morning",1,"tennisball1_tr.png",394,34,0.081549349,0.120901882,3.9336,256,NA,NA,"Bckg125.jpg",15,31,114,3,1,1,98,15,270,276,311,15,"tennisball1_tr.png",1,276,276,1.1611,1,1.6941,2,0.8804
"Sub030_ToD_Online","YA","Morning",1,"trumpet1_tr.png",357,357,-0.007632363,0.14563416,2.0009,256,NA,NA,"Bckg130.jpg",355,58,81,3,1,1,102,355,313,133,32,355,"trumpet1_tr.png",1,133,133,0.739,1,1.1043,2,0.8268
"Sub030_ToD_Online","YA","Morning",1,"vegeplatter1_tr.png",254,254,-0.140184657,-0.040197304,3.823,256,NA,NA,"Bckg70.jpg",246,30,25,1,1,1,24,246,122,321,75,246,"vegeplatter1_tr.png",1,321,321,0.636,1,2.4092,2,0.6544
"Sub030_ToD_Online","YA","Morning",1,"watch1_tr.png",113,113,0.134240923,-0.056981891,2.6467,256,NA,NA,"Bckg117.jpg",119,43,111,3,1,1,118,119,181,237,158,119,"watch1_tr.png",1,237,237,0.9431,1,1.3744,1,1.3626
"Sub030_ToD_Online","YA","Morning",1,"wheelchair1_tr.png",144,144,0.085719086,-0.117982201,2.0551,256,NA,NA,"Bckg80.jpg",171,52,60,2,1,1,63,171,180,294,263,171,"wheelchair1_tr.png",1,294,294,0.3008,1,2.2379,2,0.2811
"Sub030_ToD_Online","YA","Morning",1,"wisk1_tr.png",-64,296,-0.131074749,0.063929427,4.5686,256,NA,NA,"Bckg95.jpg",315,23,42,2,1,1,75,315,150,163,135,315,"wisk1_tr.png",1,163,163,0.4172,1,2.0679,2,0.8847
"Sub030_ToD_Online","YA","Morning",1,"woodenbox1_tr.png",313,313,-0.10665625,0.099458562,6.916,256,NA,NA,"Bckg9.jpg",346,69,65,2,1,1,61,346,209,115,175,346,"woodenbox1_tr.png",1,115,115,0.6182,1,1.881,2,0.5784
"Sub031_ToD_Online","YA","Morning",1,"airfreshener1_tr.png",10,10,0.037757575,0.21413385,4.6468,179,NA,NA,"Bckg42.jpg",2,91,43,2,1,1,56,2,156,345,88,2,"airfreshener1_tr.png",1,345,345,2.4317,1,0.9343,1,0.4689
"Sub031_ToD_Online","YA","Morning",1,"bagel1_tr.png",243,243,NA,NA,2.7102,179,NA,NA,"Bckg43.jpg",246,20,17,1,1,1,9,246,243,284,250,246,"bagel1_tr.png",1,284,284,1.7107,1,4.0877,2,1.6806
"Sub031_ToD_Online","YA","Morning",1,"banana1_tr.png",49,49,0.164101945,0.142651645,5.8617,179,NA,NA,"Bckg93.jpg",44,114,6,1,1,1,13,44,233,78,338,44,"banana1_tr.png",1,78,78,0.9149,1,1.5241,2,0.7009
"Sub031_ToD_Online","YA","Morning",1,"bandaid1_tr.png",247,247,-0.200152007,-0.084959486,3.4655,179,NA,NA,"Bckg45.jpg",246,107,36,1,1,1,7,246,143,243,11,246,"bandaid1_tr.png",1,243,243,5.942,1,3.6557,2,0.9679
"Sub031_ToD_Online","YA","Morning",1,"bed1_tr.png",248,248,-0.20160427,-0.081453413,3.6142,179,NA,NA,"Bckg77.jpg",245,120,90,3,1,1,88,245,138,143,160,245,"bed1_tr.png",1,143,143,0.6377,1,1.0394,1,0.3846
"Sub031_ToD_Online","YA","Morning",1,"bell1_tr.png",343,343,-0.063572488,0.207936238,6.2074,179,NA,NA,"Bckg36.jpg",349,78,7,1,1,1,23,349,287,282,294,349,"bell1_tr.png",1,282,282,2.5582,1,1.5917,2,2.0335
"Sub031_ToD_Online","YA","Morning",1,"bow1_tr.png",529,169,0.041488976,-0.213442276,5.2304,179,NA,NA,"Bckg54.jpg",172,67,83,3,1,1,109,172,311,5,258,172,"bow1_tr.png",1,5,5,0.6837,1,1.1721,2,0.8008
"Sub031_ToD_Online","YA","Morning",1,"boxinggloves1_tr.png",271,271,-0.217404093,0.003794803,3.4641,179,NA,NA,"Bckg131.jpg",276,95,2,1,1,1,5,276,159,125,149,276,"boxinggloves1_tr.png",1,125,125,2.4491,1,1.5388,2,1.6832
"Sub031_ToD_Online","YA","Morning",1,"breakfast1_tr.png",310,310,-0.166566566,0.139765944,7.0112,179,NA,NA,"Bckg89.jpg",300,3,35,1,1,1,12,300,348,149,173,300,"breakfast1_tr.png",1,149,149,3.3776,1,3.5008,2,1.5335
"Sub031_ToD_Online","YA","Morning",1,"cabinet1_tr.png",359,359,-0.003794803,0.217404093,4.4407,179,NA,NA,"Bckg13.jpg",355,110,48,2,1,1,63,355,291,250,164,355,"cabinet1_tr.png",1,250,250,0.7432,1,1.6312,1,0.3678
"Sub031_ToD_Online","YA","Morning",1,"clock1_tr.png",128,128,NA,NA,1.567,179,NA,NA,"Bckg137.jpg",133,76,59,2,1,1,44,133,128,1,280,133,"clock1_tr.png",1,1,1,0.8485,1,4.0725,2,0.5176
"Sub031_ToD_Online","YA","Morning",1,"coke1_tr.png",-41,319,-0.142651645,0.164101945,4.5791,179,NA,NA,"Bckg78.jpg",322,74,45,2,1,1,61,322,31,323,307,322,"coke1_tr.png",1,323,323,0.7821,1,0.8986,1,0.8841
"Sub031_ToD_Online","YA","Morning",1,"crayon1_tr.png",268,268,-0.217304753,-0.007588449,4.5963,179,NA,NA,"Bckg87.jpg",267,33,5,1,1,1,18,267,220,22,283,267,"crayon1_tr.png",1,22,22,1.5659,1,2.579,1,6.8287
"Sub031_ToD_Online","YA","Morning",1,"dog1_tr.png",168,168,0.045207738,-0.212685685,4.5132,179,NA,NA,"Bckg23.jpg",167,111,93,3,1,1,114,167,16,26,214,167,"dog1_tr.png",1,26,26,1.6994,1,0.9858,2,1.2843
"Sub031_ToD_Online","YA","Morning",1,"fantacan1_tr.png",232,232,-0.17134286,-0.133867713,11.8561,179,NA,NA,"Bckg86.jpg",126,84,94,3,1,1,98,126,32,278,53,126,"fantacan1_tr.png",1,278,278,0.6266,1,1.3001,2,0.9209
"Sub031_ToD_Online","YA","Morning",1,"fireextinguisher1_tr.png",294,294,-0.198638776,0.088439681,3.4313,179,NA,NA,"Bckg88.jpg",294,85,37,1,1,1,16,294,212,94,215,294,"fireextinguisher1_tr.png",1,94,94,1.433,1,6.3219,2,1.517
"Sub031_ToD_Online","YA","Morning",1,"goggle1_tr.png",25,25,0.091892936,0.197065037,4.1133,179,NA,NA,"Bckg120.jpg",25,96,112,3,1,1,93,25,157,292,131,25,"goggle1_tr.png",1,292,292,0.6843,1,1.5157,2,0.5387
"Sub031_ToD_Online","YA","Morning",1,"granola1_tr.png",194,194,-0.052602822,-0.210978396,3.9481,179,NA,NA,"Bckg49.jpg",191,103,30,1,1,1,4,191,262,206,48,191,"granola1_tr.png",1,206,206,1.0097,1,0.9881,2,1.1007
"Sub031_ToD_Online","YA","Morning",1,"grater1_tr.png",227,227,-0.159023508,-0.148291821,2.6312,179,NA,NA,"Bckg118.jpg",227,108,76,2,1,1,60,227,183,311,225,227,"grater1_tr.png",1,311,311,1.434,1,1.017,1,0.9676
"Sub031_ToD_Online","YA","Morning",1,"iceskates1_tr.png",184,184,-0.015167653,-0.216907544,4.3469,179,NA,NA,"Bckg27.jpg",186,64,106,3,1,1,99,186,280,131,293,186,"iceskates1_tr.png",1,131,131,0.5738,1,5.7608,2,0.7605
"Sub031_ToD_Online","YA","Morning",1,"loaf1_tr.png",461,101,0.213442276,-0.041488976,4.513,179,NA,NA,"Bckg90.jpg",101,25,88,3,1,1,92,101,357,138,325,101,"loaf1_tr.png",1,138,138,0.8827,1,1.0832,1,0.601
"Sub031_ToD_Online","YA","Morning",1,"oven1_tr.png",473,113,0.200152007,-0.084959486,5.3464,179,NA,NA,"Bckg55.jpg",111,9,101,3,1,1,101,111,305,27,70,111,"oven1_tr.png",1,27,27,1.3774,1,1.5925,2,0.8198
"Sub031_ToD_Online","YA","Morning",1,"penguin1_tr.png",425,65,0.197065037,0.091892936,3.8644,179,NA,NA,"Bckg114.jpg",71,7,114,3,1,1,106,71,333,350,66,71,"penguin1_tr.png",1,350,350,0.6678,1,0.9329,1,0.9679
"Sub031_ToD_Online","YA","Morning",1,"pickle1_tr.png",151,151,0.105415651,-0.190174869,4.006,179,NA,NA,"Bckg66.jpg",150,83,87,3,1,1,85,150,65,78,256,150,"pickle1_tr.png",1,78,78,0.6267,1,1.5008,2,0.7009
"Sub031_ToD_Online","YA","Morning",1,"podium1_tr.png",7,7,0.02649893,0.215816466,3.3811,179,NA,NA,"Bckg75.jpg",356,113,68,2,1,1,71,356,73,322,182,356,"podium1_tr.png",1,322,322,1.223,1,2.4319,1,1.9501
"Sub031_ToD_Online","YA","Morning",1,"pokerchips1_tr.png",19,19,0.070790631,0.205590921,2.7825,179,NA,NA,"Bckg127.jpg",11,88,109,3,1,1,118,11,51,229,63,11,"pokerchips1_tr.png",1,229,229,0.6679,1,1.6006,1,0.435
"Sub031_ToD_Online","YA","Morning",1,"potatochips1_tr.png",28,28,0.102080587,0.191985661,3.9305,179,NA,NA,"Bckg124.jpg",13,81,24,1,1,1,34,13,164,112,355,13,"potatochips1_tr.png",1,112,112,3.8958,1,2.1964,2,1.8668
"Sub031_ToD_Online","YA","Morning",1,"present1_tr.png",185,185,-0.018950902,-0.216609796,4.7399,179,NA,NA,"Bckg121.jpg",184,46,72,2,1,1,51,184,45,118,188,184,"present1_tr.png",1,118,118,0.6339,1,7.4155,2,0.4683
"Sub031_ToD_Online","YA","Morning",1,"rollingpin1_tr.png",-136,224,-0.151044578,-0.156411239,5.9798,179,NA,NA,"Bckg69.jpg",228,89,12,1,1,1,28,228,12,120,126,228,"rollingpin1_tr.png",1,120,120,2.1307,1,3.3627,1,1.1009
"Sub031_ToD_Online","YA","Morning",1,"rubikscube1_tr.png",110,110,0.204324142,-0.074367906,4.2813,179,NA,NA,"Bckg122.jpg",113,105,10,1,1,1,14,113,4,222,200,113,"rubikscube1_tr.png",1,222,222,1.0189,1,0.8986,2,1.8331
"Sub031_ToD_Online","YA","Morning",1,"seashell1_tr.png",214,214,-0.121589345,-0.180263617,2.2812,179,NA,NA,"Bckg8.jpg",205,13,110,3,1,1,113,205,224,134,59,205,"seashell1_tr.png",1,134,134,1.0664,1,1.1667,1,0.7824
"Sub031_ToD_Online","YA","Morning",1,"sink1_tr.png",177,177,0.011379784,-0.21713922,5.1887,179,NA,NA,"Bckg32.jpg",178,112,85,3,1,1,95,178,267,137,336,178,"sink1_tr.png",1,137,137,0.8836,1,1.1981,2,0.4134
"Sub031_ToD_Online","YA","Morning",1,"skippingrope1_tr.png",81,81,0.214760197,0.034014674,2.0327,179,NA,NA,"Bckg7.jpg",60,45,49,2,1,1,74,60,87,213,277,60,"skippingrope1_tr.png",1,213,213,0.8645,1,1.4514,1,0.5532
"Sub031_ToD_Online","YA","Morning",1,"slide1_tr.png",42,42,0.145493892,0.161587337,2.7523,179,NA,NA,"Bckg94.jpg",44,44,42,2,1,1,67,44,4,217,28,44,"slide1_tr.png",1,217,217,0.5151,1,1.0293,1,0.5354
"Sub031_ToD_Online","YA","Morning",1,"soccerball1_tr.png",44,44,0.151044578,0.156411239,3.2965,179,NA,NA,"Bckg101.jpg",43,53,25,1,1,1,19,43,86,145,39,43,"soccerball1_tr.png",1,145,145,1.883,1,1.6332,1,1.9504
"Sub031_ToD_Online","YA","Morning",1,"starfish1_tr.png",107,107,0.207936238,-0.063572488,2.517,179,NA,NA,"Bckg106.jpg",77,54,62,2,1,1,64,77,197,61,78,77,"starfish1_tr.png",1,61,61,1.0659,1,0.9812,1,1.2176
"Sub031_ToD_Online","YA","Morning",1,"steeringwheel1_tr.png",236,236,-0.180263617,-0.121589345,4.9305,179,NA,NA,"Bckg62.jpg",229,90,92,3,1,1,102,229,132,225,181,229,"steeringwheel1_tr.png",1,225,225,0.6676,1,0.9459,1,1.2509
"Sub031_ToD_Online","YA","Morning",1,"stoplights1_tr.png",220,220,-0.139765944,-0.166566566,2.9518,179,NA,NA,"Bckg53.jpg",219,60,63,2,1,1,76,219,214,124,240,219,"stoplights1_tr.png",1,124,124,0.7511,1,2.1107,2,0.385
"Sub031_ToD_Online","YA","Morning",1,"suit1_tr.png",263,263,-0.215816466,-0.02649893,3.3477,179,NA,NA,"Bckg52.jpg",262,36,34,1,1,1,25,262,153,255,138,262,"suit1_tr.png",1,255,255,0.9804,1,2.3482,1,0.8841
"Sub031_ToD_Online","YA","Morning",1,"tennisball1_tr.png",328,328,-0.115224166,0.184397212,3.5148,179,NA,NA,"Bckg125.jpg",15,31,89,3,1,1,111,15,270,276,311,15,"tennisball1_tr.png",1,276,276,3.3137,1,0.8322,1,1.0319
"Sub031_ToD_Online","YA","Morning",1,"tissuebox1_tr.png",5,5,0.018950902,0.216609796,2.832,179,NA,NA,"Bckg98.jpg",1,12,22,1,1,1,40,1,95,272,311,1,"tissuebox1_tr.png",1,272,272,1.1,1,1.8313,1,3.8153
"Sub031_ToD_Online","YA","Morning",1,"toad1_tr.png",392,32,0.115224166,0.184397212,3.8306,179,NA,NA,"Bckg65.jpg",25,27,71,2,1,1,75,25,278,24,220,25,"toad1_tr.png",1,24,24,1.2979,1,0.9798,2,2.5832
"Sub031_ToD_Online","YA","Morning",1,"toothpaste1_tr.png",266,266,-0.216907544,-0.015167653,2.9489,179,NA,NA,"Bckg38.jpg",259,1,86,3,1,1,116,259,232,85,230,259,"toothpaste1_tr.png",1,85,85,1.5996,1,0.9308,1,0.5346
"Sub031_ToD_Online","YA","Morning",1,"trumpet1_tr.png",349,349,-0.041488976,0.213442276,3.9723,179,NA,NA,"Bckg130.jpg",355,58,77,2,1,1,78,355,313,133,32,355,"trumpet1_tr.png",1,133,133,1.0656,1,1.0631,2,0.518
"Sub031_ToD_Online","YA","Morning",1,"turtle1_tr.png",225,225,-0.153751326,-0.153751326,2.9226,179,NA,NA,"Bckg44.jpg",223,61,57,2,1,1,69,223,185,158,305,223,"turtle1_tr.png",1,158,158,1.0408,1,1.2311,2,0.9681
"Sub031_ToD_Online","YA","Morning",1,"vegeplatter1_tr.png",262,262,-0.215321126,-0.030261411,5.1285,179,NA,NA,"Bckg70.jpg",246,30,64,2,1,1,53,246,122,321,75,246,"vegeplatter1_tr.png",1,321,321,1.05,1,1.9575,2,0.5684
"Sub031_ToD_Online","YA","Morning",1,"wisk1_tr.png",316,316,-0.151044578,0.156411239,4.5462,179,NA,NA,"Bckg95.jpg",315,23,80,2,1,1,43,315,150,163,135,315,"wisk1_tr.png",1,163,163,0.2814,1,1.1971,2,2.4193
"Sub032_ToD_Online","YA","Morning",1,"abacus1_tr.png",299,299,-0.204155499,0.113165241,5.2593,43,-0.193515625,0.130527937,"Bckg135.jpg",299,41,27,1,1,1,14,299,113,108,23,299,"abacus1_tr.png",1,-56,304,4.3667,1,1.8254,1,0.4928
"Sub032_ToD_Online","YA","Morning",1,"airfreshener1_tr.png",370,10,0.040533308,0.229875815,5.4746,43,-0.004073776,0.233386469,"Bckg42.jpg",2,91,67,2,1,1,76,2,156,345,88,2,"airfreshener1_tr.png",1,359,359,3.269700001,1,1.0198,1,0.4715
"Sub032_ToD_Online","YA","Morning",1,"banana1_tr.png",407,47,0.170714058,0.159193435,5.5001,43,0.109585001,-0.206099411,"Bckg93.jpg",44,114,36,1,1,1,1,44,233,78,338,44,"banana1_tr.png",1,152,152,4.2017,1,1.2801,2,0.9612
"Sub032_ToD_Online","YA","Morning",1,"basket1_tr.png",128,128,0.183939062,-0.143708945,3.8476,43,0.226488388,-0.056469898,"Bckg24.jpg",110,8,11,1,1,1,19,110,14,332,96,110,"basket1_tr.png",1,464,104,4.0566,1,1.7122,2,1.0567
"Sub032_ToD_Online","YA","Morning",1,"bathingsuit1_tr.png",283,283,-0.227439429,0.05250853,1.9482,43,0.170714058,-0.159193435,"Bckg19.jpg",288,65,53,2,1,1,74,288,311,51,176,288,"bathingsuit1_tr.png",1,133,133,3.8568,1,1.5545,1,0.573599999
"Sub032_ToD_Online","YA","Morning",1,"bbqmachine1_tr.png",155,155,0.098648408,-0.211552194,4.3871,43,-0.1979531,0.123694825,"Bckg48.jpg",172,40,120,3,1,1,96,172,331,332,338,172,"bbqmachine1_tr.png",1,302,302,1.8709,1,1.292599999,2,0.525700001
"Sub032_ToD_Online","YA","Morning",1,"bed1_tr.png",242,242,-0.206099411,-0.109585001,4.2732,43,0.214866102,-0.091205249,"Bckg77.jpg",245,120,88,3,1,1,100,245,138,143,160,245,"bed1_tr.png",1,113,113,2.415,1,1.4258,2,0.9179
"Sub032_ToD_Online","YA","Morning",1,"breakfast1_tr.png",296,296,-0.209798322,0.102325479,3.2677,43,0.220704856,-0.075994776,"Bckg89.jpg",300,3,80,2,1,1,66,300,348,149,173,300,"breakfast1_tr.png",1,109,109,3.593099999,1,3.4184,1,0.772799999
"Sub032_ToD_Online","YA","Morning",1,"christmasstocking1_tr.png",518,158,0.087441428,-0.216425128,5.3286,43,0.094941289,-0.213241626,"Bckg136.jpg",165,50,39,1,1,1,4,165,322,246,121,165,"christmasstocking1_tr.png",1,156,156,6.2075,1,1.3461,1,0.4852
"Sub032_ToD_Online","YA","Morning",1,"coke1_tr.png",-37,323,-0.140476878,0.186419114,3.2838,43,-0.10597138,-0.207980543,"Bckg78.jpg",322,74,23,1,1,1,16,322,31,323,307,322,"coke1_tr.png",1,207,207,6.5241,1,1.4725,2,0.7548
"Sub032_ToD_Online","YA","Morning",1,"cookie1_tr.png",202,202,-0.087441428,-0.216425128,3.114099999,43,-0.13388537,-0.191208125,"Bckg1.jpg",196,109,44,2,1,1,78,196,142,307,242,196,"cookie1_tr.png",1,215,215,2.9097,1,0.912,1,0.418200001
"Sub032_ToD_Online","YA","Morning",1,"dog1_tr.png",164,164,0.064339828,-0.224379647,4.555200001,43,0.21934495,-0.079835033,"Bckg23.jpg",167,111,113,3,1,1,115,167,16,26,214,167,"dog1_tr.png",1,110,110,4.102,1,1.0613,2,0.3874
"Sub032_ToD_Online","YA","Morning",1,"eggs1_tr.png",90,90,0.23342202,0,2.5525,43,0.217918229,0.083650971,"Bckg132.jpg",84,28,74,2,1,1,57,84,124,265,170,84,"eggs1_tr.png",1,429,69,4.4186,1,1.5122,1,0.5852
"Sub032_ToD_Online","YA","Morning",1,"fantacan1_tr.png",122,122,0.1979531,-0.123694825,3.3623,43,-0.087441428,0.216425128,"Bckg86.jpg",126,84,86,3,1,1,108,126,32,278,53,126,"fantacan1_tr.png",1,338,338,4.3883,1,1.4106,2,0.4519
"Sub032_ToD_Online","YA","Morning",1,"granola1_tr.png",198,198,-0.072131371,-0.221997533,2.3721,43,-0.202149399,0.11671101,"Bckg49.jpg",191,103,87,3,1,1,105,191,262,206,48,191,"granola1_tr.png",1,300,300,3.920799999,1,1.5729,2,0.435
"Sub032_ToD_Online","YA","Morning",1,"jackolantern1_tr.png",55,55,0.191208125,0.13388537,3.7354,43,0.008146311,-0.233279826,"Bckg21.jpg",51,93,15,1,1,1,24,51,161,66,118,51,"jackolantern1_tr.png",1,178,178,4.1508,1,1.8095,2,0.5852
"Sub032_ToD_Online","YA","Morning",1,"jellybeans1_tr.png",241,241,-0.204155499,-0.113165241,3.212099999,43,0.056469898,-0.226488388,"Bckg46.jpg",235,49,84,3,1,1,99,235,347,110,157,235,"jellybeans1_tr.png",1,166,166,3.630900001,1,1.202799999,2,0.9277
"Sub032_ToD_Online","YA","Morning",1,"lemon1_tr.png",389,29,0.113165241,0.204155499,3.419,43,0.004073776,-0.233386469,"Bckg99.jpg",20,66,55,2,1,1,77,20,265,285,180,20,"lemon1_tr.png",1,179,179,3.4879,1,1.1742,2,0.6148
"Sub032_ToD_Online","YA","Morning",1,"loaf1_tr.png",467,107,0.223222588,-0.068245994,3.648,43,-0.137202021,-0.188842381,"Bckg90.jpg",101,25,92,3,1,1,84,101,357,138,325,101,"loaf1_tr.png",1,216,216,3.2538,1,3.1153,1,0.8839
"Sub032_ToD_Online","YA","Morning",1,"nailpolish1_tr.png",308,308,-0.183939062,0.143708945,5.5517,43,-0.183939062,-0.143708945,"Bckg84.jpg",301,32,2,1,1,1,5,301,148,320,226,301,"nailpolish1_tr.png",1,232,232,3.445400001,1,2.1513,1,0.455200001
"Sub032_ToD_Online","YA","Morning",1,"paintpalette1_tr.png",243,243,-0.207980543,-0.10597138,2.9895,43,0.130527937,0.193515625,"Bckg56.jpg",259,16,22,1,1,1,37,259,311,154,192,259,"paintpalette1_tr.png",1,34,34,9.866,1,1.547299999,1,0.7311
"Sub032_ToD_Online","YA","Morning",1,"penguin1_tr.png",439,79,0.2291334,0.044539021,3.3535,43,0.216425128,0.087441428,"Bckg114.jpg",71,7,50,2,1,1,44,71,333,350,66,71,"penguin1_tr.png",1,428,68,3.3935,1,1.0451,1,0.797
"Sub032_ToD_Online","YA","Morning",1,"pokerchips1_tr.png",15,15,0.060414064,0.225468358,3.2049,43,-0.02034407,0.232533779,"Bckg127.jpg",11,88,54,2,1,1,42,11,51,229,63,11,"pokerchips1_tr.png",1,355,355,4.4805,1,2.6708,1,0.5
"Sub032_ToD_Online","YA","Morning",1,"popcorn1_tr.png",141,141,0.146897237,-0.18140298,3.046099999,43,0.193515625,-0.130527937,"Bckg76.jpg",144,15,85,3,1,1,118,144,211,30,310,144,"popcorn1_tr.png",1,124,124,3.8255,1,0.886299999,1,0.8758
"Sub032_ToD_Online","YA","Morning",1,"qtips1_tr.png",163,163,0.068245994,-0.223222588,2.503400001,43,0.075994776,-0.220704856,"Bckg129.jpg",171,92,91,3,1,1,114,171,235,155,124,171,"qtips1_tr.png",1,161,161,4.879,1,1.3673,1,0.6583
"Sub032_ToD_Online","YA","Morning",1,"rubikscube1_tr.png",124,124,0.193515625,-0.130527937,4.5227,43,-0.202149399,0.11671101,"Bckg122.jpg",113,105,59,2,1,1,71,113,4,222,200,113,"rubikscube1_tr.png",1,300,300,3.7615,1,1.5157,1,0.386099999
"Sub032_ToD_Online","YA","Morning",1,"silvertray1_tr.png",287,287,-0.223222588,0.068245994,2.8892,43,-0.230548208,0.036515249,"Bckg64.jpg",288,6,26,1,1,1,29,288,241,343,248,288,"silvertray1_tr.png",1,279,279,2.8768,1,2.3669,1,0.5064
"Sub032_ToD_Online","YA","Morning",1,"sippycup1_tr.png",118,118,0.206099411,-0.109585001,4.7181,43,0.2291334,0.044539021,"Bckg105.jpg",107,106,108,3,1,1,110,107,24,15,204,107,"sippycup1_tr.png",1,79,79,2.7279,1,1.3694,2,0.4674
"Sub032_ToD_Online","YA","Morning",1,"starfish1_tr.png",71,71,0.220704856,0.075994776,3.593299999,43,0.13388537,0.191208125,"Bckg106.jpg",77,54,60,2,1,1,48,77,197,61,78,77,"starfish1_tr.png",1,35,35,2.4812,1,1.5197,2,0.3496
"Sub032_ToD_Online","YA","Morning",1,"tissuebox1_tr.png",-3,357,-0.012216365,0.233102123,2.8091,43,-0.16214856,-0.167909749,"Bckg98.jpg",1,12,93,3,1,1,111,1,95,272,311,1,"tissuebox1_tr.png",1,224,224,2.946900001,1,1.0199,1,0.485900001
"Sub032_ToD_Online","YA","Morning",1,"toaster1_tr.png",359,359,-0.004073776,0.233386469,4.0895,43,0.113165241,-0.204155499,"Bckg104.jpg",358,119,43,2,1,1,70,358,291,211,356,358,"toaster1_tr.png",1,151,151,3.648,1,1.9737,2,0.503900001
"Sub032_ToD_Online","YA","Morning",1,"toothpaste1_tr.png",254,254,-0.224379647,-0.064339828,3.372900001,43,-0.227439429,-0.05250853,"Bckg38.jpg",259,1,89,3,1,1,119,259,232,85,230,259,"toothpaste1_tr.png",1,-103,257,6.217599999,1,0.9968,1,0.6927
"Sub032_ToD_Online","YA","Morning",1,"towels1_tr.png",206,206,-0.102325479,-0.209798322,6.2082,43,0.230548208,-0.036515249,"Bckg115.jpg",193,37,58,2,1,1,67,193,106,21,53,193,"towels1_tr.png",1,99,99,3.7115,1,3.247,1,0.532299999
"Sub032_ToD_Online","YA","Morning",1,"turtle1_tr.png",217,217,-0.140476878,-0.186419114,3.064599999,43,-0.056469898,-0.226488388,"Bckg44.jpg",223,61,40,1,1,1,12,223,185,158,305,223,"turtle1_tr.png",1,194,194,3.1655,1,1.3599,2,0.468799999
"Sub032_ToD_Online","YA","Morning",1,"washingmachine1_tr.png",330,330,-0.11671101,0.202149399,3.618900001,43,-0.127130744,0.195764178,"Bckg85.jpg",341,34,48,2,1,1,73,341,282,53,158,341,"washingmachine1_tr.png",1,-33,327,3.4796,1,3.3373,2,1.0328
"Sub033_ToD_Online","YA","Morning",1,"bagel1_tr.png",243,243,NA,NA,1.3537,284,-0.148131244,-0.164516413,"Bckg43.jpg",246,20,21,1,1,1,11,246,243,284,250,246,"bagel1_tr.png",1,222,222,4.2153,1,2.2465,1,0.7675
"Sub033_ToD_Online","YA","Morning",1,"bike1_tr.png",137,137,0.15097989,-0.16190611,2.2781,284,0.218653131,0.034631254,"Bckg39.jpg",135,2,39,1,1,1,34,135,209,107,240,135,"bike1_tr.png",1,81,81,4.5799,1,1.581,2,0.888
"Sub033_ToD_Online","YA","Morning",1,"bow1_tr.png",167,167,0.049799365,-0.215704749,4.0163,284,NA,NA,"Bckg54.jpg",172,67,48,2,1,1,47,172,311,5,258,172,"bow1_tr.png",1,5,5,0.7008,1,1.8345,2,0.7397
"Sub033_ToD_Online","YA","Morning",1,"bowlingpin1_tr.png",301,301,-0.189758557,0.114018444,3.451,284,NA,NA,"Bckg34.jpg",301,48,84,3,1,1,97,301,219,51,324,301,"bowlingpin1_tr.png",1,51,51,0.417,1,2.0426,2,0.4908
"Sub033_ToD_Online","YA","Morning",1,"bowls1_tr.png",70,70,0.208027903,0.075715964,4.2272,284,NA,NA,"Bckg103.jpg",76,79,78,2,1,1,60,76,238,207,139,76,"bowls1_tr.png",1,207,207,0.7999,1,1.2499,2,0.4343
"Sub033_ToD_Online","YA","Morning",1,"boxinggloves1_tr.png",259,259,-0.21731132,-0.042241042,3.884,284,0.21731132,0.042241042,"Bckg131.jpg",276,95,8,1,1,1,22,276,159,125,149,276,"boxinggloves1_tr.png",1,79,79,2.7177,1,2.9654,2,0.4526
"Sub033_ToD_Online","YA","Morning",1,"breakfast1_tr.png",290,290,-0.208027903,0.075715964,2.1676,284,NA,NA,"Bckg89.jpg",300,3,13,1,1,1,30,300,348,149,173,300,"breakfast1_tr.png",1,149,149,0.7235,1,2.175,2,0.6347
"Sub033_ToD_Online","YA","Morning",1,"christmasstocking1_tr.png",166,166,0.053556347,-0.214802777,4.381,284,0.068409771,-0.210543627,"Bckg136.jpg",165,50,37,1,1,1,8,165,322,246,121,165,"christmasstocking1_tr.png",1,162,162,3.4503,1,1.7109,1,1.4347
"Sub033_ToD_Online","YA","Morning",1,"cookie1_tr.png",204,204,-0.090042817,-0.202239478,2.7077,284,0.114018444,-0.189758557,"Bckg1.jpg",196,109,2,1,1,1,14,196,142,307,242,196,"cookie1_tr.png",1,149,149,5.1628,1,1.0649,2,0.4579
"Sub033_ToD_Online","YA","Morning",1,"cow1_tr.png",-22,338,-0.082929909,0.205258729,4.8007,284,0.126977589,0.18134279,"Bckg113.jpg",352,24,38,1,1,1,2,352,172,11,137,352,"cow1_tr.png",1,35,35,5.5412,1,1.7582,2,0.784
"Sub033_ToD_Online","YA","Morning",1,"dress1_tr.png",87,87,0.221075278,0.011586064,3.5343,284,NA,NA,"Bckg96.jpg",83,51,68,2,1,1,80,83,239,71,9,83,"dress1_tr.png",1,71,71,0.518,1,1.7349,2,0.5011
"Sub033_ToD_Online","YA","Morning",1,"fantacan1_tr.png",118,118,0.195465764,-0.10393099,2.5154,284,-0.153782546,-0.159246488,"Bckg86.jpg",126,84,9,1,1,1,37,126,32,278,53,126,"fantacan1_tr.png",1,224,224,4.2817,1,1.5157,2,0.9683
"Sub033_ToD_Online","YA","Morning",1,"fireextinguisher1_tr.png",288,288,-0.210543627,0.068409771,2.8842,284,-0.210543627,0.068409771,"Bckg88.jpg",294,85,55,2,1,1,42,294,212,94,215,294,"fireextinguisher1_tr.png",1,288,288,4.7082,1,1.7068,1,0.9272
"Sub033_ToD_Online","YA","Morning",1,"hairdryer1_tr.png",52,52,NA,NA,0.9343,284,0.185663775,0.120571465,"Bckg79.jpg",63,73,45,2,1,1,79,63,52,27,90,63,"hairdryer1_tr.png",1,57,57,2.2842,1,1.7514,1,0.6014
"Sub033_ToD_Online","YA","Morning",1,"hotdog1_tr.png",509,149,0.114018444,-0.189758557,4.0686,284,0.172043539,-0.139318111,"Bckg126.jpg",152,42,15,1,1,1,24,152,327,275,320,152,"hotdog1_tr.png",1,129,129,4.5344,1,1.7832,2,0.4679
"Sub033_ToD_Online","YA","Morning",1,"iceskates1_tr.png",192,192,-0.046027214,-0.216541015,3.9856,284,-0.057297016,-0.213835375,"Bckg27.jpg",186,64,16,1,1,1,18,186,280,131,293,186,"iceskates1_tr.png",1,195,195,3.3676,1,3.8028,1,0.8676
"Sub033_ToD_Online","YA","Morning",1,"jackolantern1_tr.png",65,65,0.200637213,0.093558669,2.867,284,0.18773976,0.117312822,"Bckg21.jpg",51,93,120,3,1,1,120,51,161,66,118,51,"jackolantern1_tr.png",1,58,58,2.3346,1,1.5173,1,0.6516
"Sub033_ToD_Online","YA","Morning",1,"kite1_tr.png",181,181,-0.003863591,-0.221344953,4.1166,284,-0.011586064,-0.221075278,"Bckg128.jpg",181,115,63,2,1,1,46,181,59,221,177,181,"kite1_tr.png",1,183,183,2.4547,1,1.8669,1,0.7181
"Sub033_ToD_Online","YA","Morning",1,"lei1_tr.png",60,60,0.191719552,0.110689335,2.9675,284,0.183531235,0.123793381,"Bckg119.jpg",49,5,76,2,1,1,61,49,174,32,226,49,"lei1_tr.png",1,56,56,1.9445,1,1.3649,1,1.7343
"Sub033_ToD_Online","YA","Morning",1,"paintpalette1_tr.png",251,251,-0.209317645,-0.072073845,2.2179,284,NA,NA,"Bckg56.jpg",259,16,51,2,1,1,43,259,311,154,192,259,"paintpalette1_tr.png",1,154,154,1.7804,1,4.4144,1,0.925
"Sub033_ToD_Online","YA","Morning",1,"pan1_tr.png",145,145,0.126977589,-0.18134279,2.5415,284,0.174448773,-0.136294319,"Bckg58.jpg",133,116,99,3,1,1,95,133,89,30,229,133,"pan1_tr.png",1,128,128,2.8165,1,1.195,1,0.6846
"Sub033_ToD_Online","YA","Morning",1,"penguin1_tr.png",77,77,0.215704749,0.049799365,5.0161,284,NA,NA,"Bckg114.jpg",71,7,77,2,1,1,71,71,333,350,66,71,"penguin1_tr.png",1,350,350,2.6923,1,3.2547,2,1.0602
"Sub033_ToD_Online","YA","Morning",1,"pickle1_tr.png",159,159,0.07933502,-0.206674793,2.715,284,0.068409771,-0.210543627,"Bckg66.jpg",150,83,88,3,1,1,101,150,65,78,256,150,"pickle1_tr.png",1,162,162,2.6472,1,1.3155,1,0.6046
"Sub033_ToD_Online","YA","Morning",1,"pin1_tr.png",294,294,-0.202239478,0.090042817,1.8843,284,-0.075715964,-0.208027903,"Bckg59.jpg",300,82,100,3,1,1,118,300,260,88,40,300,"pin1_tr.png",1,200,200,3.2472,1,1.2735,1,0.5481
"Sub033_ToD_Online","YA","Morning",1,"pizza1_tr.png",39,39,0.139318111,0.172043539,3.0005,284,0.107326509,0.193622148,"Bckg83.jpg",31,80,108,3,1,1,104,31,153,237,175,31,"pizza1_tr.png",1,29,29,4.5792,1,0.9124,1,0.5422
"Sub033_ToD_Online","YA","Morning",1,"podium1_tr.png",-11,349,-0.042241042,0.21731132,2.8084,284,-0.053556347,0.214802777,"Bckg75.jpg",356,113,44,2,1,1,56,356,73,322,182,356,"podium1_tr.png",1,346,346,2.7681,1,2.511,1,0.8747
"Sub033_ToD_Online","YA","Morning",1,"popcorn1_tr.png",141,141,0.139318111,-0.172043539,2.4849,284,0.082929909,-0.205258729,"Bckg76.jpg",144,15,104,3,1,1,88,144,211,30,310,144,"popcorn1_tr.png",1,158,158,3.8839,1,1.5677,1,0.5188
"Sub033_ToD_Online","YA","Morning",1,"potatochips1_tr.png",368,8,0.030809956,0.219224228,4.4755,284,0.090042817,0.202239478,"Bckg124.jpg",13,81,119,3,1,1,107,13,164,112,355,13,"potatochips1_tr.png",1,24,24,3.7824,1,1.7312,1,0.7341
"Sub033_ToD_Online","YA","Morning",1,"present1_tr.png",185,185,-0.019294422,-0.220536257,3.9671,284,0.038442003,-0.218015431,"Bckg121.jpg",184,46,42,2,1,1,52,184,45,118,188,184,"present1_tr.png",1,170,170,2.224,1,1.5507,1,0.6178
"Sub033_ToD_Online","YA","Morning",1,"qtips1_tr.png",169,169,0.042241042,-0.21731132,2.6495,284,0.07933502,-0.206674793,"Bckg129.jpg",171,92,79,2,1,1,75,171,235,155,124,171,"qtips1_tr.png",1,159,159,1.604,1,1.5812,1,0.7855
"Sub033_ToD_Online","YA","Morning",1,"ricecooker1_tr.png",370,10,0.038442003,0.218015431,4.4008,284,-0.220536257,-0.019294422,"Bckg102.jpg",14,19,109,3,1,1,87,14,178,267,92,14,"ricecooker1_tr.png",1,265,265,1.9009,1,1.7011,2,0.4579
"Sub033_ToD_Online","YA","Morning",1,"rollingpin1_tr.png",-130,230,-0.1695859,-0.142299466,3.5428,284,NA,NA,"Bckg69.jpg",228,89,52,2,1,1,73,228,12,120,126,228,"rollingpin1_tr.png",1,120,120,0.6045,1,1.3815,2,0.5516
"Sub033_ToD_Online","YA","Morning",1,"rubikscube1_tr.png",106,106,0.212802836,-0.061020231,3.3848,284,NA,NA,"Bckg122.jpg",113,105,41,2,1,1,50,113,4,222,200,113,"rubikscube1_tr.png",1,222,222,0.9677,1,1.5648,2,0.3746
"Sub033_ToD_Online","YA","Morning",1,"scrabble1_tr.png",24,24,0.090042817,0.202239478,4.2531,284,NA,NA,"Bckg91.jpg",15,39,98,3,1,1,91,15,152,156,110,15,"scrabble1_tr.png",1,156,156,1.2678,1,1.5584,1,0.6419
"Sub033_ToD_Online","YA","Morning",1,"sink1_tr.png",171,171,0.034631254,-0.218653131,2.9338,284,-0.064724859,-0.211705475,"Bckg32.jpg",178,112,89,3,1,1,114,178,267,137,336,178,"sink1_tr.png",1,197,197,3.1831,1,1.2651,1,0.6513
"Sub033_ToD_Online","YA","Morning",1,"sippycup1_tr.png",120,120,0.191719552,-0.110689335,3.0176,284,NA,NA,"Bckg105.jpg",107,106,113,3,1,1,84,107,24,15,204,107,"sippycup1_tr.png",1,15,15,0.4258,1,1.4087,2,0.418
"Sub033_ToD_Online","YA","Morning",1,"skippingrope1_tr.png",65,65,0.200637213,0.093558669,1.8318,284,0.057297016,-0.213835375,"Bckg7.jpg",60,45,18,1,1,1,32,60,87,213,277,60,"skippingrope1_tr.png",1,165,165,3.1176,1,1.3631,2,0.9012
"Sub033_ToD_Online","YA","Morning",1,"slide1_tr.png",44,44,0.153782546,0.159246488,1.8842,284,0.197249839,0.100503813,"Bckg94.jpg",44,44,64,2,1,1,72,44,4,217,28,44,"slide1_tr.png",1,423,63,5.6006,1,2.1302,1,1.8498
"Sub033_ToD_Online","YA","Morning",1,"telephonebooth1_tr.png",206,206,-0.097046021,-0.198973831,4.1015,284,NA,NA,"Bckg107.jpg",214,63,67,2,1,1,64,214,64,281,300,214,"telephonebooth1_tr.png",1,281,281,1.1084,1,1.3171,2,0.8906
"Sub033_ToD_Online","YA","Morning",1,"toad1_tr.png",382,22,0.082929909,0.205258729,2.6009,284,NA,NA,"Bckg65.jpg",25,27,101,3,1,1,110,25,278,24,220,25,"toad1_tr.png",1,24,24,0.5596,1,1.5179,2,0.6008
"Sub033_ToD_Online","YA","Morning",1,"towels1_tr.png",198,198,-0.068409771,-0.210543627,2.4345,284,-0.07933502,-0.206674793,"Bckg115.jpg",193,37,106,3,1,1,116,193,106,21,53,193,"towels1_tr.png",1,201,201,4.0842,1,1.3506,1,0.5507
"Sub033_ToD_Online","YA","Morning",1,"tractor1_tr.png",-50,310,-0.1695859,0.142299466,3.8337,284,NA,NA,"Bckg63.jpg",316,86,110,3,1,1,92,316,132,20,87,316,"tractor1_tr.png",1,20,20,0.4237,1,1.9286,2,0.9843
"Sub033_ToD_Online","YA","Morning",1,"trumpet1_tr.png",349,349,-0.042241042,0.21731132,3.1841,284,0.093558669,-0.200637213,"Bckg130.jpg",355,58,19,1,1,1,3,355,313,133,32,355,"trumpet1_tr.png",1,155,155,3.9843,1,1.6168,2,0.9344
"Sub033_ToD_Online","YA","Morning",1,"watch1_tr.png",131,131,0.167076603,-0.145237475,2.3462,284,0.139318111,-0.172043539,"Bckg117.jpg",119,43,53,2,1,1,45,119,181,237,158,119,"watch1_tr.png",1,141,141,3.5288,1,1.3504,1,0.4824
"Sub033_ToD_Online","YA","Morning",1,"wheelchair1_tr.png",170,170,0.038442003,-0.218015431,2.2175,284,NA,NA,"Bckg80.jpg",171,52,90,3,1,1,99,171,180,294,263,171,"wheelchair1_tr.png",1,294,294,0.4006,1,1.3339,2,0.4009
"Sub033_ToD_Online","YA","Morning",1,"wisk1_tr.png",-48,312,-0.164516413,0.148131244,5.0342,284,NA,NA,"Bckg95.jpg",315,23,23,1,1,1,4,315,150,163,135,315,"wisk1_tr.png",1,163,163,0.8986,1,1.727,2,0.6851
"Sub034_ToD_Online","YA","Morning",1,"abacus1_tr.png",299,299,-0.2066452,0.114545305,3.2345,241,-0.200367162,0.125203299,"Bckg135.jpg",299,41,36,1,1,1,16,299,113,108,23,299,"abacus1_tr.png",1,302,302,6.4663,1,1.9662,2,1.0023
"Sub034_ToD_Online","YA","Morning",1,"airfreshener1_tr.png",370,10,0.041027617,0.232679179,4.9176,241,0.036960557,0.233359771,"Bckg42.jpg",2,91,87,3,1,1,109,2,156,345,88,2,"airfreshener1_tr.png",1,369,9,2.0036,1,1.1686,1,0.7682
"Sub034_ToD_Online","YA","Morning",1,"bandaid1_tr.png",-123,237,-0.198151546,-0.128681119,5.8328,241,-0.155006168,-0.178314199,"Bckg45.jpg",246,107,40,1,1,1,13,246,143,243,11,246,"bandaid1_tr.png",1,221,221,2.4413,1,2.0511,1,0.8936
"Sub034_ToD_Online","YA","Morning",1,"basket1_tr.png",132,132,0.17558181,-0.158094572,3.6786,241,0.145461493,-0.186182221,"Bckg24.jpg",110,8,66,2,1,1,77,110,14,332,96,110,"basket1_tr.png",1,502,142,3.8505,1,1.1375,1,0.8005
"Sub034_ToD_Online","YA","Morning",1,"bathingsuit1_tr.png",295,295,-0.214132099,0.099851438,2.0661,241,-0.214132099,0.099851438,"Bckg19.jpg",288,65,2,1,1,1,35,288,311,51,176,288,"bathingsuit1_tr.png",1,295,295,5.8326,1,1.5714,1,1.9332
"Sub034_ToD_Online","YA","Morning",1,"bell1_tr.png",343,343,-0.069078262,0.225944815,2.5391,241,-0.04912301,0.231105594,"Bckg36.jpg",349,78,29,1,1,1,30,349,287,282,294,349,"bell1_tr.png",1,348,348,2.9359,1,1.7191,1,1.1894
"Sub034_ToD_Online","YA","Morning",1,"bottleofwine1_tr.png",137,137,0.161134818,-0.172795937,3.3698,241,-0.188692518,0.142190011,"Bckg29.jpg",126,71,44,2,1,1,53,126,55,131,270,126,"bottleofwine1_tr.png",1,307,307,5.8292,1,2.7334,2,0.9942
"Sub034_ToD_Online","YA","Morning",1,"breakfast1_tr.png",310,310,-0.180992271,0.151870548,3.3599,241,-0.235944832,-0.012365345,"Bckg89.jpg",300,3,113,3,1,1,83,300,348,149,173,300,"breakfast1_tr.png",1,267,267,3.8926,1,3.2679,1,0.4724
"Sub034_ToD_Online","YA","Morning",1,"cabinet1_tr.png",359,359,-0.004123456,0.236232645,2.8305,241,-4.34018e-17,0.23626863,"Bckg13.jpg",355,110,80,2,1,1,71,355,291,250,164,355,"cabinet1_tr.png",1,360,0,3.0499,1,1.1156,1,0.9212
"Sub034_ToD_Online","YA","Morning",1,"cakemixer1_tr.png",252,252,-0.22470482,-0.073011022,4.1048,241,-0.200367162,-0.125203299,"Bckg12.jpg",255,117,101,3,1,1,115,255,108,314,330,255,"cakemixer1_tr.png",1,238,238,3.1245,1,0.9009,2,0.5335
"Sub034_ToD_Online","YA","Morning",1,"coat1_tr.png",455,95,0.235369557,-0.020592168,5.2585,241,0.235369557,-0.020592168,"Bckg108.jpg",94,102,85,3,1,1,85,94,309,13,198,94,"coat1_tr.png",1,95,95,2.6179,1,1.1013,1,0.6182
"Sub034_ToD_Online","YA","Morning",1,"coffeemug1_tr.png",323,323,-0.142190011,0.188692518,2.2366,241,-0.210516891,0.107263713,"Bckg20.jpg",325,70,30,1,1,1,20,325,253,113,22,325,"coffeemug1_tr.png",1,297,297,5.0662,1,1.4842,1,0.8047
"Sub034_ToD_Online","YA","Morning",1,"coke1_tr.png",-31,329,-0.12168734,0.202521744,2.8509,241,-0.135518119,0.193539931,"Bckg78.jpg",322,74,107,3,1,1,94,322,31,323,307,322,"coke1_tr.png",1,325,325,2.5501,1,0.8342,1,1.334
"Sub034_ToD_Online","YA","Morning",1,"cookie1_tr.png",210,210,-0.118134315,-0.204614636,2.9614,241,-0.148688667,-0.183615212,"Bckg1.jpg",196,109,19,1,1,1,28,196,142,307,242,196,"cookie1_tr.png",1,219,219,3.261,1,1.1802,1,0.6533
"Sub034_ToD_Online","YA","Morning",1,"cow1_tr.png",362,2,0.008245656,0.236124702,5.2,241,-0.114545305,0.2066452,"Bckg113.jpg",352,24,45,2,1,1,65,352,172,11,137,352,"cow1_tr.png",1,-29,331,2.3085,1,1.2216,2,1.5061
"Sub034_ToD_Online","YA","Morning",1,"cucumber1_tr.png",88,88,0.236124702,0.008245656,5.027,241,0.236124702,-0.008245656,"Bckg92.jpg",82,87,41,2,1,1,45,82,286,332,303,82,"cucumber1_tr.png",1,452,92,3.6726,1,1.4702,1,0.7677
"Sub034_ToD_Online","YA","Morning",1,"dog1_tr.png",158,158,0.088507787,-0.219064459,4.0331,241,0.032882238,-0.23396928,"Bckg23.jpg",167,111,13,1,1,1,6,167,16,26,214,167,"dog1_tr.png",1,172,172,4.9689,1,2.9887,1,2.9658
"Sub034_ToD_Online","YA","Morning",1,"dress1_tr.png",83,83,0.234507519,0.028793903,5.1332,241,0.236232645,-0.004123456,"Bckg96.jpg",83,51,95,3,1,1,81,83,239,71,9,83,"dress1_tr.png",1,91,91,3.2364,1,1.0678,1,0.5339
"Sub034_ToD_Online","YA","Morning",1,"encyclopedia1_tr.png",293,293,-0.217486421,0.092317508,3.4469,241,-0.191145337,0.138875216,"Bckg72.jpg",286,11,74,2,1,1,78,286,151,110,236,286,"encyclopedia1_tr.png",1,306,306,4.4827,1,2.099,1,0.848
"Sub034_ToD_Online","YA","Morning",1,"fantacan1_tr.png",132,132,0.17558181,-0.158094572,5.1051,241,0.23396928,-0.032882238,"Bckg86.jpg",126,84,99,3,1,1,116,126,32,278,53,126,"fantacan1_tr.png",1,458,98,4.2934,1,1.051,2,0.5014
"Sub034_ToD_Online","YA","Morning",1,"goggle1_tr.png",33,33,0.128681119,0.198151546,4.766,241,0.151870548,0.180992271,"Bckg120.jpg",25,96,52,2,1,1,52,25,157,292,131,25,"goggle1_tr.png",1,400,40,2.834,1,1.1797,1,0.4881
"Sub034_ToD_Online","YA","Morning",1,"hammer1_tr.png",245,245,-0.214132099,-0.099851438,3.0122,241,-0.16706715,-0.16706715,"Bckg138.jpg",237,118,71,2,1,1,73,237,139,321,245,237,"hammer1_tr.png",1,225,225,2.7874,1,1.049,1,0.5006
"Sub034_ToD_Online","YA","Morning",1,"handsoap1_tr.png",450,90,0.23626863,5.78691e-17,4.3354,241,0.236232645,0.004123456,"Bckg73.jpg",74,57,42,2,1,1,47,74,352,41,5,74,"handsoap1_tr.png",1,89,89,2.2494,1,1.1528,1,0.4247
"Sub034_ToD_Online","YA","Morning",1,"highheel1_tr.png",128,128,0.186182221,-0.145461493,2.3028,241,0.158094572,-0.17558181,"Bckg57.jpg",128,77,54,2,1,1,69,128,108,34,194,128,"highheel1_tr.png",1,138,138,3.2785,1,2.1746,1,0.4363
"Sub034_ToD_Online","YA","Morning",1,"iceskates1_tr.png",170,170,0.041027617,-0.232679179,4.0337,241,0.020592168,-0.235369557,"Bckg27.jpg",186,64,61,2,1,1,64,186,280,131,293,186,"iceskates1_tr.png",1,175,175,2.9943,1,1.2208,1,0.6967
"Sub034_ToD_Online","YA","Morning",1,"jackolantern1_tr.png",53,53,0.188692518,0.142190011,4.9225,241,0.169957429,0.164125982,"Bckg21.jpg",51,93,56,2,1,1,44,51,161,66,118,51,"jackolantern1_tr.png",1,46,46,2.2302,1,1.0384,1,1.2552
"Sub034_ToD_Online","YA","Morning",1,"jellybeans1_tr.png",221,221,-0.155006168,-0.178314199,6.2672,241,-0.164125982,-0.169957429,"Bckg46.jpg",235,49,91,3,1,1,120,235,347,110,157,235,"jellybeans1_tr.png",1,224,224,5.1993,1,1.1174,2,0.6671
"Sub034_ToD_Online","YA","Morning",1,"kite1_tr.png",177,177,0.012365345,-0.235944832,3.6044,241,0.012365345,-0.235944832,"Bckg128.jpg",181,115,89,3,1,1,106,181,59,221,177,181,"kite1_tr.png",1,177,177,3.2678,1,1.3732,1,0.601
"Sub034_ToD_Online","YA","Morning",1,"motorcycle1_tr.png",272,272,-0.236124702,0.008245656,4.8755,241,-0.235369557,0.020592168,"Bckg100.jpg",260,4,110,3,1,1,104,260,342,17,98,260,"motorcycle1_tr.png",1,-85,275,3.8169,1,1.5042,1,0.6513
"Sub034_ToD_Online","YA","Morning",1,"mouthwash1_tr.png",-7,353,-0.028793903,0.234507519,4.1097,241,-0.10357335,0.212356838,"Bckg109.jpg",352,100,20,1,1,1,18,352,115,250,226,352,"mouthwash1_tr.png",1,334,334,2.98,1,5.2992,1,4.4388
"Sub034_ToD_Online","YA","Morning",1,"partyhats1_tr.png",43,43,0.161134818,0.172795937,4.8395,241,0.12168734,0.202521744,"Bckg110.jpg",52,18,98,3,1,1,100,52,175,231,196,52,"partyhats1_tr.png",1,391,31,3.8008,1,1.0936,1,0.2214
"Sub034_ToD_Online","YA","Morning",1,"pickle1_tr.png",149,149,0.12168734,-0.202521744,3.7958,241,0.125203299,-0.200367162,"Bckg66.jpg",150,83,35,1,1,1,8,150,65,78,256,150,"pickle1_tr.png",1,148,148,3.9989,1,1.4626,1,0.7208
"Sub034_ToD_Online","YA","Morning",1,"pin1_tr.png",292,292,-0.219064459,0.088507787,2.1342,241,-0.195875571,0.132119741,"Bckg59.jpg",300,82,77,2,1,1,67,300,260,88,40,300,"pin1_tr.png",1,304,304,5.0633,1,0.9965,2,0.6999
"Sub034_ToD_Online","YA","Morning",1,"pinecone1_tr.png",168,168,0.04912301,-0.231105594,2.967,241,0.061150821,-0.228217972,"Bckg10.jpg",167,55,96,3,1,1,103,167,204,167,102,167,"pinecone1_tr.png",1,165,165,5.5899,1,0.9259,2,0.9566
"Sub034_ToD_Online","YA","Morning",1,"pokerchips1_tr.png",25,25,0.099851438,0.214132099,3.0405,241,0.092317508,0.217486421,"Bckg127.jpg",11,88,90,3,1,1,98,11,51,229,63,11,"pokerchips1_tr.png",1,23,23,5.4723,1,1.1015,1,0.9428
"Sub034_ToD_Online","YA","Morning",1,"popcorn1_tr.png",147,147,0.128681119,-0.198151546,4.9167,241,0.06512446,-0.227115984,"Bckg76.jpg",144,15,94,3,1,1,95,144,211,30,310,144,"popcorn1_tr.png",1,164,164,3.668,1,1.2008,1,0.6586
"Sub034_ToD_Online","YA","Morning",1,"potatochips1_tr.png",16,16,0.06512446,0.227115984,5.0139,241,0.145461493,0.186182221,"Bckg124.jpg",13,81,31,1,1,1,10,13,164,112,355,13,"potatochips1_tr.png",1,38,38,3.4875,1,1.5246,1,0.5722
"Sub034_ToD_Online","YA","Morning",1,"present1_tr.png",185,185,-0.020592168,-0.235369557,7.257,241,0.158094572,-0.17558181,"Bckg121.jpg",184,46,8,1,1,1,7,184,45,118,188,184,"present1_tr.png",1,138,138,3.0137,1,1.4625,2,0.765
"Sub034_ToD_Online","YA","Morning",1,"radish1_tr.png",223,223,-0.161134818,-0.172795937,3.0507,241,-0.158094572,-0.17558181,"Bckg112.jpg",221,14,102,3,1,1,92,221,203,64,59,221,"radish1_tr.png",1,222,222,4.7389,1,0.8182,1,1.2208
"Sub034_ToD_Online","YA","Morning",1,"ricecooker1_tr.png",28,28,0.110921403,0.208612818,3.9136,241,0.155006168,-0.178314199,"Bckg102.jpg",14,19,14,1,1,1,11,14,178,267,92,14,"ricecooker1_tr.png",1,139,139,4.2248,1,1.6178,2,1.5081
"Sub034_ToD_Online","YA","Morning",1,"rubikscube1_tr.png",120,120,0.204614636,-0.118134315,3.0194,241,-0.096099109,0.215842134,"Bckg122.jpg",113,105,25,1,1,1,21,113,4,222,200,113,"rubikscube1_tr.png",1,336,336,5.5485,1,2.0696,2,0.9147
"Sub034_ToD_Online","YA","Morning",1,"scrabble1_tr.png",20,20,0.080808631,0.222019888,3.6329,241,0.10357335,0.212356838,"Bckg91.jpg",15,39,22,1,1,1,33,15,152,156,110,15,"scrabble1_tr.png",1,26,26,3.7681,1,1.2252,1,0.5702
"Sub034_ToD_Online","YA","Morning",1,"seashell1_tr.png",198,198,-0.073011022,-0.22470482,2.5015,241,-0.088507787,-0.219064459,"Bckg8.jpg",205,13,117,3,1,1,90,205,224,134,59,205,"seashell1_tr.png",1,202,202,3.1422,1,0.9672,1,1.317
"Sub034_ToD_Online","YA","Morning",1,"silvertray1_tr.png",295,295,-0.214132099,0.099851438,2.6007,241,-0.172795937,0.161134818,"Bckg64.jpg",288,6,59,2,1,1,59,288,241,343,248,288,"silvertray1_tr.png",1,313,313,1.9447,1,1.1272,2,2.69
"Sub034_ToD_Online","YA","Morning",1,"skippingrope1_tr.png",61,61,0.2066452,0.114545305,2.2851,241,0.210516891,0.107263713,"Bckg7.jpg",60,45,1,1,1,1,3,60,87,213,277,60,"skippingrope1_tr.png",1,63,63,4.7634,1,1.233,1,0.4699
"Sub034_ToD_Online","YA","Morning",1,"steeringwheel1_tr.png",236,236,-0.195875571,-0.132119741,2.8323,241,-0.16706715,-0.16706715,"Bckg62.jpg",229,90,10,1,1,1,36,229,132,225,181,229,"steeringwheel1_tr.png",1,225,225,1.7744,1,1.2768,1,0.8852
"Sub034_ToD_Online","YA","Morning",1,"stoplights1_tr.png",224,224,-0.164125982,-0.169957429,3.0136,241,-0.132119741,-0.195875571,"Bckg53.jpg",219,60,24,1,1,1,37,219,214,124,240,219,"stoplights1_tr.png",1,214,214,3.5068,1,1.3508,1,0.4511
"Sub034_ToD_Online","YA","Morning",1,"sunglasses1_tr.png",383,23,0.092317508,0.217486421,3.7885,241,0.12168734,0.202521744,"Bckg11.jpg",27,29,86,3,1,1,84,27,287,111,147,27,"sunglasses1_tr.png",1,31,31,3.0902,1,2.9558,1,0.4713
"Sub034_ToD_Online","YA","Morning",1,"tennisball1_tr.png",378,18,0.073011022,0.22470482,5.0558,241,0.10357335,0.212356838,"Bckg125.jpg",15,31,60,2,1,1,42,15,270,276,311,15,"tennisball1_tr.png",1,386,26,3.5256,1,1.1044,2,1.2405
"Sub034_ToD_Online","YA","Morning",1,"tissuebox1_tr.png",5,5,0.020592168,0.235369557,2.6176,241,-0.041027617,0.232679179,"Bckg98.jpg",1,12,50,2,1,1,60,1,95,272,311,1,"tissuebox1_tr.png",1,350,350,2.6142,1,1.1337,1,0.5683
"Sub034_ToD_Online","YA","Morning",1,"toad1_tr.png",396,36,0.138875216,0.191145337,6.4607,241,0.158094572,0.17558181,"Bckg65.jpg",25,27,115,3,1,1,114,25,278,24,220,25,"toad1_tr.png",1,42,42,2.1173,1,0.918,2,1.7248
"Sub034_ToD_Online","YA","Morning",1,"train1_tr.png",131,131,0.178314199,-0.155006168,1.851,241,0.16706715,-0.16706715,"Bckg61.jpg",127,104,9,1,1,1,39,127,71,191,165,127,"train1_tr.png",1,135,135,3.3539,1,0.9558,1,0.7132
"Sub034_ToD_Online","YA","Morning",1,"trumpet1_tr.png",349,349,-0.04508218,0.23192771,4.1168,241,0.004123456,0.236232645,"Bckg130.jpg",355,58,119,3,1,1,112,355,313,133,32,355,"trumpet1_tr.png",1,1,1,5.2681,1,1.2679,1,1.6879
"Sub034_ToD_Online","YA","Morning",1,"turtle1_tr.png",223,223,-0.161134818,-0.172795937,2.871,241,-0.151870548,-0.180992271,"Bckg44.jpg",223,61,43,2,1,1,41,223,185,158,305,223,"turtle1_tr.png",1,220,220,3.7783,1,1.0385,1,0.7817
"Sub034_ToD_Online","YA","Morning",1,"umbrella1_tr.png",136,136,0.164125982,-0.169957429,5.5671,241,0.132119741,-0.195875571,"Bckg50.jpg",134,101,64,2,1,1,57,134,64,344,85,134,"umbrella1_tr.png",1,506,146,3.7698,1,1.0462,1,0.4036
"Sub034_ToD_Online","YA","Morning",1,"valentinesdaycard1_tr.png",338,338,-0.088507787,0.219064459,3.9013,241,-0.114545305,0.2066452,"Bckg111.jpg",338,26,83,3,1,1,88,338,234,203,108,338,"valentinesdaycard1_tr.png",1,331,331,3.717,1,0.9373,1,0.8836
"Sub034_ToD_Online","YA","Morning",1,"wheelchair1_tr.png",172,172,0.032882238,-0.23396928,1.7721,241,0.041027617,-0.232679179,"Bckg80.jpg",171,52,15,1,1,1,31,171,180,294,263,171,"wheelchair1_tr.png",1,170,170,4.9004,1,1.4004,1,0.9576
"Sub034_ToD_Online","YA","Morning",1,"wreath1_tr.png",215,215,-0.135518119,-0.193539931,3.8707,241,-0.161134818,-0.172795937,"Bckg71.jpg",229,98,55,2,1,1,61,229,357,97,101,229,"wreath1_tr.png",1,223,223,3.9073,1,1.2727,1,0.7211
"Sub035_ToD_Online","YA","Morning",1,"abacus1_tr.png",-57,303,-0.184561913,0.119855908,3.932,203,-0.168579455,-0.141454959,"Bckg135.jpg",299,41,98,3,1,1,118,299,113,108,23,299,"abacus1_tr.png",1,230,230,4.3912,1,3.3911,1,1.1325
"Sub035_ToD_Online","YA","Morning",1,"apple1_tr.png",495,135,0.155609348,-0.155609348,3.6538,203,0.129350873,-0.178036204,"Bckg81.jpg",114,62,52,2,1,1,71,114,347,32,264,114,"apple1_tr.png",1,144,144,5.1507,1,0.9633,1,0.6333
"Sub035_ToD_Online","YA","Morning",1,"bagel1_tr.png",245,245,-0.199446487,-0.093003424,3.6688,203,-0.173413468,-0.13548545,"Bckg43.jpg",246,20,33,1,1,1,7,246,243,284,250,246,"bagel1_tr.png",1,232,232,6.2362,1,1.0901,1,1.084
"Sub035_ToD_Online","YA","Morning",1,"basket1_tr.png",130,130,0.168579455,-0.141454959,3.4406,203,0.060658093,-0.211539911,"Bckg24.jpg",110,8,59,2,1,1,64,110,14,332,96,110,"basket1_tr.png",1,524,164,4.5895,1,1.767,2,0.867
"Sub035_ToD_Online","YA","Morning",1,"bathingsuit1_tr.png",297,297,-0.196079217,0.099907351,2.0533,203,-0.212566322,-0.056956974,"Bckg19.jpg",288,65,93,3,1,1,90,288,311,51,176,288,"bathingsuit1_tr.png",1,255,255,4.6637,1,1.5743,2,0.5344
"Sub035_ToD_Online","YA","Morning",1,"bbqmachine1_tr.png",145,145,0.126224012,-0.180266572,4.8678,203,0.182442029,-0.123058702,"Bckg48.jpg",172,40,19,1,1,1,17,172,331,332,338,172,"bbqmachine1_tr.png",1,484,124,4.9382,1,3.403,2,0.9498
"Sub035_ToD_Online","YA","Morning",1,"bike1_tr.png",131,131,0.166085051,-0.144375532,2.8913,203,-0.171022509,-0.138491297,"Bckg39.jpg",135,2,106,3,1,1,96,135,209,107,240,135,"bike1_tr.png",1,231,231,3.658,1,0.9581,1,0.7597
"Sub035_ToD_Online","YA","Morning",1,"binder1_tr.png",76,76,0.213527983,0.053238506,4.4319,203,0.213527983,0.053238506,"Bckg82.jpg",91,21,26,1,1,1,13,91,236,320,312,91,"binder1_tr.png",1,436,76,6.2402,1,1.9203,1,1.014
"Sub035_ToD_Online","YA","Morning",1,"bottleofwine1_tr.png",135,135,0.155609348,-0.155609348,2.3851,203,NA,NA,"Bckg29.jpg",126,71,91,3,1,1,102,126,55,131,270,126,"bottleofwine1_tr.png",1,131,131,1.5868,1,1.2842,1,0.9201
"Sub035_ToD_Online","YA","Morning",1,"bow1_tr.png",519,159,0.078864189,-0.205448237,7.8055,203,0.064340735,-0.210449063,"Bckg54.jpg",172,67,39,1,1,1,32,172,311,5,258,172,"bow1_tr.png",1,163,163,5.0775,1,1.5669,1,1.2164
"Sub035_ToD_Online","YA","Morning",1,"boxinggloves1_tr.png",255,255,-0.212566322,-0.056956974,6.4286,203,-0.188632393,0.113341777,"Bckg131.jpg",276,95,4,1,1,1,34,276,159,125,149,276,"boxinggloves1_tr.png",1,301,301,7.4665,1,1.3428,1,1.149
"Sub035_ToD_Online","YA","Morning",1,"cabinet1_tr.png",391,31,0.113341777,0.188632393,2.7225,203,-0.060658093,0.211539911,"Bckg13.jpg",355,110,69,2,1,1,63,355,291,250,164,355,"cabinet1_tr.png",1,344,344,3.8306,1,1.3468,1,0.8859
"Sub035_ToD_Online","YA","Morning",1,"christmasstocking1_tr.png",152,152,0.103314189,-0.19430573,4.1415,203,0.116616603,-0.186625577,"Bckg136.jpg",165,50,49,2,1,1,41,165,322,246,121,165,"christmasstocking1_tr.png",1,148,148,3.6508,1,0.9887,1,1.0791
"Sub035_ToD_Online","YA","Morning",1,"coat1_tr.png",455,95,0.219227437,-0.019179915,3.8127,203,0.126224012,-0.180266572,"Bckg108.jpg",94,102,74,2,1,1,80,94,309,13,198,94,"coat1_tr.png",1,145,145,3.1978,1,0.8644,1,0.883
"Sub035_ToD_Online","YA","Morning",1,"cookie1_tr.png",144,144,0.129350873,-0.178036204,5.7696,203,-0.113341777,-0.188632393,"Bckg1.jpg",196,109,78,2,1,1,67,196,142,307,242,196,"cookie1_tr.png",1,211,211,3.4609,1,1.2597,1,0.651
"Sub035_ToD_Online","YA","Morning",1,"cow1_tr.png",-22,338,-0.082437744,0.204040576,4.3645,203,0.132438333,0.175751604,"Bckg113.jpg",352,24,92,3,1,1,103,352,172,11,137,352,"cow1_tr.png",1,37,37,3.4497,1,1.1211,1,1.2314
"Sub035_ToD_Online","YA","Morning",1,"cucumber1_tr.png",430,70,0.206793316,0.075266612,5.3599,203,0.21672157,0.03821386,"Bckg92.jpg",82,87,23,1,1,1,30,82,286,332,303,82,"cucumber1_tr.png",1,440,80,4.0041,1,3.0654,1,1.4001
"Sub035_ToD_Online","YA","Morning",1,"goggle1_tr.png",51,51,0.171022509,0.138491297,4.1501,203,0.186625577,0.116616603,"Bckg120.jpg",25,96,27,1,1,1,39,25,157,292,131,25,"goggle1_tr.png",1,418,58,5.2411,1,1.4045,1,0.695
"Sub035_ToD_Online","YA","Morning",1,"grater1_tr.png",215,215,-0.126224012,-0.180266572,2.3833,203,-0.160945243,-0.150083867,"Bckg118.jpg",227,108,18,1,1,1,11,227,183,311,225,227,"grater1_tr.png",1,227,227,4.3703,1,1.4082,1,0.7116
"Sub035_ToD_Online","YA","Morning",1,"hairdryer1_tr.png",60,60,0.190581751,0.110032425,2.0158,203,0.166085051,0.144375532,"Bckg79.jpg",63,73,5,1,1,1,36,63,52,27,90,63,"hairdryer1_tr.png",1,49,49,3.4657,1,1.1638,1,0.8338
"Sub035_ToD_Online","YA","Morning",1,"hammer1_tr.png",225,225,-0.155609348,-0.155609348,4.1107,203,0.199446487,0.093003424,"Bckg138.jpg",237,118,107,3,1,1,95,237,139,321,245,237,"hammer1_tr.png",1,425,65,3.5144,1,1.6606,2,0.7677
"Sub035_ToD_Online","YA","Morning",1,"handbag1_tr.png",429,69,0.205448237,0.078864189,3.7717,203,0.219930792,-0.007680153,"Bckg97.jpg",66,94,108,3,1,1,87,66,275,244,269,66,"handbag1_tr.png",1,92,92,4.283,1,1.1533,1,1.1674
"Sub035_ToD_Online","YA","Morning",1,"handsoap1_tr.png",440,80,0.21672157,0.03821386,2.7985,203,0.220031333,0.003840661,"Bckg73.jpg",74,57,53,2,1,1,61,74,352,41,5,74,"handsoap1_tr.png",1,89,89,2.314,1,1.2969,1,0.7861
"Sub035_ToD_Online","YA","Morning",1,"hotdog1_tr.png",515,155,0.093003424,-0.199446487,4.2547,203,0.085986187,-0.202570762,"Bckg126.jpg",152,42,68,2,1,1,73,152,327,275,320,152,"hotdog1_tr.png",1,157,157,3.9354,1,2.6827,2,1.0424
"Sub035_ToD_Online","YA","Morning",1,"jackolantern1_tr.png",65,65,0.199446487,0.093003424,4.1645,203,NA,NA,"Bckg21.jpg",51,93,94,3,1,1,83,51,161,66,118,51,"jackolantern1_tr.png",1,66,66,1.5421,1,1.0502,1,1.0978
"Sub035_ToD_Online","YA","Morning",1,"jellybeans1_tr.png",239,239,-0.188632393,-0.113341777,3.7492,203,-0.158301405,-0.15286989,"Bckg46.jpg",235,49,6,1,1,1,3,235,347,110,157,235,"jellybeans1_tr.png",1,226,226,4.8596,1,1.2169,1,1.1298
"Sub035_ToD_Online","YA","Morning",1,"lemon1_tr.png",379,19,0.071646107,0.208075404,4.1743,203,0.126224012,0.180266572,"Bckg99.jpg",20,66,105,3,1,1,116,20,265,285,180,20,"lemon1_tr.png",1,395,35,4.577,1,1.1616,1,0.6931
"Sub035_ToD_Online","YA","Morning",1,"motorcycle1_tr.png",260,260,-0.21672157,-0.03821386,2.9541,203,-0.208075404,-0.071646107,"Bckg100.jpg",260,4,46,2,1,1,57,260,342,17,98,260,"motorcycle1_tr.png",1,-109,251,4.9634,1,1.1767,2,1.0326
"Sub035_ToD_Online","YA","Morning",1,"mouthwash1_tr.png",-23,337,-0.085986187,0.202570762,3.7805,203,-0.15286989,0.158301405,"Bckg109.jpg",352,100,80,2,1,1,54,352,115,250,226,352,"mouthwash1_tr.png",1,316,316,5.1798,1,0.9849,1,1.092
"Sub035_ToD_Online","YA","Morning",1,"paintpalette1_tr.png",277,277,-0.21842452,0.026819159,1.9676,203,-0.206793316,-0.075266612,"Bckg56.jpg",259,16,2,1,1,1,37,259,311,154,192,259,"paintpalette1_tr.png",1,250,250,4.3427,1,1.014,1,0.6848
"Sub035_ToD_Online","YA","Morning",1,"pan1_tr.png",133,133,0.160945243,-0.150083867,2.2297,203,0.129350873,0.178036204,"Bckg58.jpg",133,116,10,1,1,1,29,133,89,30,229,133,"pan1_tr.png",1,36,36,3.1562,1,2.9653,2,0.9852
"Sub035_ToD_Online","YA","Morning",1,"partyhats1_tr.png",45,45,0.155609348,0.155609348,4.7699,203,0.160945243,0.150083867,"Bckg110.jpg",52,18,88,3,1,1,105,52,175,231,196,52,"partyhats1_tr.png",1,407,47,4.0727,1,1.0561,1,0.6539
"Sub035_ToD_Online","YA","Morning",1,"pickle1_tr.png",143,143,0.132438333,-0.175751604,3.0702,203,0.21672157,0.03821386,"Bckg66.jpg",150,83,75,2,1,1,66,150,65,78,256,150,"pickle1_tr.png",1,80,80,2.9822,1,1.4331,2,0.7189
"Sub035_ToD_Online","YA","Morning",1,"pin1_tr.png",292,292,-0.204040576,0.082437744,5.112,203,-0.173413468,0.13548545,"Bckg59.jpg",300,82,28,1,1,1,12,300,260,88,40,300,"pin1_tr.png",1,-52,308,4.3455,1,1.3056,1,0.801
"Sub035_ToD_Online","YA","Morning",1,"pizza1_tr.png",43,43,0.150083867,0.160945243,4.8292,203,0.132438333,0.175751604,"Bckg83.jpg",31,80,16,1,1,1,16,31,153,237,175,31,"pizza1_tr.png",1,397,37,5.0617,1,1.6516,2,1.0381
"Sub035_ToD_Online","YA","Morning",1,"potatochips1_tr.png",20,20,0.075266612,0.206793316,3.6481,203,-0.178036204,0.129350873,"Bckg124.jpg",13,81,90,3,1,1,107,13,164,112,355,13,"potatochips1_tr.png",1,-54,306,7.7466,1,1.0574,2,0.6517
"Sub035_ToD_Online","YA","Morning",1,"radish1_tr.png",233,233,-0.175751604,-0.132438333,3.3016,203,-0.173413468,-0.13548545,"Bckg112.jpg",221,14,110,3,1,1,113,221,203,64,59,221,"radish1_tr.png",1,232,232,4.3009,1,0.8782,1,0.9185
"Sub035_ToD_Online","YA","Morning",1,"ricecooker1_tr.png",400,40,0.141454959,0.168579455,4.7085,203,0.171022509,0.138491297,"Bckg102.jpg",14,19,120,3,1,1,81,14,178,267,92,14,"ricecooker1_tr.png",1,411,51,5.8524,1,0.8538,1,0.9202
"Sub035_ToD_Online","YA","Morning",1,"rubikscube1_tr.png",128,128,0.173413468,-0.13548545,3.1991,203,0.197792977,-0.096470081,"Bckg122.jpg",113,105,96,3,1,1,108,113,4,222,200,113,"rubikscube1_tr.png",1,116,116,3.9633,1,0.8677,1,0.8806
"Sub035_ToD_Online","YA","Morning",1,"scarf1_tr.png",291,291,-0.205448237,0.078864189,3.3993,203,-0.219528783,0.015350948,"Bckg51.jpg",276,59,109,3,1,1,117,276,231,56,236,276,"scarf1_tr.png",1,-86,274,3.9968,1,1.9796,1,0.9325
"Sub035_ToD_Online","YA","Morning",1,"silvertray1_tr.png",289,289,-0.208075404,0.071646107,2.4682,203,-0.071646107,0.208075404,"Bckg64.jpg",288,6,9,1,1,1,9,288,241,343,248,288,"silvertray1_tr.png",1,341,341,3.3249,1,2.3606,2,1.3982
"Sub035_ToD_Online","YA","Morning",1,"sink1_tr.png",163,163,0.064340735,-0.210449063,3.2787,203,0.034425727,-0.217355487,"Bckg32.jpg",178,112,66,2,1,1,77,178,267,137,336,178,"sink1_tr.png",1,171,171,3.0775,1,1.0986,1,0.8186
"Sub035_ToD_Online","YA","Morning",1,"starfish1_tr.png",77,77,0.214424602,0.04950382,4.3085,203,0.219227437,0.019179915,"Bckg106.jpg",77,54,119,3,1,1,84,77,197,61,78,77,"starfish1_tr.png",1,85,85,2.1386,1,1.8403,1,0.8032
"Sub035_ToD_Online","YA","Morning",1,"sunglasses1_tr.png",389,29,0.106689556,0.192473055,5.3516,203,-0.175751604,0.132438333,"Bckg11.jpg",27,29,57,2,1,1,60,27,287,111,147,27,"sunglasses1_tr.png",1,307,307,5.6982,1,1.699,1,0.8687
"Sub035_ToD_Online","YA","Morning",1,"telephonebooth1_tr.png",216,216,-0.129350873,-0.178036204,5.2854,203,-0.119855908,-0.184561913,"Bckg107.jpg",214,63,97,3,1,1,91,214,64,281,300,214,"telephonebooth1_tr.png",1,213,213,2.8308,1,0.8779,1,0.785
"Sub035_ToD_Online","YA","Morning",1,"towels1_tr.png",202,202,-0.082437744,-0.204040576,4.0338,203,-0.132438333,-0.175751604,"Bckg115.jpg",193,37,7,1,1,1,15,193,106,21,53,193,"towels1_tr.png",1,-143,217,4.7328,1,1.7011,1,1.3919
"Sub035_ToD_Online","YA","Morning",1,"tractor1_tr.png",-36,324,-0.129350873,0.178036204,4.1736,203,-0.163540055,0.147252127,"Bckg63.jpg",316,86,83,3,1,1,100,316,132,20,87,316,"tractor1_tr.png",1,-48,312,3.3486,1,4.4862,2,0.5686
"Sub035_ToD_Online","YA","Morning",1,"trumpet1_tr.png",349,349,-0.041990353,0.216021639,3.1469,203,-0.003840661,0.220031333,"Bckg130.jpg",355,58,24,1,1,1,25,355,313,133,32,355,"trumpet1_tr.png",1,-1,359,5.5911,1,2.0148,1,0.7351
"Sub035_ToD_Online","YA","Morning",1,"vacuum1_tr.png",125,125,0.180266572,-0.126224012,6.1285,203,0.182442029,-0.123058702,"Bckg60.jpg",108,97,71,2,1,1,45,108,327,356,335,108,"vacuum1_tr.png",1,484,124,3.5484,1,1.4106,1,1.0616
"Sub035_ToD_Online","YA","Morning",1,"waterfilter1_tr.png",116,116,0.197792977,-0.096470081,6.9167,203,0.178036204,0.129350873,"Bckg123.jpg",115,56,41,2,1,1,68,115,280,232,286,115,"waterfilter1_tr.png",1,414,54,6.3081,1,2.82,1,1.1961
"Sub035_ToD_Online","YA","Morning",1,"wisk1_tr.png",-42,318,-0.147252127,0.163540055,5.0852,203,0.126224012,-0.180266572,"Bckg95.jpg",315,23,77,2,1,1,50,315,150,163,135,315,"wisk1_tr.png",1,145,145,2.9934,1,2.0455,2,1.0693
"Sub035_ToD_Online","YA","Morning",1,"woodenbox1_tr.png",343,343,-0.064340735,0.210449063,4.8756,203,-0.144375532,0.166085051,"Bckg9.jpg",346,69,51,2,1,1,70,346,209,115,175,346,"woodenbox1_tr.png",1,-41,319,6.6556,1,1.7705,2,0.9061
"Sub036_ToD_Online","YA","Morning",1,"abacus1_tr.png",-65,295,-0.204010934,0.095131861,4.5824,260,-0.216381123,0.062046289,"Bckg135.jpg",299,41,86,3,1,1,94,299,113,108,23,299,"abacus1_tr.png",1,-74,286,11.099,1,1.112,1,0.4322
"Sub036_ToD_Online","YA","Morning",1,"asparagus1_tr.png",264,264,-0.223868032,-0.023529478,4.8473,260,-0.224792667,-0.011780884,"Bckg134.jpg",263,47,11,1,1,1,1,263,290,137,190,263,"asparagus1_tr.png",1,-93,267,9.6667,1,2.2514,1,1.0172
"Sub036_ToD_Online","YA","Morning",1,"banana1_tr.png",413,53,0.17977378,0.13546926,5.6013,260,0.167282762,0.150622076,"Bckg93.jpg",44,114,68,2,1,1,48,44,233,78,338,44,"banana1_tr.png",1,48,48,7.9836,1,2.4076,1,1.0594
"Sub036_ToD_Online","YA","Morning",1,"basket1_tr.png",114,114,0.205640142,-0.09155689,4.4982,260,-0.125874971,-0.186617319,"Bckg24.jpg",110,8,45,2,1,1,76,110,14,332,96,110,"basket1_tr.png",1,214,214,3.8967,1,13.9004,1,1.0005
"Sub036_ToD_Online","YA","Morning",1,"bathingsuit1_tr.png",287,287,-0.21526531,0.06581321,2.6689,260,0.196877911,-0.109131208,"Bckg19.jpg",288,65,61,2,1,1,53,288,311,51,176,288,"bathingsuit1_tr.png",1,119,119,5.7146,1,1.6204,2,0.9875
"Sub036_ToD_Online","YA","Morning",1,"bed1_tr.png",230,230,-0.172437493,-0.144692237,5.2897,260,-0.153518622,-0.164628567,"Bckg77.jpg",245,120,17,1,1,1,27,245,138,143,160,245,"bed1_tr.png",1,223,223,6.002,1,1.2944,1,1.1758
"Sub036_ToD_Online","YA","Morning",1,"bell1_tr.png",339,339,-0.080669041,0.210150037,4.2001,260,-0.11255058,-0.194943323,"Bckg36.jpg",349,78,39,1,1,1,12,349,287,282,294,349,"bell1_tr.png",1,210,210,5.1851,1,6.6507,1,1.1696
"Sub036_ToD_Online","YA","Morning",1,"bowls1_tr.png",68,68,0.208710161,0.084324379,6.1156,260,-0.196877911,0.109131208,"Bckg103.jpg",76,79,35,1,1,1,22,76,238,207,139,76,"bowls1_tr.png",1,299,299,9.1004,1,3.102,2,1.167
"Sub036_ToD_Online","YA","Morning",1,"breakfast1_tr.png",306,306,-0.182110664,0.132311142,5.5514,260,0.219331832,0.050636743,"Bckg89.jpg",300,3,22,1,1,1,6,300,348,149,173,300,"breakfast1_tr.png",1,77,77,4.4841,1,1.7672,1,1.8189
"Sub036_ToD_Online","YA","Morning",1,"coat1_tr.png",457,97,0.22342329,-0.027432931,6.0851,260,0.225066876,0.003928557,"Bckg108.jpg",94,102,20,1,1,1,16,94,309,13,198,94,"coat1_tr.png",1,89,89,4.1016,1,4.0018,1,2.3516
"Sub036_ToD_Online","YA","Morning",1,"coffeemug1_tr.png",319,319,-0.147679648,0.169886002,7.9854,260,0.217431024,0.058260467,"Bckg20.jpg",325,70,29,1,1,1,15,325,253,113,22,325,"coffeemug1_tr.png",1,75,75,3.6516,1,1.6011,1,1.1187
"Sub036_ToD_Online","YA","Morning",1,"coke1_tr.png",-49,311,-0.169886002,0.147679648,4.2683,260,0.210150037,0.080669041,"Bckg78.jpg",322,74,43,2,1,1,51,322,31,323,307,322,"coke1_tr.png",1,429,69,5.5495,1,2.8343,2,1.5403
"Sub036_ToD_Online","YA","Morning",1,"cow1_tr.png",358,358,-0.007855917,0.224964034,8.0423,260,NA,NA,"Bckg113.jpg",352,24,92,3,1,1,89,352,172,11,137,352,"cow1_tr.png",1,11,11,1.4156,1,1.1654,1,1.1181
"Sub036_ToD_Online","YA","Morning",1,"crayon1_tr.png",280,280,-0.221681368,0.039088406,8.2631,260,-0.224964034,-0.007855917,"Bckg87.jpg",267,33,38,1,1,1,26,267,220,22,283,267,"crayon1_tr.png",1,-92,268,5.0176,1,2.3682,1,1.134
"Sub036_ToD_Online","YA","Morning",1,"cucumber1_tr.png",454,94,0.224552825,-0.015702263,5.7016,260,0.221681368,-0.039088406,"Bckg92.jpg",82,87,72,2,1,1,54,82,286,332,303,82,"cucumber1_tr.png",1,460,100,4.5251,1,2.1991,1,0.8653
"Sub036_ToD_Online","YA","Morning",1,"dress1_tr.png",97,97,0.22342329,-0.027432931,5.273,260,0.224792667,-0.011780884,"Bckg96.jpg",83,51,2,1,1,1,34,83,239,71,9,83,"dress1_tr.png",1,93,93,5.3009,1,3.5184,1,1.4681
"Sub036_ToD_Online","YA","Morning",1,"encyclopedia1_tr.png",299,299,-0.196877911,0.109131208,6.9162,260,-0.216381123,0.062046289,"Bckg72.jpg",286,11,42,2,1,1,78,286,151,110,236,286,"encyclopedia1_tr.png",1,-74,286,4.9498,1,1.5721,1,0.7514
"Sub036_ToD_Online","YA","Morning",1,"fireextinguisher1_tr.png",304,304,-0.186617319,0.125874971,5.3668,260,-0.216381123,-0.062046289,"Bckg88.jpg",294,85,98,3,1,1,120,294,212,94,215,294,"fireextinguisher1_tr.png",1,-106,254,6.4983,1,1.101,1,0.8917
"Sub036_ToD_Online","YA","Morning",1,"grater1_tr.png",225,225,-0.159170557,-0.159170557,5.3177,260,-0.159170557,-0.159170557,"Bckg118.jpg",227,108,62,2,1,1,67,227,183,311,225,227,"grater1_tr.png",1,225,225,4.2181,1,3.1303,2,1.0101
"Sub036_ToD_Online","YA","Morning",1,"jellybeans1_tr.png",223,223,-0.153518622,-0.164628567,4.014,260,-0.218414694,0.054456899,"Bckg46.jpg",235,49,87,3,1,1,87,235,347,110,157,235,"jellybeans1_tr.png",1,-76,284,6.3716,1,1.1046,1,0.7448
"Sub036_ToD_Online","YA","Morning",1,"kite1_tr.png",181,181,-0.003928557,-0.225066876,5.3181,260,-0.003928557,-0.225066876,"Bckg128.jpg",181,115,59,2,1,1,41,181,59,221,177,181,"kite1_tr.png",1,181,181,6.7894,1,1.5873,2,0.8531
"Sub036_ToD_Online","YA","Morning",1,"lei1_tr.png",46,46,0.161924223,0.156368405,4.5831,260,-0.224964034,0.007855917,"Bckg119.jpg",49,5,79,2,1,1,43,49,174,32,226,49,"lei1_tr.png",1,-88,272,4.8163,1,1.8985,1,0.8463
"Sub036_ToD_Online","YA","Morning",1,"lipstick1_tr.png",464,104,0.218414694,-0.054456899,4.9396,260,0.20720671,-0.08795403,"Bckg22.jpg",106,22,96,3,1,1,103,106,284,129,228,106,"lipstick1_tr.png",1,113,113,4.1809,1,1.3144,1,0.6844
"Sub036_ToD_Online","YA","Morning",1,"loaf1_tr.png",461,101,0.220965418,-0.042951326,3.3835,260,NA,NA,"Bckg90.jpg",101,25,104,3,1,1,101,101,357,138,325,101,"loaf1_tr.png",1,138,138,1.155,1,1.069,1,0.7183
"Sub036_ToD_Online","YA","Morning",1,"mouthwash1_tr.png",-39,321,-0.14166075,0.174936457,6.0521,260,-0.156368405,0.161924223,"Bckg109.jpg",352,100,100,3,1,1,93,352,115,250,226,352,"mouthwash1_tr.png",1,316,316,3.858,1,1.6253,1,1.0753
"Sub036_ToD_Online","YA","Morning",1,"penguin1_tr.png",437,77,0.219331832,0.050636743,4.9013,260,0.09155689,-0.205640142,"Bckg114.jpg",71,7,70,2,1,1,44,71,333,350,66,71,"penguin1_tr.png",1,516,156,5.3516,1,2.1664,1,1.0302
"Sub036_ToD_Online","YA","Morning",1,"pizza1_tr.png",35,35,0.129112721,0.184392075,3.7145,260,0.222329791,0.03521358,"Bckg83.jpg",31,80,118,3,1,1,91,31,153,237,175,31,"pizza1_tr.png",1,81,81,7.113,1,1.1149,1,1.1059
"Sub036_ToD_Online","YA","Morning",1,"rollingpin1_tr.png",-138,222,-0.150622076,-0.167282762,6.168,260,-0.138586112,-0.177382135,"Bckg69.jpg",228,89,21,1,1,1,5,228,12,120,126,228,"rollingpin1_tr.png",1,218,218,6.3681,1,1.8519,1,0.985
"Sub036_ToD_Online","YA","Morning",1,"rubikscube1_tr.png",128,128,0.177382135,-0.138586112,4.5505,260,-0.205640142,-0.09155689,"Bckg122.jpg",113,105,110,3,1,1,85,113,4,222,200,113,"rubikscube1_tr.png",1,246,246,6.8968,1,0.9713,2,0.7406
"Sub036_ToD_Online","YA","Morning",1,"sippycup1_tr.png",112,112,0.208710161,-0.084324379,5.2349,260,0.184392075,-0.129112721,"Bckg105.jpg",107,106,73,2,1,1,47,107,24,15,204,107,"sippycup1_tr.png",1,125,125,4.4392,1,2.0819,1,1.2682
"Sub036_ToD_Online","YA","Morning",1,"skippingrope1_tr.png",49,49,0.169886002,0.147679648,3.2939,260,NA,NA,"Bckg7.jpg",60,45,114,3,1,1,109,60,87,213,277,60,"skippingrope1_tr.png",1,213,213,1.6678,1,1.8848,2,1.1415
"Sub036_ToD_Online","YA","Morning",1,"starfish1_tr.png",59,59,0.192949354,0.115935668,6.4868,260,-0.21526531,-0.06581321,"Bckg106.jpg",77,54,19,1,1,1,25,77,197,61,78,77,"starfish1_tr.png",1,-107,253,5.7667,1,1.5356,2,2.201
"Sub036_ToD_Online","YA","Morning",1,"streamer1_tr.png",-49,311,-0.169886002,0.147679648,6.2495,260,-0.224964034,-0.007855917,"Bckg4.jpg",338,35,46,2,1,1,79,338,69,290,195,338,"streamer1_tr.png",1,268,268,7.3362,1,1.4998,1,0.9223
"Sub036_ToD_Online","YA","Morning",1,"sunglasses1_tr.png",403,43,0.153518622,0.164628567,6.0481,260,0.212837328,-0.073285769,"Bckg11.jpg",27,29,51,2,1,1,60,27,287,111,147,27,"sunglasses1_tr.png",1,109,109,4.3871,1,2.6324,2,1.1107
"Sub036_ToD_Online","YA","Morning",1,"toad1_tr.png",388,28,0.105678593,0.198752527,5.3663,260,0.161924223,0.156368405,"Bckg65.jpg",25,27,60,2,1,1,62,25,278,24,220,25,"toad1_tr.png",1,46,46,4.7356,1,1.6098,1,0.9747
"Sub036_ToD_Online","YA","Morning",1,"towels1_tr.png",212,212,-0.119285441,-0.19089661,4.3254,260,0.21526531,-0.06581321,"Bckg115.jpg",193,37,93,3,1,1,117,193,106,21,53,193,"towels1_tr.png",1,107,107,3.2013,1,0.87,1,0.6486
"Sub036_ToD_Online","YA","Morning",1,"trophy1_tr.png",72,72,0.214083925,0.069560084,2.0664,260,0.177382135,-0.138586112,"Bckg68.jpg",75,99,49,2,1,1,74,75,66,178,228,75,"trophy1_tr.png",1,128,128,3.4305,1,7.6398,2,0.9358
"Sub036_ToD_Online","YA","Morning",1,"umbrella1_tr.png",126,126,0.182110664,-0.132311142,3.6833,260,0.125874971,-0.186617319,"Bckg50.jpg",134,101,16,1,1,1,11,134,64,344,85,134,"umbrella1_tr.png",1,506,146,7.3221,1,2.2252,1,2.1628
"Sub036_ToD_Online","YA","Morning",1,"valentinesdaycard1_tr.png",332,332,-0.105678593,0.198752527,4.1331,260,-0.13546926,-0.17977378,"Bckg111.jpg",338,26,31,1,1,1,30,338,234,203,108,338,"valentinesdaycard1_tr.png",1,217,217,4.0503,1,1.9019,2,1.1025
"Sub036_ToD_Online","YA","Morning",1,"wheelchair1_tr.png",164,164,0.062046289,-0.216381123,2.2003,260,-0.098677854,-0.202319582,"Bckg80.jpg",171,52,83,3,1,1,86,171,180,294,263,171,"wheelchair1_tr.png",1,206,206,4.7996,1,3.1383,1,1.3486
"Sub037_ToD_Online","YA","Morning",1,"abacus1_tr.png",-37,323,-0.07933122,0.105276085,2.7539,117,-0.091569825,0.094823329,"Bckg135.jpg",299,41,88,3,1,1,92,299,113,108,23,299,"abacus1_tr.png",1,-44,316,3.218,1,0.7504,1,0.5636
"Sub037_ToD_Online","YA","Morning",1,"bandaid1_tr.png",245,245,-0.119469438,-0.055709514,2.6795,117,-0.099485772,-0.086481662,"Bckg45.jpg",246,107,61,2,1,1,76,246,143,243,11,246,"bandaid1_tr.png",1,229,229,0.9863,1,0.9526,1,0.385
"Sub037_ToD_Online","YA","Morning",1,"bathingsuit1_tr.png",287,287,-0.126060036,0.038540421,1.4952,117,-0.117452427,0.059845,"Bckg19.jpg",288,65,40,1,1,1,11,288,311,51,176,288,"bathingsuit1_tr.png",1,-63,297,2.6778,1,1.4765,1,0.5814
"Sub037_ToD_Online","YA","Morning",1,"bed1_tr.png",242,242,-0.116390099,-0.061885713,2.8704,117,-0.102443334,-0.082956976,"Bckg77.jpg",245,120,100,3,1,1,113,245,138,143,160,245,"bed1_tr.png",1,231,231,3.0279,1,0.809,1,0.6271
"Sub037_ToD_Online","YA","Morning",1,"bell1_tr.png",339,339,-0.047240042,0.123064516,2.5606,117,NA,NA,"Bckg36.jpg",349,78,99,3,1,1,95,349,287,282,294,349,"bell1_tr.png",1,282,282,0.583,1,2.6089,2,0.734
"Sub037_ToD_Online","YA","Morning",1,"bird1_tr.png",38,38,0.081156459,0.10387553,3.7228,117,0.089900983,0.096407001,"Bckg2.jpg",39,72,111,3,1,1,99,39,118,137,33,39,"bird1_tr.png",1,43,43,3.8541,1,1.0193,1,0.4693
"Sub037_ToD_Online","YA","Morning",1,"bowlingpin1_tr.png",287,287,-0.126060036,0.038540421,3.0259,117,-0.086481662,0.099485772,"Bckg34.jpg",301,48,34,1,1,1,3,301,219,51,324,301,"bowlingpin1_tr.png",1,-41,319,2.4725,1,0.7132,1,0.5942
"Sub037_ToD_Online","YA","Morning",1,"bowls1_tr.png",424,64,0.118478977,0.057786058,3.3354,117,NA,NA,"Bckg103.jpg",76,79,69,2,1,1,49,76,238,207,139,76,"bowls1_tr.png",1,207,207,0.7812,1,1.2697,2,0.5172
"Sub037_ToD_Online","YA","Morning",1,"breakfast1_tr.png",348,348,NA,NA,3.7151,117,-0.042916375,0.124638202,"Bckg89.jpg",300,3,37,1,1,1,23,300,348,149,173,300,"breakfast1_tr.png",1,-19,341,3.7464,1,2.6513,1,0.6465
"Sub037_ToD_Online","YA","Morning",1,"christmasstocking1_tr.png",500,140,0.084732224,-0.100979933,3.6402,117,0.045085075,-0.123870225,"Bckg136.jpg",165,50,19,1,1,1,5,165,322,246,121,165,"christmasstocking1_tr.png",1,160,160,3.1403,1,1.2481,1,0.5547
"Sub037_ToD_Online","YA","Morning",1,"coffeemug1_tr.png",317,317,-0.089900983,0.096407001,37.2499,117,NA,NA,"Bckg20.jpg",325,70,32,1,1,1,26,325,253,113,22,325,"coffeemug1_tr.png",1,113,113,0.6293,1,1.7661,2,0.7203
"Sub037_ToD_Online","YA","Morning",1,"dress1_tr.png",103,103,0.128441403,-0.029653034,3.3936,117,0.128441403,0.029653034,"Bckg96.jpg",83,51,5,1,1,1,32,83,239,71,9,83,"dress1_tr.png",1,77,77,1.8658,1,1.1481,2,0.7494
"Sub037_ToD_Online","YA","Morning",1,"encyclopedia1_tr.png",269,269,-0.131799863,-0.002300575,3.3571,117,-0.126713459,0.0363345,"Bckg72.jpg",286,11,20,1,1,1,28,286,151,110,236,286,"encyclopedia1_tr.png",1,-74,286,3.82,1,0.9134,1,0.8291
"Sub037_ToD_Online","YA","Morning",1,"fantacan1_tr.png",118,118,0.116390099,-0.061885713,1.9295,117,0.116390099,-0.061885713,"Bckg86.jpg",126,84,15,1,1,1,30,126,32,278,53,126,"fantacan1_tr.png",1,478,118,4.2181,1,1.5315,1,0.4345
"Sub037_ToD_Online","YA","Morning",1,"fireextinguisher1_tr.png",282,282,-0.128939358,0.027406907,2.0804,117,0.131097817,-0.013778936,"Bckg88.jpg",294,85,72,2,1,1,77,294,212,94,215,294,"fireextinguisher1_tr.png",1,96,96,1.9206,1,1.3302,2,0.7011
"Sub037_ToD_Online","YA","Morning",1,"granola1_tr.png",206,206,-0.057786058,-0.118478977,2.4161,117,NA,NA,"Bckg49.jpg",191,103,79,2,1,1,57,191,262,206,48,191,"granola1_tr.png",1,206,206,0.615,1,1.4139,2,0.8363
"Sub037_ToD_Online","YA","Morning",1,"hammer1_tr.png",231,231,-0.102443334,-0.082956976,3.006,117,-0.082956976,-0.102443334,"Bckg138.jpg",237,118,109,3,1,1,84,237,139,321,245,237,"hammer1_tr.png",1,219,219,2.3703,1,0.6994,1,0.3977
"Sub037_ToD_Online","YA","Morning",1,"kite1_tr.png",179,179,0.002300575,-0.131799863,1.9763,117,-0.002300575,-0.131799863,"Bckg128.jpg",181,115,29,1,1,1,40,181,59,221,177,181,"kite1_tr.png",1,181,181,2.427,1,1.0735,1,0.6033
"Sub037_ToD_Online","YA","Morning",1,"lei1_tr.png",66,66,0.120423507,0.053616,2.9984,117,0.081156459,0.10387553,"Bckg119.jpg",49,5,73,2,1,1,58,49,174,32,226,49,"lei1_tr.png",1,38,38,1.1664,1,1.5206,1,0.6042
"Sub037_ToD_Online","YA","Morning",1,"lipstick1_tr.png",462,102,0.128939358,-0.027406907,3.6928,117,0.126060036,-0.038540421,"Bckg22.jpg",106,22,41,2,1,1,66,106,284,129,228,106,"lipstick1_tr.png",1,107,107,2.1752,1,1.2185,1,0.5695
"Sub037_ToD_Online","YA","Morning",1,"motorcycle1_tr.png",264,264,-0.131097817,-0.013778936,2.3161,117,-0.124638202,-0.042916375,"Bckg100.jpg",260,4,66,2,1,1,45,260,342,17,98,260,"motorcycle1_tr.png",1,-109,251,3.3079,1,0.8029,1,0.5679
"Sub037_ToD_Online","YA","Morning",1,"mouthwash1_tr.png",-1,359,-0.002300575,0.131799863,3.6171,117,-0.013778936,0.131097817,"Bckg109.jpg",352,100,36,1,1,1,22,352,115,250,226,352,"mouthwash1_tr.png",1,354,354,2.9049,1,1.089,1,0.6825
"Sub037_ToD_Online","YA","Morning",1,"oven1_tr.png",477,117,0.117452427,-0.059845,3.739,117,0.115292317,-0.063907575,"Bckg55.jpg",111,9,81,3,1,1,86,111,305,27,70,111,"oven1_tr.png",1,119,119,2.4691,1,0.9356,1,0.4032
"Sub037_ToD_Online","YA","Morning",1,"pan1_tr.png",117,117,0.117452427,-0.059845,1.4976,117,NA,NA,"Bckg58.jpg",133,116,102,3,1,1,108,133,89,30,229,133,"pan1_tr.png",1,30,30,0.5798,1,1.4866,2,0.6018
"Sub037_ToD_Online","YA","Morning",1,"partyhats1_tr.png",53,53,0.105276085,0.07933122,3.7197,117,0.107980573,0.075608811,"Bckg110.jpg",52,18,55,2,1,1,80,52,175,231,196,52,"partyhats1_tr.png",1,55,55,4.1715,1,0.9251,1,0.6701
"Sub037_ToD_Online","YA","Morning",1,"penguin1_tr.png",409,49,0.099485772,0.086481662,2.0659,117,0.097961306,0.088204756,"Bckg114.jpg",71,7,117,3,1,1,114,71,333,350,66,71,"penguin1_tr.png",1,408,48,1.8933,1,0.669,1,0.6018
"Sub037_ToD_Online","YA","Morning",1,"pickle1_tr.png",139,139,0.086481662,-0.099485772,2.1691,117,0.120423507,-0.053616,"Bckg66.jpg",150,83,44,2,1,1,67,150,65,78,256,150,"pickle1_tr.png",1,114,114,1.6353,1,1.1839,1,0.4362
"Sub037_ToD_Online","YA","Morning",1,"pin1_tr.png",290,290,-0.123870225,0.045085075,3.3336,117,-0.094823329,0.091569825,"Bckg59.jpg",300,82,30,1,1,1,13,300,260,88,40,300,"pin1_tr.png",1,-46,314,3.0516,1,0.9744,1,0.3462
"Sub037_ToD_Online","YA","Morning",1,"pizza1_tr.png",37,37,0.07933122,0.105276085,2.9704,117,-0.105276085,0.07933122,"Bckg83.jpg",31,80,120,3,1,1,100,31,153,237,175,31,"pizza1_tr.png",1,307,307,2.942,1,1.1175,1,0.5017
"Sub037_ToD_Online","YA","Morning",1,"radish1_tr.png",225,225,-0.093210773,-0.093210773,3.3709,117,-0.091569825,-0.094823329,"Bckg112.jpg",221,14,103,3,1,1,89,221,203,64,59,221,"radish1_tr.png",1,-136,224,4.271,1,0.9684,1,0.435
"Sub037_ToD_Online","YA","Morning",1,"ricecooker1_tr.png",34,34,0.073712775,0.109283683,3.22,117,0.075608811,0.107980573,"Bckg102.jpg",14,19,110,3,1,1,102,14,178,267,92,14,"ricecooker1_tr.png",1,395,35,2.9217,1,1.0854,1,0.4838
"Sub037_ToD_Online","YA","Morning",1,"rollingpin1_tr.png",-132,228,-0.097961306,-0.088204756,3.4366,117,NA,NA,"Bckg69.jpg",228,89,48,2,1,1,63,228,12,120,126,228,"rollingpin1_tr.png",1,120,120,0.6733,1,1.1025,2,0.3859
"Sub037_ToD_Online","YA","Morning",1,"rubikscube1_tr.png",116,116,0.118478977,-0.057786058,2.7446,117,0.097961306,-0.088204756,"Bckg122.jpg",113,105,84,3,1,1,81,113,4,222,200,113,"rubikscube1_tr.png",1,132,132,3.7063,1,2.7644,1,1.2369
"Sub037_ToD_Online","YA","Morning",1,"seashell1_tr.png",224,224,NA,NA,0.6186,117,NA,NA,"Bckg8.jpg",205,13,106,3,1,1,88,205,224,134,59,205,"seashell1_tr.png",1,134,134,1.0188,1,1.937,2,0.4462
"Sub037_ToD_Online","YA","Morning",1,"silvertray1_tr.png",295,295,-0.119469438,0.055709514,2.3883,117,NA,NA,"Bckg64.jpg",288,6,92,3,1,1,115,288,241,343,248,288,"silvertray1_tr.png",1,343,343,0.9755,1,1.3877,2,0.8114
"Sub037_ToD_Online","YA","Morning",1,"spoon1_tr.png",509,149,0.067892288,-0.112991742,3.4315,117,0.07933122,-0.105276085,"Bckg67.jpg",161,10,33,1,1,1,6,161,301,195,183,161,"spoon1_tr.png",1,143,143,3.0384,1,1.3205,1,0.5981
"Sub037_ToD_Online","YA","Morning",1,"sunglasses1_tr.png",381,21,0.047240042,0.123064516,2.4361,117,0.075608811,0.107980573,"Bckg11.jpg",27,29,24,1,1,1,39,27,287,111,147,27,"sunglasses1_tr.png",1,35,35,4.2432,1,2.0045,1,0.8566
"Sub037_ToD_Online","YA","Morning",1,"telephonebooth1_tr.png",204,204,-0.053616,-0.120423507,3.206,117,-0.128441403,-0.029653034,"Bckg107.jpg",214,63,51,2,1,1,50,214,64,281,300,214,"telephonebooth1_tr.png",1,257,257,1.8203,1,0.8193,1,0.5369
"Sub037_ToD_Online","YA","Morning",1,"train1_tr.png",107,107,0.126060036,-0.038540421,0.7368,117,0.112991742,-0.067892288,"Bckg61.jpg",127,104,35,1,1,1,38,127,71,191,165,127,"train1_tr.png",1,121,121,2.4585,1,0.8582,1,0.5059
"Sub037_ToD_Online","YA","Morning",1,"turtle1_tr.png",219,219,-0.082956976,-0.102443334,2.8036,117,-0.081156459,-0.10387553,"Bckg44.jpg",223,61,52,2,1,1,68,223,185,158,305,223,"turtle1_tr.png",1,218,218,2.4943,1,1.0887,1,0.418
"Sub037_ToD_Online","YA","Morning",1,"umbrella1_tr.png",138,138,0.088204756,-0.097961306,1.1851,117,0.118478977,-0.057786058,"Bckg50.jpg",134,101,45,2,1,1,79,134,64,344,85,134,"umbrella1_tr.png",1,476,116,3.2533,1,1.1029,1,0.4524
"Sub037_ToD_Online","YA","Morning",1,"vegeplatter1_tr.png",232,232,-0.10387553,-0.081156459,2.6713,117,-0.107980573,-0.075608811,"Bckg70.jpg",246,30,56,2,1,1,44,246,122,321,75,246,"vegeplatter1_tr.png",1,235,235,2.687,1,1.771,1,0.4055
"Sub037_ToD_Online","YA","Morning",1,"waterfilter1_tr.png",468,108,0.125368213,-0.040734602,3.3537,117,0.109283683,-0.073712775,"Bckg123.jpg",115,56,57,2,1,1,54,115,280,232,286,115,"waterfilter1_tr.png",1,124,124,3.4229,1,1.1856,1,0.6522
"Sub037_ToD_Online","YA","Morning",1,"wheelchair1_tr.png",148,148,0.069853926,-0.111789649,2.1331,117,0.00460045,-0.131739639,"Bckg80.jpg",171,52,71,2,1,1,51,171,180,294,263,171,"wheelchair1_tr.png",1,538,178,5.3625,1,1.8531,1,0.4631
"Sub037_ToD_Online","YA","Morning",1,"wisk1_tr.png",-28,332,-0.061885713,0.116390099,3.8849,117,-0.059845,0.117452427,"Bckg95.jpg",315,23,9,1,1,1,8,315,150,163,135,315,"wisk1_tr.png",1,-27,333,4.0444,1,0.966,1,0.4903
"Sub037_ToD_Online","YA","Morning",1,"woodenbox1_tr.png",325,325,-0.075608811,0.107980573,4.1639,117,-0.059845,0.117452427,"Bckg9.jpg",346,69,105,3,1,1,110,346,209,115,175,346,"woodenbox1_tr.png",1,-27,333,3.143,1,0.8178,1,0.5514
"Sub038_ToD_Online","YA","Morning",1,"abacus1_tr.png",-73,287,-0.21735933,0.066453416,5.416,96,-0.196839659,0.11364543,"Bckg135.jpg",299,41,1,1,1,1,21,299,113,108,23,299,"abacus1_tr.png",1,-60,300,4.377,1,1.05,1,0.586
"Sub038_ToD_Online","YA","Morning",1,"airfreshener1_tr.png",8,8,0.031632774,0.225078881,3.85,96,0.051129319,0.22146541,"Bckg42.jpg",2,91,95,3,1,1,88,2,156,345,88,2,"airfreshener1_tr.png",1,373,13,1.88,1,0.823,1,0.585
"Sub038_ToD_Online","YA","Morning",1,"apple1_tr.png",469,109,0.21490773,-0.073998666,4.068,96,0.179107642,-0.139934226,"Bckg81.jpg",114,62,37,1,1,1,4,114,347,32,264,114,"apple1_tr.png",1,128,128,3.095,1,2.552,1,0.8
"Sub038_ToD_Online","YA","Morning",1,"basket1_tr.png",118,118,0.200685918,-0.106706595,3.587,96,0.200685918,-0.106706595,"Bckg24.jpg",110,8,93,3,1,1,81,110,14,332,96,110,"basket1_tr.png",1,478,118,4.596,1,1.024,1,0.519
"Sub038_ToD_Online","YA","Morning",1,"bathroomscale1_tr.png",225,225,-0.160718908,-0.160718908,2.5,96,-0.155011994,-0.166230012,"Bckg17.jpg",226,17,84,3,1,1,103,226,235,285,318,226,"bathroomscale1_tr.png",1,223,223,2.701,1,2.963,2,0.601
"Sub038_ToD_Online","YA","Morning",1,"bbqmachine1_tr.png",161,161,0.073998666,-0.21490773,4.599,96,0.031632774,-0.225078881,"Bckg48.jpg",172,40,5,1,1,1,33,172,331,332,338,172,"bbqmachine1_tr.png",1,532,172,5.217,1,4.112,1,0.667
"Sub038_ToD_Online","YA","Morning",1,"bed1_tr.png",248,248,-0.210740416,-0.085144655,3.799,96,-0.21490773,-0.073998666,"Bckg77.jpg",245,120,116,3,1,1,86,245,138,143,160,245,"bed1_tr.png",1,251,251,4.448,1,1.097,1,0.468
"Sub038_ToD_Online","YA","Morning",1,"bike1_tr.png",137,137,0.155011994,-0.166230012,3.364,96,0.136787054,-0.181522552,"Bckg39.jpg",135,2,76,2,1,1,64,135,209,107,240,135,"bike1_tr.png",1,143,143,2.613,1,1.002,1,0.618
"Sub038_ToD_Online","YA","Morning",1,"bowls1_tr.png",440,80,0.223837801,0.039468644,5.316,96,0.226979366,0.011895485,"Bckg103.jpg",76,79,101,3,1,1,85,76,238,207,139,76,"bowls1_tr.png",1,87,87,3.834,1,1.114,1,0.456
"Sub038_ToD_Online","YA","Morning",1,"cabinet1_tr.png",353,353,-0.027699788,0.225596668,2.45,96,0.023758364,0.226045737,"Bckg13.jpg",355,110,16,1,1,1,30,355,291,250,164,355,"cabinet1_tr.png",1,366,6,3.765,1,1.265,1,1.15
"Sub038_ToD_Online","YA","Morning",1,"cakemixer1_tr.png",258,258,-0.222324009,-0.047256427,4.951,96,-0.222324009,-0.047256427,"Bckg12.jpg",255,117,119,3,1,1,107,255,108,314,330,255,"cakemixer1_tr.png",1,258,258,2.083,1,0.98,2,0.518
"Sub038_ToD_Online","YA","Morning",1,"clock1_tr.png",132,132,0.168910026,-0.152087271,1.484,96,0.143038773,-0.176638174,"Bckg137.jpg",133,76,42,2,1,1,77,133,128,1,280,133,"clock1_tr.png",1,-219,141,6.752,1,1.312,1,1.202
"Sub038_ToD_Online","YA","Morning",1,"coat1_tr.png",453,93,0.226979366,-0.011895485,3.693,96,0.22642595,-0.019809704,"Bckg108.jpg",94,102,21,1,1,1,36,94,309,13,198,94,"coat1_tr.png",1,95,95,3.951,1,3.17,1,1.221
"Sub038_ToD_Online","YA","Morning",1,"coke1_tr.png",-41,319,-0.149116221,0.17153859,3.681,96,-0.123791475,0.190622155,"Bckg78.jpg",322,74,62,2,1,1,72,322,31,323,307,322,"coke1_tr.png",1,327,327,1.632,1,1.156,1,0.552
"Sub038_ToD_Online","YA","Morning",1,"crayon1_tr.png",268,268,-0.227152401,-0.007932337,3.499,96,-0.22729086,2.78351e-17,"Bckg87.jpg",267,33,9,1,1,1,6,267,220,22,283,267,"crayon1_tr.png",1,-90,270,3.983,1,0.967,1,0.8
"Sub038_ToD_Online","YA","Morning",1,"cucumber1_tr.png",442,82,0.225078881,0.031632774,4.749,96,0.226045737,0.023758364,"Bckg92.jpg",82,87,120,3,1,1,84,82,286,332,303,82,"cucumber1_tr.png",1,444,84,3.299,1,1.031,1,0.599
"Sub038_ToD_Online","YA","Morning",1,"dress1_tr.png",95,95,0.22642595,-0.019809704,5.684,96,0.227256243,0.003966772,"Bckg96.jpg",83,51,77,2,1,1,65,83,239,71,9,83,"dress1_tr.png",1,89,89,2.984,1,1.065,1,0.765
"Sub038_ToD_Online","YA","Morning",1,"granola1_tr.png",202,202,-0.085144655,-0.210740416,3.851,96,-0.139934226,-0.179107642,"Bckg49.jpg",191,103,28,1,1,1,24,191,262,206,48,191,"granola1_tr.png",1,218,218,6.384,1,2.798,2,1.052
"Sub038_ToD_Online","YA","Morning",1,"hairdryer1_tr.png",64,64,0.204287672,0.099637755,3.119,96,0.21735933,0.066453416,"Bckg79.jpg",63,73,100,3,1,1,91,63,52,27,90,63,"hairdryer1_tr.png",1,73,73,2.946,1,1.133,1,0.434
"Sub038_ToD_Online","YA","Morning",1,"hammer1_tr.png",239,239,-0.194826293,-0.117063447,3.382,96,-0.176638174,-0.143038773,"Bckg138.jpg",237,118,91,3,1,1,95,237,139,321,245,237,"hammer1_tr.png",1,231,231,2.762,1,1.054,1,0.467
"Sub038_ToD_Online","YA","Morning",1,"handbag1_tr.png",437,77,0.22146541,0.051129319,4.385,96,0.218485998,0.062649852,"Bckg97.jpg",66,94,33,1,1,1,11,66,275,244,269,66,"handbag1_tr.png",1,434,74,5.266,1,1.648,1,0.816
"Sub038_ToD_Online","YA","Morning",1,"hat1_tr.png",233,233,-0.181522552,-0.136787054,1.614,96,-0.204287672,-0.099637755,"Bckg133.jpg",235,68,105,3,1,1,105,235,251,330,13,235,"hat1_tr.png",1,244,244,3.632,1,1.297,2,0.602
"Sub038_ToD_Online","YA","Morning",1,"hotdog1_tr.png",503,143,0.136787054,-0.181522552,5.048,96,0.143038773,-0.176638174,"Bckg126.jpg",152,42,39,1,1,1,7,152,327,275,320,152,"hotdog1_tr.png",1,141,141,4.801,1,1.915,1,1.001
"Sub038_ToD_Online","YA","Morning",1,"iceskates1_tr.png",188,188,-0.031632774,-0.225078881,4.782,96,-0.027699788,-0.225596668,"Bckg27.jpg",186,64,110,3,1,1,115,186,280,131,293,186,"iceskates1_tr.png",1,187,187,2.779,1,0.836,1,0.602
"Sub038_ToD_Online","YA","Morning",1,"jackolantern1_tr.png",51,51,0.176638174,0.143038773,4.716,96,0.1741149,0.146099749,"Bckg21.jpg",51,93,83,3,1,1,117,51,161,66,118,51,"jackolantern1_tr.png",1,50,50,1.765,1,1.645,1,0.638
"Sub038_ToD_Online","YA","Morning",1,"lemon1_tr.png",389,29,0.110192796,0.198793065,4.982,96,0.123791475,0.190622155,"Bckg99.jpg",20,66,64,2,1,1,44,20,265,285,180,20,"lemon1_tr.png",1,393,33,4.135,1,1.547,2,0.617
"Sub038_ToD_Online","YA","Morning",1,"loaf1_tr.png",465,105,0.219546112,-0.058827203,4.75,96,0.216166453,-0.070236738,"Bckg90.jpg",101,25,112,3,1,1,116,101,357,138,325,101,"loaf1_tr.png",1,108,108,2.8,1,1.219,1,0.684
"Sub038_ToD_Online","YA","Morning",1,"motorcycle1_tr.png",256,256,-0.22053935,-0.054986636,3.033,96,-0.22146541,-0.051129319,"Bckg100.jpg",260,4,109,3,1,1,113,260,342,17,98,260,"motorcycle1_tr.png",1,-103,257,3.414,1,0.823,1,0.617
"Sub038_ToD_Online","YA","Morning",1,"mouthwash1_tr.png",-13,347,-0.051129319,0.22146541,3.382,96,-0.062649852,0.218485998,"Bckg109.jpg",352,100,51,2,1,1,58,352,115,250,226,352,"mouthwash1_tr.png",1,344,344,3.766,1,1.249,1,0.485
"Sub038_ToD_Online","YA","Morning",1,"nailpolish1_tr.png",-52,308,-0.179107642,0.139934226,5.883,96,-0.183882168,0.133598215,"Bckg84.jpg",301,32,63,2,1,1,67,301,148,320,226,301,"nailpolish1_tr.png",1,306,306,2.017,1,1.038,1,0.751
"Sub038_ToD_Online","YA","Morning",1,"oven1_tr.png",467,107,0.21735933,-0.066453416,4.966,96,0.190622155,-0.123791475,"Bckg55.jpg",111,9,32,1,1,1,17,111,305,27,70,111,"oven1_tr.png",1,123,123,3.216,1,1.196,1,0.801
"Sub038_ToD_Online","YA","Morning",1,"paintpalette1_tr.png",253,253,-0.21735933,-0.066453416,5.068,96,-0.223837801,-0.039468644,"Bckg56.jpg",259,16,36,1,1,1,16,259,311,154,192,259,"paintpalette1_tr.png",1,260,260,5.451,1,1.031,1,0.601
"Sub038_ToD_Online","YA","Morning",1,"pan1_tr.png",133,133,0.166230012,-0.155011994,11.166,96,0.157889498,-0.163499362,"Bckg58.jpg",133,116,27,1,1,1,12,133,89,30,229,133,"pan1_tr.png",1,136,136,4.282,1,1.139,1,1.019
"Sub038_ToD_Online","YA","Morning",1,"pickle1_tr.png",151,151,0.110192796,-0.198793065,2.919,96,0.146099749,-0.1741149,"Bckg66.jpg",150,83,4,1,1,1,9,150,65,78,256,150,"pickle1_tr.png",1,140,140,3.251,1,1.03,1,0.634
"Sub038_ToD_Online","YA","Morning",1,"pin1_tr.png",302,302,-0.192753581,0.120445805,4.097,96,-0.192753581,0.120445805,"Bckg59.jpg",300,82,94,3,1,1,110,300,260,88,40,300,"pin1_tr.png",1,-58,302,4.117,1,0.883,1,0.385
"Sub038_ToD_Online","YA","Morning",1,"plant1_tr.png",219,219,-0.143038773,-0.176638174,3.833,96,-0.149116221,-0.17153859,"Bckg116.jpg",229,75,41,2,1,1,47,229,191,233,122,229,"plant1_tr.png",1,221,221,1.447,1,1.124,1,0.484
"Sub038_ToD_Online","YA","Morning",1,"popcorn1_tr.png",147,147,0.123791475,-0.190622155,3.199,96,0.133598215,-0.183882168,"Bckg76.jpg",144,15,111,3,1,1,90,144,211,30,310,144,"popcorn1_tr.png",1,144,144,7.333,1,1.65,2,0.635
"Sub038_ToD_Online","YA","Morning",1,"potatochips1_tr.png",26,26,0.099637755,0.204287672,6.119,96,0.054986636,0.22053935,"Bckg124.jpg",13,81,99,3,1,1,94,13,164,112,355,13,"potatochips1_tr.png",1,14,14,3.285,1,1.015,1,0.618
"Sub038_ToD_Online","YA","Morning",1,"radish1_tr.png",219,219,-0.143038773,-0.176638174,3.083,96,-0.133598215,-0.183882168,"Bckg112.jpg",221,14,30,1,1,1,23,221,203,64,59,221,"radish1_tr.png",1,-144,216,6.134,1,0.973,1,0.801
"Sub038_ToD_Online","YA","Morning",1,"ricecooker1_tr.png",26,26,0.099637755,0.204287672,5.399,96,0.143038773,0.176638174,"Bckg102.jpg",14,19,50,2,1,1,52,14,178,267,92,14,"ricecooker1_tr.png",1,399,39,4.7,1,1.364,1,0.47
"Sub038_ToD_Online","YA","Morning",1,"rollingpin1_tr.png",-136,224,-0.157889498,-0.163499362,5.533,96,-0.179107642,-0.139934226,"Bckg69.jpg",228,89,57,2,1,1,68,228,12,120,126,228,"rollingpin1_tr.png",1,232,232,3.71,1,1.156,1,0.618
"Sub038_ToD_Online","YA","Morning",1,"rubikscube1_tr.png",104,104,0.22053935,-0.054986636,3.098,96,0.216166453,-0.070236738,"Bckg122.jpg",113,105,3,1,1,1,31,113,4,222,200,113,"rubikscube1_tr.png",1,108,108,3.964,1,1.28,1,0.8
"Sub038_ToD_Online","YA","Morning",1,"seashell1_tr.png",206,206,-0.099637755,-0.204287672,2.015,96,-0.11364543,-0.196839659,"Bckg8.jpg",205,13,61,2,1,1,50,205,224,134,59,205,"seashell1_tr.png",1,210,210,3.449,1,1.379,2,1.084
"Sub038_ToD_Online","YA","Morning",1,"sink1_tr.png",171,171,0.035556124,-0.224492532,2.897,96,-0.011895485,-0.226979366,"Bckg32.jpg",178,112,118,3,1,1,97,178,267,137,336,178,"sink1_tr.png",1,183,183,2.97,1,1.764,1,0.483
"Sub038_ToD_Online","YA","Morning",1,"soccerball1_tr.png",40,40,0.146099749,0.1741149,3.332,96,0.149116221,0.17153859,"Bckg101.jpg",43,53,78,2,1,1,43,43,86,145,39,43,"soccerball1_tr.png",1,41,41,4.066,1,1.579,1,0.501
"Sub038_ToD_Online","YA","Morning",1,"spoon1_tr.png",153,153,0.103187891,-0.202517639,4.415,96,0.123791475,-0.190622155,"Bckg67.jpg",161,10,47,2,1,1,79,161,301,195,183,161,"spoon1_tr.png",1,147,147,3.047,1,1.395,1,0.636
"Sub038_ToD_Online","YA","Morning",1,"steeringwheel1_tr.png",234,234,-0.183882168,-0.133598215,4.917,96,-0.166230012,-0.155011994,"Bckg62.jpg",229,90,66,2,1,1,70,229,132,225,181,229,"steeringwheel1_tr.png",1,227,227,1.431,1,0.996,1,0.619
"Sub038_ToD_Online","YA","Morning",1,"suit1_tr.png",275,275,-0.22642595,0.019809704,3.816,96,-0.21735933,-0.066453416,"Bckg52.jpg",262,36,114,3,1,1,111,262,153,255,138,262,"suit1_tr.png",1,253,253,1.117,1,0.716,1,0.684
"Sub038_ToD_Online","YA","Morning",1,"sunglasses1_tr.png",401,41,0.149116221,0.17153859,5.199,96,0.149116221,0.17153859,"Bckg11.jpg",27,29,46,2,1,1,71,27,287,111,147,27,"sunglasses1_tr.png",1,41,41,3.551,1,1.083,1,0.595
"Sub038_ToD_Online","YA","Morning",1,"tennisball1_tr.png",388,28,0.106706595,0.200685918,4.016,96,0.127099436,0.188432663,"Bckg125.jpg",15,31,72,2,1,1,54,15,270,276,311,15,"tennisball1_tr.png",1,394,34,4.083,1,1.346,1,0.718
"Sub038_ToD_Online","YA","Morning",1,"toad1_tr.png",392,32,0.120445805,0.192753581,3.548,96,0.157889498,0.163499362,"Bckg65.jpg",25,27,60,2,1,1,63,25,278,24,220,25,"toad1_tr.png",1,44,44,2.132,1,1.129,2,0.5
"Sub038_ToD_Online","YA","Morning",1,"toothpaste1_tr.png",256,256,-0.22053935,-0.054986636,2.57,96,-0.212194298,-0.081453759,"Bckg38.jpg",259,1,103,3,1,1,99,259,232,85,230,259,"toothpaste1_tr.png",1,-111,249,4.815,1,0.832,1,0.468
"Sub038_ToD_Online","YA","Morning",1,"towels1_tr.png",200,200,-0.077738053,-0.213583544,3.884,96,-0.088809614,-0.20922234,"Bckg115.jpg",193,37,14,1,1,1,28,193,106,21,53,193,"towels1_tr.png",1,-157,203,5.698,1,1.165,1,0.768
"Sub038_ToD_Online","YA","Morning",1,"tractor1_tr.png",-40,320,-0.146099749,0.1741149,3.718,96,-0.133598215,0.183882168,"Bckg63.jpg",316,86,52,2,1,1,48,316,132,20,87,316,"tractor1_tr.png",1,-36,324,3.197,1,1.039,1,0.534
"Sub038_ToD_Online","YA","Morning",1,"watch1_tr.png",113,113,0.20922234,-0.088809614,3.084,96,0.212194298,-0.081453759,"Bckg117.jpg",119,43,34,1,1,1,37,119,181,237,158,119,"watch1_tr.png",1,111,111,6.145,1,1.539,1,0.834
"Sub038_ToD_Online","YA","Morning",1,"waterfilter1_tr.png",122,122,0.192753581,-0.120445805,5.72,96,0.183882168,-0.133598215,"Bckg123.jpg",115,56,54,2,1,1,59,115,280,232,286,115,"waterfilter1_tr.png",1,126,126,3.697,1,1.194,1,0.584
"Sub038_ToD_Online","YA","Morning",1,"woodenbox1_tr.png",-29,331,-0.110192796,0.198793065,7.331,96,-0.081453759,0.212194298,"Bckg9.jpg",346,69,68,2,1,1,74,346,209,115,175,346,"woodenbox1_tr.png",1,-21,339,4.112,1,1.769,1,1.054
"Sub039_ToD_Online","YA","Morning",1,"asparagus1_tr.png",258,258,-0.221895639,-0.047165374,1.8505,125,-0.148828906,-0.171208072,"Bckg134.jpg",263,47,30,1,1,1,7,263,290,137,190,263,"asparagus1_tr.png",1,221,221,4.2848,1,1.1187,1,0.5849
"Sub039_ToD_Online","YA","Morning",1,"basket1_tr.png",110,110,0.213172015,-0.077588268,2.7036,125,-0.215749948,0.070101408,"Bckg24.jpg",110,8,50,2,1,1,62,110,14,332,96,110,"basket1_tr.png",1,288,288,1.867,1,1.6485,2,0.351
"Sub039_ToD_Online","YA","Morning",1,"bathingsuit1_tr.png",293,293,-0.208819214,0.088638497,1.5166,125,0.185827033,-0.130117489,"Bckg19.jpg",288,65,47,2,1,1,67,288,311,51,176,288,"bathingsuit1_tr.png",1,125,125,2.3352,1,1.4165,1,0.9348
"Sub039_ToD_Online","YA","Morning",1,"bathroomscale1_tr.png",235,235,NA,NA,1.7851,125,-0.102989071,-0.202127432,"Bckg17.jpg",226,17,32,1,1,1,3,226,235,285,318,226,"bathroomscale1_tr.png",1,207,207,3.6156,1,0.9031,1,0.5186
"Sub039_ToD_Online","YA","Morning",1,"bbqmachine1_tr.png",157,157,0.088638497,-0.208819214,3.751,125,0.17876254,-0.139664603,"Bckg48.jpg",172,40,77,2,1,1,54,172,331,332,338,172,"bbqmachine1_tr.png",1,128,128,6.0061,1,1.0068,1,0.9315
"Sub039_ToD_Online","YA","Morning",1,"breakfast1_tr.png",296,296,-0.203894054,0.099445775,2.4125,125,-0.160409238,0.160409238,"Bckg89.jpg",300,3,2,1,1,1,9,300,348,149,173,300,"breakfast1_tr.png",1,-45,315,5.9855,1,1.2659,1,0.6354
"Sub039_ToD_Online","YA","Morning",1,"cakemixer1_tr.png",258,258,-0.221895639,-0.047165374,3.2005,125,-0.213172015,0.077588268,"Bckg12.jpg",255,117,99,3,1,1,104,255,108,314,330,255,"cakemixer1_tr.png",1,290,290,2.3016,1,2.9688,2,0.5184
"Sub039_ToD_Online","YA","Morning",1,"coffeemug1_tr.png",319,319,-0.148828906,0.171208072,2.251,125,-0.136523495,-0.181172797,"Bckg20.jpg",325,70,106,3,1,1,111,325,253,113,22,325,"coffeemug1_tr.png",1,217,217,3.2336,1,1.0175,1,0.1334
"Sub039_ToD_Online","YA","Morning",1,"cookie1_tr.png",216,216,-0.133340801,-0.183527868,2.3311,125,0.123552955,-0.190254867,"Bckg1.jpg",196,109,33,1,1,1,17,196,142,307,242,196,"cookie1_tr.png",1,147,147,5.3146,1,6.5864,2,1.4849
"Sub039_ToD_Online","YA","Morning",1,"dress1_tr.png",93,93,0.226542026,-0.011872564,3.2029,125,-0.181172797,0.136523495,"Bckg96.jpg",83,51,83,3,1,1,119,83,239,71,9,83,"dress1_tr.png",1,-53,307,3.9349,1,0.8844,2,0.185
"Sub039_ToD_Online","YA","Morning",1,"encyclopedia1_tr.png",293,293,-0.208819214,0.088638497,3.3742,125,-0.173779419,-0.145818246,"Bckg72.jpg",286,11,61,2,1,1,68,286,151,110,236,286,"encyclopedia1_tr.png",1,230,230,3.1669,1,1.3201,1,1.4679
"Sub039_ToD_Online","YA","Morning",1,"goggle1_tr.png",25,25,0.095872187,0.205598568,3.2841,125,-0.151794232,-0.168584574,"Bckg120.jpg",25,96,42,2,1,1,43,25,157,292,131,25,"goggle1_tr.png",1,222,222,2.2357,1,1.7502,2,0.668
"Sub039_ToD_Online","YA","Morning",1,"granola1_tr.png",206,206,-0.099445775,-0.203894054,2.1841,125,0.133340801,-0.183527868,"Bckg49.jpg",191,103,7,1,1,1,16,191,262,206,48,191,"granola1_tr.png",1,144,144,4.6522,1,2.0997,2,1.0522
"Sub039_ToD_Online","YA","Morning",1,"grater1_tr.png",221,221,-0.148828906,-0.171208072,1.9665,125,-0.136523495,-0.181172797,"Bckg118.jpg",227,108,21,1,1,1,21,227,183,311,225,227,"grater1_tr.png",1,217,217,4.3215,1,1.7135,1,0.8345
"Sub039_ToD_Online","YA","Morning",1,"handbag1_tr.png",47,47,0.165909723,0.154713319,4.5739,125,0.039392596,-0.223406514,"Bckg97.jpg",66,94,104,3,1,1,101,66,275,244,269,66,"handbag1_tr.png",1,170,170,4.1179,1,1.5852,2,0.7666
"Sub039_ToD_Online","YA","Morning",1,"hotdog1_tr.png",129,129,0.176297831,-0.142763168,4.0512,125,0.181172797,-0.136523495,"Bckg126.jpg",152,42,120,3,1,1,118,152,327,275,320,152,"hotdog1_tr.png",1,127,127,3.8286,1,0.8094,1,1.0506
"Sub039_ToD_Online","YA","Morning",1,"jackolantern1_tr.png",49,49,0.171208072,0.148828906,3.6839,125,0.17876254,0.139664603,"Bckg21.jpg",51,93,111,3,1,1,92,51,161,66,118,51,"jackolantern1_tr.png",1,52,52,2.2685,1,1.4852,1,1.0688
"Sub039_ToD_Online","YA","Morning",1,"jellybeans1_tr.png",221,221,-0.148828906,-0.171208072,3.0666,125,-0.0849806,0.210334365,"Bckg46.jpg",235,49,60,2,1,1,47,235,347,110,157,235,"jellybeans1_tr.png",1,-22,338,3.4015,1,1.3177,2,0.7858
"Sub039_ToD_Online","YA","Morning",1,"lei1_tr.png",42,42,0.151794232,0.168584574,3.0013,125,NA,NA,"Bckg119.jpg",49,5,113,3,1,1,114,49,174,32,226,49,"lei1_tr.png",1,32,32,1.1004,1,1.4159,1,0.6522
"Sub039_ToD_Online","YA","Morning",1,"mouthwash1_tr.png",15,15,0.058713856,0.219123094,3.9134,125,-4.16722e-17,0.22685292,"Bckg109.jpg",352,100,14,1,1,1,5,352,115,250,226,352,"mouthwash1_tr.png",1,360,0,4.3508,1,0.8352,1,0.618
"Sub039_ToD_Online","YA","Morning",1,"nailpolish1_tr.png",298,298,-0.20029924,0.106500995,4.8134,125,0.221895639,0.047165374,"Bckg84.jpg",301,32,9,1,1,1,40,301,148,320,226,301,"nailpolish1_tr.png",1,438,78,4.0975,1,0.9201,1,0.4353
"Sub039_ToD_Online","YA","Morning",1,"paintpalette1_tr.png",267,267,-0.226542026,-0.011872564,1.7872,125,-0.139664603,-0.17876254,"Bckg56.jpg",259,16,38,1,1,1,38,259,311,154,192,259,"paintpalette1_tr.png",1,218,218,3.8344,1,3.618,1,1.0179
"Sub039_ToD_Online","YA","Morning",1,"pokerchips1_tr.png",1,1,0.003959129,0.226818369,2.1506,125,-0.181172797,0.136523495,"Bckg127.jpg",11,88,71,2,1,1,74,11,51,229,63,11,"pokerchips1_tr.png",1,307,307,2.7832,1,0.9504,1,0.968
"Sub039_ToD_Online","YA","Morning",1,"popcorn1_tr.png",141,141,0.142763168,-0.176297831,2.2508,125,-0.196460392,0.11342646,"Bckg76.jpg",144,15,46,2,1,1,53,144,211,30,310,144,"popcorn1_tr.png",1,-60,300,2.733,1,1.6508,2,1.0182
"Sub039_ToD_Online","YA","Morning",1,"present1_tr.png",199,199,-0.073856086,-0.21449365,3.3827,125,-0.196460392,0.11342646,"Bckg121.jpg",184,46,100,3,1,1,98,184,45,118,188,184,"present1_tr.png",1,300,300,4.001,1,1.734,2,0.5682
"Sub039_ToD_Online","YA","Morning",1,"ricecooker1_tr.png",30,30,0.11342646,0.196460392,5.7014,125,0.058713856,0.219123094,"Bckg102.jpg",14,19,11,1,1,1,32,14,178,267,92,14,"ricecooker1_tr.png",1,375,15,4.5638,1,1.8604,1,1.165
"Sub039_ToD_Online","YA","Morning",1,"scarf1_tr.png",291,291,-0.211785446,0.081296816,1.8175,125,-0.062529139,-0.218065023,"Bckg51.jpg",276,59,107,3,1,1,99,276,231,56,236,276,"scarf1_tr.png",1,196,196,3.9344,1,1.3198,2,0.9008
"Sub039_ToD_Online","YA","Morning",1,"scrabble1_tr.png",16,16,0.062529139,0.218065023,3.0011,125,-0.031571824,0.224645203,"Bckg91.jpg",15,39,84,3,1,1,107,15,152,156,110,15,"scrabble1_tr.png",1,352,352,8.9742,1,0.9832,1,1.0908
"Sub039_ToD_Online","YA","Morning",1,"seashell1_tr.png",194,194,-0.054880688,-0.220114419,1.6506,125,-0.20029924,-0.106500995,"Bckg8.jpg",205,13,73,2,1,1,63,205,224,134,59,205,"seashell1_tr.png",1,242,242,4.1184,1,1.2343,2,0.8348
"Sub039_ToD_Online","YA","Morning",1,"silvertray1_tr.png",285,285,-0.219123094,0.058713856,2.5336,125,0.226818369,0.003959129,"Bckg64.jpg",288,6,48,2,1,1,44,288,241,343,248,288,"silvertray1_tr.png",1,449,89,2.7458,1,2.1122,2,2.0176
"Sub039_ToD_Online","YA","Morning",1,"sink1_tr.png",183,183,-0.011872564,-0.226542026,2.6358,125,0.226542026,0.011872564,"Bckg32.jpg",178,112,82,3,1,1,85,178,267,137,336,178,"sink1_tr.png",1,87,87,2.6177,1,1.6521,2,0.7683
"Sub039_ToD_Online","YA","Morning",1,"skippingrope1_tr.png",63,63,0.202127432,0.102989071,2.0327,125,0.190254867,0.123552955,"Bckg7.jpg",60,45,22,1,1,1,23,60,87,213,277,60,"skippingrope1_tr.png",1,57,57,5.8339,1,3.5686,1,0.701
"Sub039_ToD_Online","YA","Morning",1,"spoon1_tr.png",139,139,0.148828906,-0.171208072,4.0142,125,-0.160409238,0.160409238,"Bckg67.jpg",161,10,78,2,1,1,77,161,301,195,183,161,"spoon1_tr.png",1,315,315,4.6645,1,2.3967,2,1.2722
"Sub039_ToD_Online","YA","Morning",1,"starfish1_tr.png",67,67,0.208819214,0.088638497,3.6868,125,-0.066325375,-0.216940526,"Bckg106.jpg",77,54,28,1,1,1,2,77,197,61,78,77,"starfish1_tr.png",1,-163,197,5.6671,1,1.6692,2,1.3022
"Sub039_ToD_Online","YA","Morning",1,"stoplights1_tr.png",216,216,-0.133340801,-0.183527868,2.3841,125,-0.007917053,-0.226714727,"Bckg53.jpg",219,60,70,2,1,1,59,219,214,124,240,219,"stoplights1_tr.png",1,182,182,4.7691,1,1.5848,1,0.7676
"Sub039_ToD_Online","YA","Morning",1,"streamer1_tr.png",-33,327,-0.123552955,0.190254867,2.6021,125,-0.173779419,0.145818246,"Bckg4.jpg",338,35,3,1,1,1,33,338,69,290,195,338,"streamer1_tr.png",1,310,310,4.8346,1,1.185,1,0.7346
"Sub039_ToD_Online","YA","Morning",1,"sunglasses1_tr.png",411,51,0.176297831,0.142763168,3.4415,125,-0.160409238,0.160409238,"Bckg11.jpg",27,29,57,2,1,1,79,27,287,111,147,27,"sunglasses1_tr.png",1,315,315,5.3503,1,1.0176,1,1.3673
"Sub039_ToD_Online","YA","Morning",1,"tennisball1_tr.png",392,32,0.120213732,0.192382187,2.9334,125,-0.207240455,-0.092269395,"Bckg125.jpg",15,31,93,3,1,1,82,15,270,276,311,15,"tennisball1_tr.png",1,246,246,2.068,1,1.1528,2,1.0677
"Sub039_ToD_Online","YA","Morning",1,"toad1_tr.png",392,32,0.120213732,0.192382187,3.0335,125,-0.220114419,0.054880688,"Bckg65.jpg",25,27,36,1,1,1,28,25,278,24,220,25,"toad1_tr.png",1,-76,284,8.1007,1,0.9498,1,0.2683
"Sub039_ToD_Online","YA","Morning",1,"towels1_tr.png",214,214,-0.126854543,-0.188069594,2.6354,125,0.216940526,-0.066325375,"Bckg115.jpg",193,37,88,3,1,1,109,193,106,21,53,193,"towels1_tr.png",1,107,107,3.6174,1,2.8004,2,0.5683
"Sub039_ToD_Online","YA","Morning",1,"tractor1_tr.png",310,310,-0.173779419,0.145818246,6.8647,125,NA,NA,"Bckg63.jpg",316,86,1,1,1,1,12,316,132,20,87,316,"tractor1_tr.png",1,20,20,1.4172,1,13.2783,2,0.6359
"Sub039_ToD_Online","YA","Morning",1,"trophy1_tr.png",66,66,0.207240455,0.092269395,3.234,125,0.099445775,-0.203894054,"Bckg68.jpg",75,99,44,2,1,1,58,75,66,178,228,75,"trophy1_tr.png",1,154,154,1.4737,1,2.6732,2,1.3013
"Sub039_ToD_Online","YA","Morning",1,"trumpet1_tr.png",355,355,-0.019771535,0.225989676,1.7182,125,-0.109980478,0.198410034,"Bckg130.jpg",355,58,103,3,1,1,110,355,313,133,32,355,"trumpet1_tr.png",1,331,331,4.3335,1,1.0012,2,0.7339
"Sub039_ToD_Online","YA","Morning",1,"washingmachine1_tr.png",334,334,-0.099445775,0.203894054,2.0016,125,0.219123094,-0.058713856,"Bckg85.jpg",341,34,97,3,1,1,116,341,282,53,158,341,"washingmachine1_tr.png",1,105,105,1.9399,1,1.2021,2,0.8671
"Sub039_ToD_Online","YA","Morning",1,"wreath1_tr.png",209,209,-0.109980478,-0.198410034,3.4338,125,-0.176297831,0.142763168,"Bckg71.jpg",229,98,31,1,1,1,18,229,357,97,101,229,"wreath1_tr.png",1,309,309,10.9482,1,0.6986,1,0.6513
"Sub040_ToD_Online","OA","Morning",1,"basket1_tr.png",114,114,0.201039244,-0.089508438,2.9875,109,NA,NA,"Bckg24.jpg",110,8,116,3,1,1,100,110,14,332,96,110,"basket1_tr.png",1,332,332,2.5147,1,1.3125,2,1.36
"Sub040_ToD_Online","OA","Morning",1,"bathingsuit1_tr.png",177,177,0.011517304,-0.219763259,3.0986,109,NA,NA,"Bckg19.jpg",288,65,119,3,1,1,119,288,311,51,176,288,"bathingsuit1_tr.png",1,51,51,1.6308,1,2.8173,2,1.0193
"Sub040_ToD_Online","OA","Morning",1,"bed1_tr.png",246,246,-0.201039244,-0.089508438,2.6348,109,NA,NA,"Bckg77.jpg",245,120,65,2,1,1,73,245,138,143,160,245,"bed1_tr.png",1,143,143,2.0194,1,1.5342,2,1.0544
"Sub040_ToD_Online","OA","Morning",1,"bell1_tr.png",-29,331,-0.106689556,0.192473055,5.7845,109,NA,NA,"Bckg36.jpg",349,78,115,3,1,1,111,349,287,282,294,349,"bell1_tr.png",1,282,282,2.1003,1,2.1035,2,0.8378
"Sub040_ToD_Online","OA","Morning",1,"bottleofwine1_tr.png",55,55,NA,NA,2.0995,109,NA,NA,"Bckg29.jpg",126,71,38,1,1,1,24,126,55,131,270,126,"bottleofwine1_tr.png",1,131,131,5.2087,1,2.0348,1,0.7633
"Sub040_ToD_Online","OA","Morning",1,"bowlingpin1_tr.png",213,213,-0.119855908,-0.184561913,6.5422,109,NA,NA,"Bckg34.jpg",301,48,23,1,1,1,31,301,219,51,324,301,"bowlingpin1_tr.png",1,51,51,2.6205,1,2.6303,2,2.1757
"Sub040_ToD_Online","OA","Morning",1,"christmasstocking1_tr.png",508,148,0.116616603,-0.186625577,6.8929,109,NA,NA,"Bckg136.jpg",165,50,18,1,1,1,16,165,322,246,121,165,"christmasstocking1_tr.png",1,246,246,1.8096,1,2.0756,2,0.9719
"Sub040_ToD_Online","OA","Morning",1,"coffeemug1_tr.png",-47,313,-0.160945243,0.150083867,5.9188,109,NA,NA,"Bckg20.jpg",325,70,107,3,1,1,99,325,253,113,22,325,"coffeemug1_tr.png",1,113,113,1.136,1,1.3816,2,1.3336
"Sub040_ToD_Online","OA","Morning",1,"cow1_tr.png",364,4,0.015350948,0.219528783,6.2345,109,NA,NA,"Bckg113.jpg",352,24,28,1,1,1,2,352,172,11,137,352,"cow1_tr.png",1,11,11,3.0928,1,2.1192,2,1.489
"Sub040_ToD_Online","OA","Morning",1,"cucumber1_tr.png",430,70,0.206793316,0.075266612,3.5515,109,NA,NA,"Bckg92.jpg",82,87,60,2,1,1,61,82,286,332,303,82,"cucumber1_tr.png",1,332,332,2.2217,1,3.029,1,1.0557
"Sub040_ToD_Online","OA","Morning",1,"fantacan1_tr.png",102,102,0.215255905,-0.045754055,2.8394,109,NA,NA,"Bckg86.jpg",126,84,76,2,1,1,74,126,32,278,53,126,"fantacan1_tr.png",1,278,278,1.765,1,3.0619,2,1.6754
"Sub040_ToD_Online","OA","Morning",1,"hairdryer1_tr.png",52,52,NA,NA,1.1199,109,NA,NA,"Bckg79.jpg",63,73,72,2,1,1,51,63,52,27,90,63,"hairdryer1_tr.png",1,27,27,1.168,1,2.0997,2,1.4207
"Sub040_ToD_Online","OA","Morning",1,"hammer1_tr.png",235,235,-0.180266572,-0.126224012,2.9138,109,NA,NA,"Bckg138.jpg",237,118,108,3,1,1,85,237,139,321,245,237,"hammer1_tr.png",1,321,321,0.794,1,3.1664,2,1.2197
"Sub040_ToD_Online","OA","Morning",1,"hotdog1_tr.png",327,327,NA,NA,2.1339,109,NA,NA,"Bckg126.jpg",152,42,21,1,1,1,23,152,327,275,320,152,"hotdog1_tr.png",1,275,275,1.2124,1,2.5548,2,1.2198
"Sub040_ToD_Online","OA","Morning",1,"jellybeans1_tr.png",235,235,-0.180266572,-0.126224012,5.1032,109,NA,NA,"Bckg46.jpg",235,49,33,1,1,1,21,235,347,110,157,235,"jellybeans1_tr.png",1,110,110,5.8394,1,2.9101,2,1.7033
"Sub040_ToD_Online","OA","Morning",1,"kite1_tr.png",-181,179,0.003840661,-0.220031333,5.0533,109,NA,NA,"Bckg128.jpg",181,115,104,3,1,1,117,181,59,221,177,181,"kite1_tr.png",1,221,221,2.1607,1,1.8818,1,1.2381
"Sub040_ToD_Online","OA","Morning",1,"lei1_tr.png",412,52,0.173413468,0.13548545,7.1991,109,NA,NA,"Bckg119.jpg",49,5,20,1,1,1,8,49,174,32,226,49,"lei1_tr.png",1,32,32,2.3603,1,2.5793,1,0.9536
"Sub040_ToD_Online","OA","Morning",1,"loaf1_tr.png",475,115,0.199446487,-0.093003424,3.0687,109,NA,NA,"Bckg90.jpg",101,25,91,3,1,1,82,101,357,138,325,101,"loaf1_tr.png",1,138,138,2.2834,1,1.5314,1,0.7206
"Sub040_ToD_Online","OA","Morning",1,"motorcycle1_tr.png",282,282,-0.215255905,0.045754055,4.3885,109,NA,NA,"Bckg100.jpg",260,4,2,1,1,1,3,260,342,17,98,260,"motorcycle1_tr.png",1,17,17,5.6161,1,2.5359,2,1.3683
"Sub040_ToD_Online","OA","Morning",1,"oven1_tr.png",135,135,0.155609348,-0.155609348,5.0864,109,NA,NA,"Bckg55.jpg",111,9,8,1,1,1,40,111,305,27,70,111,"oven1_tr.png",1,27,27,2.3064,1,1.4219,1,0.7214
"Sub040_ToD_Online","OA","Morning",1,"paintpalette1_tr.png",245,245,-0.199446487,-0.093003424,2.1043,109,NA,NA,"Bckg56.jpg",259,16,117,3,1,1,113,259,311,154,192,259,"paintpalette1_tr.png",1,154,154,3.8365,1,1.9207,2,1.5365
"Sub040_ToD_Online","OA","Morning",1,"penguin1_tr.png",407,47,0.160945243,0.150083867,5.0878,109,NA,NA,"Bckg114.jpg",71,7,5,1,1,1,32,71,333,350,66,71,"penguin1_tr.png",1,350,350,1.6679,1,1.8665,1,1.8694
"Sub040_ToD_Online","OA","Morning",1,"pickle1_tr.png",139,139,0.144375532,-0.166085051,4.0705,109,NA,NA,"Bckg66.jpg",150,83,7,1,1,1,14,150,65,78,256,150,"pickle1_tr.png",1,78,78,3.0223,1,2.712,1,0.5365
"Sub040_ToD_Online","OA","Morning",1,"pizza1_tr.png",403,43,0.150083867,0.160945243,4.6021,109,NA,NA,"Bckg83.jpg",31,80,78,2,1,1,47,31,153,237,175,31,"pizza1_tr.png",1,237,237,3.6612,1,2.2767,2,0.8731
"Sub040_ToD_Online","OA","Morning",1,"present1_tr.png",197,197,-0.064340735,-0.210449063,6.9364,109,NA,NA,"Bckg121.jpg",184,46,9,1,1,1,1,184,45,118,188,184,"present1_tr.png",1,118,118,7.1395,1,5.5652,1,2.8417
"Sub040_ToD_Online","OA","Morning",1,"ricecooker1_tr.png",-28,332,-0.103314189,0.19430573,4.6022,109,NA,NA,"Bckg102.jpg",14,19,101,3,1,1,116,14,178,267,92,14,"ricecooker1_tr.png",1,267,267,0.9918,1,1.5294,1,0.6728
"Sub040_ToD_Online","OA","Morning",1,"rollingpin1_tr.png",12,12,NA,NA,4.3237,109,-0.190581751,-0.110032425,"Bckg69.jpg",228,89,94,3,1,1,92,228,12,120,126,228,"rollingpin1_tr.png",1,-120,240,15.3664,1,3.3138,2,8.7229
"Sub040_ToD_Online","OA","Morning",1,"rubikscube1_tr.png",112,112,0.204040576,-0.082437744,2.9559,109,NA,NA,"Bckg122.jpg",113,105,69,2,1,1,60,113,4,222,200,113,"rubikscube1_tr.png",1,222,222,1.7983,1,1.9489,1,1.6227
"Sub040_ToD_Online","OA","Morning",1,"seashell1_tr.png",224,224,NA,NA,2.8412,109,NA,NA,"Bckg8.jpg",205,13,29,1,1,1,7,205,224,134,59,205,"seashell1_tr.png",1,134,134,1.3332,1,1.5663,1,0.7165
"Sub040_ToD_Online","OA","Morning",1,"starfish1_tr.png",425,65,0.199446487,0.093003424,4.6567,109,NA,NA,"Bckg106.jpg",77,54,89,3,1,1,84,77,197,61,78,77,"starfish1_tr.png",1,61,61,1.9358,1,2.2827,2,1.4588
"Sub040_ToD_Online","OA","Morning",1,"telephonebooth1_tr.png",202,202,-0.082437744,-0.204040576,3.3861,109,NA,NA,"Bckg107.jpg",214,63,100,3,1,1,96,214,64,281,300,214,"telephonebooth1_tr.png",1,281,281,1.4196,1,1.5542,1,1.2201
"Sub040_ToD_Online","OA","Morning",1,"tractor1_tr.png",-64,296,-0.197792977,0.096470081,7.459,109,NA,NA,"Bckg63.jpg",316,86,30,1,1,1,13,316,132,20,87,316,"tractor1_tr.png",1,20,20,2.9409,1,2.2309,2,1.0704
"Sub040_ToD_Online","OA","Morning",1,"vacuum1_tr.png",477,117,0.196079217,-0.099907351,3.1539,109,NA,NA,"Bckg60.jpg",108,97,44,2,1,1,66,108,327,356,335,108,"vacuum1_tr.png",1,356,356,3.7925,1,7.1035,1,1.0994
"Sub040_ToD_Online","OA","Morning",1,"valentinesdaycard1_tr.png",316,316,-0.15286989,0.158301405,2.7208,109,NA,NA,"Bckg111.jpg",338,26,46,2,1,1,56,338,234,203,108,338,"valentinesdaycard1_tr.png",1,203,203,3.5038,1,2.1336,2,1.5205
"Sub040_ToD_Online","OA","Morning",1,"vegeplatter1_tr.png",-134,226,-0.158301405,-0.15286989,6.6552,109,NA,NA,"Bckg70.jpg",246,30,35,1,1,1,20,246,122,321,75,246,"vegeplatter1_tr.png",1,321,321,2.1759,1,1.5317,1,1.4318
"Sub040_ToD_Online","OA","Morning",1,"wheelchair1_tr.png",180,180,NA,NA,0.785,109,NA,NA,"Bckg80.jpg",171,52,56,2,1,1,79,171,180,294,263,171,"wheelchair1_tr.png",1,294,294,1.7524,1,2.6906,2,0.5691
"Sub040_ToD_Online","OA","Morning",1,"wreath1_tr.png",237,237,-0.184561913,-0.119855908,5.0855,109,NA,NA,"Bckg71.jpg",229,98,34,1,1,1,37,229,357,97,101,229,"wreath1_tr.png",1,97,97,4.2015,1,1.4952,1,2.0012
"Sub041_ToD_Online","OA","Morning",1,"apple1_tr.png",471,111,0.156385971,-0.06003095,3.5835,202,NA,NA,"Bckg81.jpg",114,62,60,2,1,1,78,114,347,32,264,114,"apple1_tr.png",1,32,32,2.4844,1,3.0675,2,1.0005
"Sub041_ToD_Online","OA","Morning",1,"bagel1_tr.png",243,243,NA,NA,2.3329,202,-0.153029872,-0.068133289,"Bckg43.jpg",246,20,87,3,1,1,109,246,243,284,250,246,"bagel1_tr.png",1,246,246,4.2171,1,2.7046,1,0.8671
"Sub041_ToD_Online","OA","Morning",1,"bandaid1_tr.png",237,237,-0.140487426,-0.091233601,4.7834,202,NA,NA,"Bckg45.jpg",246,107,102,3,1,1,85,246,143,243,11,246,"bandaid1_tr.png",1,243,243,4.6178,1,2.6053,2,1.2993
"Sub041_ToD_Online","OA","Morning",1,"bathingsuit1_tr.png",291,291,-0.156385971,0.06003095,3.3181,202,-0.158385755,0.054536589,"Bckg19.jpg",288,65,47,2,1,1,49,288,311,51,176,288,"bathingsuit1_tr.png",1,289,289,6.2976,1,3.4479,1,1.0576
"Sub041_ToD_Online","OA","Morning",1,"bottleofwine1_tr.png",123,123,0.140487426,-0.091233601,2.7835,202,0.16019257,-0.048975784,"Bckg29.jpg",126,71,69,2,1,1,60,126,55,131,270,126,"bottleofwine1_tr.png",1,107,107,6.1173,1,1.9843,1,1.0546
"Sub041_ToD_Online","OA","Morning",1,"bowlingpin1_tr.png",301,301,-0.143585852,0.086275084,3.0675,202,NA,NA,"Bckg34.jpg",301,48,13,1,1,1,33,301,219,51,324,301,"bowlingpin1_tr.png",1,51,51,1.9525,1,4.8685,2,2.9504
"Sub041_ToD_Online","OA","Morning",1,"bowls1_tr.png",460,100,0.164967166,-0.029088162,5.8763,202,NA,NA,"Bckg103.jpg",76,79,25,1,1,1,16,76,238,207,139,76,"bowls1_tr.png",1,207,207,4.3658,1,2.4528,2,1.5259
"Sub041_ToD_Online","OA","Morning",1,"breakfast1_tr.png",320,320,-0.10767467,0.128321675,3.1506,202,-0.140487426,0.091233601,"Bckg89.jpg",300,3,56,2,1,1,65,300,348,149,173,300,"breakfast1_tr.png",1,-57,303,6.1926,1,1.6171,1,1.2564
"Sub041_ToD_Online","OA","Morning",1,"christmasstocking1_tr.png",518,158,0.062751118,-0.155314468,4.7256,202,0.017509777,-0.166594401,"Bckg136.jpg",165,50,46,2,1,1,80,165,322,246,121,165,"christmasstocking1_tr.png",1,534,174,8.5901,1,1.8723,1,1.1852
"Sub041_ToD_Online","OA","Morning",1,"coat1_tr.png",463,103,0.163218727,-0.037682012,4.3088,202,0.161804215,-0.043355309,"Bckg108.jpg",94,102,70,2,1,1,76,94,309,13,198,94,"coat1_tr.png",1,105,105,7.401,1,1.901,1,1.0561
"Sub041_ToD_Online","OA","Morning",1,"cookie1_tr.png",208,208,-0.078642144,-0.147904361,2.5505,202,0.008766903,-0.167282481,"Bckg1.jpg",196,109,74,2,1,1,69,196,142,307,242,196,"cookie1_tr.png",1,537,177,6.8206,1,3.2451,1,1.0846
"Sub041_ToD_Online","OA","Morning",1,"dress1_tr.png",455,95,0.166874616,-0.014599637,5.7207,202,0.149254329,-0.076048879,"Bckg96.jpg",83,51,116,3,1,1,96,83,239,71,9,83,"dress1_tr.png",1,117,117,4.2472,1,2.1946,1,1.0999
"Sub041_ToD_Online","OA","Morning",1,"eggs1_tr.png",80,80,0.164967166,0.029088162,5.8184,202,NA,NA,"Bckg132.jpg",84,28,104,3,1,1,87,84,124,265,170,84,"eggs1_tr.png",1,265,265,1.288,1,3.4818,2,0.8988
"Sub041_ToD_Online","OA","Morning",1,"granola1_tr.png",216,216,-0.098461113,-0.135520095,2.6013,202,-0.040524833,-0.162536226,"Bckg49.jpg",191,103,75,2,1,1,71,191,262,206,48,191,"granola1_tr.png",1,194,194,7.2408,1,2.6422,1,1.452
"Sub041_ToD_Online","OA","Morning",1,"grater1_tr.png",221,221,-0.109897793,-0.126422949,5.934,202,-0.008766903,-0.167282481,"Bckg118.jpg",227,108,112,3,1,1,112,227,183,311,225,227,"grater1_tr.png",1,543,183,6.447,1,1.8366,1,0.9395
"Sub041_ToD_Online","OA","Morning",1,"hammer1_tr.png",237,237,-0.140487426,-0.091233601,3.9271,202,0.054536589,-0.158385755,"Bckg138.jpg",237,118,88,3,1,1,105,237,139,321,245,237,"hammer1_tr.png",1,521,161,5.8938,1,1.8497,1,0.5016
"Sub041_ToD_Online","OA","Morning",1,"handsoap1_tr.png",428,68,0.155314468,0.062751118,3.0177,202,-0.06003095,0.156385971,"Bckg73.jpg",74,57,120,3,1,1,98,74,352,41,5,74,"handsoap1_tr.png",1,-21,339,5.066,1,1.8416,1,1.038
"Sub041_ToD_Online","OA","Morning",1,"lemon1_tr.png",401,41,0.109897793,0.126422949,4.4527,202,NA,NA,"Bckg99.jpg",20,66,22,1,1,1,29,20,265,285,180,20,"lemon1_tr.png",1,285,285,4.6577,1,3.2117,2,2.0494
"Sub041_ToD_Online","OA","Morning",1,"motorcycle1_tr.png",238,238,-0.142058275,-0.088767862,3.6098,202,-0.158385755,-0.054536589,"Bckg100.jpg",260,4,73,2,1,1,43,260,342,17,98,260,"motorcycle1_tr.png",1,-109,251,7.2437,1,1.8318,1,0.4075
"Sub041_ToD_Online","OA","Morning",1,"partyhats1_tr.png",405,45,0.118448906,0.118448906,5.4002,202,NA,NA,"Bckg110.jpg",52,18,80,2,1,1,56,52,175,231,196,52,"partyhats1_tr.png",1,231,231,3.076,1,2.1597,2,0.8525
"Sub041_ToD_Online","OA","Morning",1,"penguin1_tr.png",435,75,0.161804215,0.043355309,3.0549,202,NA,NA,"Bckg114.jpg",71,7,51,2,1,1,62,71,333,350,66,71,"penguin1_tr.png",1,350,350,2.0588,1,2.9854,2,1.6023
"Sub041_ToD_Online","OA","Morning",1,"pizza1_tr.png",43,43,0.114242943,0.122510558,6.5174,202,-0.166263441,0.020414584,"Bckg83.jpg",31,80,33,1,1,1,5,31,153,237,175,31,"pizza1_tr.png",1,-83,277,8.5989,1,4.2006,1,1.9743
"Sub041_ToD_Online","OA","Morning",1,"pokerchips1_tr.png",29,29,0.081211453,0.14650934,2.8603,202,NA,NA,"Bckg127.jpg",11,88,3,1,1,1,35,11,51,229,63,11,"pokerchips1_tr.png",1,229,229,3.2484,1,2.2496,2,1.3871
"Sub041_ToD_Online","OA","Morning",1,"potatochips1_tr.png",30,30,0.083756025,0.145069691,5.2059,202,0.088767862,0.142058275,"Bckg124.jpg",13,81,40,1,1,1,40,13,164,112,355,13,"potatochips1_tr.png",1,32,32,6.9646,1,3.4681,1,1.6915
"Sub041_ToD_Online","OA","Morning",1,"qtips1_tr.png",163,163,0.048975784,-0.16019257,3.6836,202,0.043355309,-0.161804215,"Bckg129.jpg",171,92,103,3,1,1,104,171,235,155,124,171,"qtips1_tr.png",1,165,165,5.4083,1,1.8886,1,0.6544
"Sub041_ToD_Online","OA","Morning",1,"ricecooker1_tr.png",392,32,0.088767862,0.142058275,6.8603,202,0.133781071,-0.100811268,"Bckg102.jpg",14,19,29,1,1,1,7,14,178,267,92,14,"ricecooker1_tr.png",1,487,127,8.7024,1,2.2771,1,1.589
"Sub041_ToD_Online","OA","Morning",1,"rollingpin1_tr.png",222,222,-0.11208744,-0.124485713,5.251,202,NA,NA,"Bckg69.jpg",228,89,101,3,1,1,83,228,12,120,126,228,"rollingpin1_tr.png",1,120,120,2.3032,1,1.8657,1,0.5724
"Sub041_ToD_Online","OA","Morning",1,"rubikscube1_tr.png",118,118,0.147904361,-0.078642144,3.6522,202,0.145069691,-0.083756025,"Bckg122.jpg",113,105,31,1,1,1,27,113,4,222,200,113,"rubikscube1_tr.png",1,120,120,9.971,1,2.2663,1,1.883
"Sub041_ToD_Online","OA","Morning",1,"scrabble1_tr.png",398,38,0.103130716,0.132001297,5.6338,202,-0.01168505,0.167103999,"Bckg91.jpg",15,39,53,2,1,1,58,15,152,156,110,15,"scrabble1_tr.png",1,356,356,7.5671,1,2.768,1,1.1683
"Sub041_ToD_Online","OA","Morning",1,"sink1_tr.png",163,163,0.048975784,-0.16019257,6.4682,202,NA,NA,"Bckg32.jpg",178,112,39,1,1,1,38,178,267,137,336,178,"sink1_tr.png",1,137,137,5.1818,1,2.5389,2,1.4473
"Sub041_ToD_Online","OA","Morning",1,"starfish1_tr.png",65,65,0.151817475,0.070793651,4.8736,202,NA,NA,"Bckg106.jpg",77,54,66,2,1,1,47,77,197,61,78,77,"starfish1_tr.png",1,61,61,1.2346,1,4.4991,2,0.8007
"Sub041_ToD_Online","OA","Morning",1,"stoplights1_tr.png",214,214,NA,NA,2.4738,202,-0.09367155,-0.138873783,"Bckg53.jpg",219,60,11,1,1,1,34,219,214,124,240,219,"stoplights1_tr.png",1,214,214,8.5199,1,2.2962,1,1.684
"Sub041_ToD_Online","OA","Morning",1,"streamer1_tr.png",-35,325,-0.096080965,0.137217838,3.377,202,-0.046172579,0.161022917,"Bckg4.jpg",338,35,68,2,1,1,66,338,69,290,195,338,"streamer1_tr.png",1,344,344,4.4181,1,1.6671,1,0.9189
"Sub041_ToD_Online","OA","Morning",1,"telephonebooth1_tr.png",228,228,-0.124485713,-0.11208744,4.4551,202,-0.070793651,0.151817475,"Bckg107.jpg",214,63,42,2,1,1,73,214,64,281,300,214,"telephonebooth1_tr.png",1,335,335,5.3571,1,1.6594,1,1.0892
"Sub041_ToD_Online","OA","Morning",1,"tissuebox1_tr.png",9,9,0.026204658,0.165449699,3.709,202,-0.046172579,0.161022917,"Bckg98.jpg",1,12,95,3,1,1,117,1,95,272,311,1,"tissuebox1_tr.png",1,344,344,5.5835,1,1.85,1,1.101
"Sub041_ToD_Online","OA","Morning",1,"toad1_tr.png",396,36,0.098461113,0.135520095,4.2668,202,NA,NA,"Bckg65.jpg",25,27,48,2,1,1,54,25,278,24,220,25,"toad1_tr.png",1,24,24,1.5295,1,5.7183,2,1.5475
"Sub041_ToD_Online","OA","Morning",1,"tractor1_tr.png",-38,322,-0.103130716,0.132001297,5.0006,202,-0.11208744,0.124485713,"Bckg63.jpg",316,86,97,3,1,1,88,316,132,20,87,316,"tractor1_tr.png",1,-42,318,3.2517,1,2.0779,1,3.0539
"Sub041_ToD_Online","OA","Morning",1,"vegeplatter1_tr.png",232,232,-0.132001297,-0.103130716,4.4765,202,NA,NA,"Bckg70.jpg",246,30,38,1,1,1,37,246,122,321,75,246,"vegeplatter1_tr.png",1,321,321,2.2373,1,2.3354,2,1.2854
"Sub042_ToD_Online","OA","Morning",1,"airfreshener1_tr.png",2,2,0.007848275,0.224745198,6.9485,197,-0.011769424,0.224573997,"Bckg42.jpg",2,91,106,3,1,1,108,2,156,345,88,2,"airfreshener1_tr.png",1,357,357,2.7996,1,1.3835,1,0.7359
"Sub042_ToD_Online","OA","Morning",1,"apple1_tr.png",491,131,0.169720743,-0.147535991,5.6156,197,0.172269752,-0.144551485,"Bckg81.jpg",114,62,101,3,1,1,94,114,347,32,264,114,"apple1_tr.png",1,130,130,4.9678,1,1.2392,1,0.2375
"Sub042_ToD_Online","OA","Morning",1,"bagel1_tr.png",237,237,-0.188602074,-0.122479619,4.5463,197,NA,NA,"Bckg43.jpg",246,20,73,2,1,1,44,246,243,284,250,246,"bagel1_tr.png",1,284,284,3.6493,1,7.0324,2,0.7837
"Sub042_ToD_Online","OA","Morning",1,"bathingsuit1_tr.png",283,283,-0.219118474,0.050587486,9.3501,197,-0.220750471,0.042909545,"Bckg19.jpg",288,65,14,1,1,1,3,288,311,51,176,288,"bathingsuit1_tr.png",1,-79,281,7.5318,1,1.7834,1,0.4003
"Sub042_ToD_Online","OA","Morning",1,"bbqmachine1_tr.png",529,169,0.042909545,-0.220750471,11.6311,197,0.091467827,-0.205440103,"Bckg48.jpg",172,40,36,1,1,1,27,172,331,332,338,172,"bbqmachine1_tr.png",1,516,156,7.5144,1,2.5323,1,2.8007
"Sub042_ToD_Online","OA","Morning",1,"bed1_tr.png",212,212,-0.119169405,-0.190710913,5.2218,197,-0.179598903,-0.13533748,"Bckg77.jpg",245,120,60,2,1,1,56,245,138,143,160,245,"bed1_tr.png",1,233,233,4.7712,1,1.8203,1,0.5004
"Sub042_ToD_Online","OA","Morning",1,"bell1_tr.png",349,349,-0.042909545,0.220750471,6.3154,197,NA,NA,"Bckg36.jpg",349,78,112,3,1,1,84,349,287,282,294,349,"bell1_tr.png",1,282,282,1.4788,1,5.8759,2,0.5741
"Sub042_ToD_Online","OA","Morning",1,"binder1_tr.png",464,104,0.218202228,-0.054403926,9.3785,197,0.221465724,-0.039050382,"Bckg82.jpg",91,21,58,2,1,1,49,91,236,320,312,91,"binder1_tr.png",1,460,100,6.9548,1,2.1408,1,1.0909
"Sub042_ToD_Online","OA","Morning",1,"bird1_tr.png",58,58,0.190710913,0.119169405,7.2983,197,0.184212706,0.128987125,"Bckg2.jpg",39,72,113,3,1,1,95,39,118,137,33,39,"bird1_tr.png",1,55,55,5.9555,1,1.6209,1,0.2891
"Sub042_ToD_Online","OA","Morning",1,"bow1_tr.png",517,157,0.087868472,-0.207005147,8.9202,197,0.080590569,-0.209945611,"Bckg54.jpg",172,67,13,1,1,1,18,172,311,5,258,172,"bow1_tr.png",1,159,159,7.7653,1,2.1164,1,0.9501
"Sub042_ToD_Online","OA","Morning",1,"bowlingpin1_tr.png",295,295,-0.20381248,0.09503932,4.469,197,-0.109025049,0.196686395,"Bckg34.jpg",301,48,72,2,1,1,47,301,219,51,324,301,"bowlingpin1_tr.png",1,-29,331,4.5826,1,1.8165,1,0.659
"Sub042_ToD_Online","OA","Morning",1,"bowls1_tr.png",456,96,0.223650262,-0.02350659,7.5984,197,0.217219515,0.058203794,"Bckg103.jpg",76,79,5,1,1,1,36,76,238,207,139,76,"bowls1_tr.png",1,75,75,7.3866,1,1.6835,1,0.5676
"Sub042_ToD_Online","OA","Morning",1,"breakfast1_tr.png",314,314,-0.16176671,0.156216296,3.6995,197,-0.20381248,0.09503932,"Bckg89.jpg",300,3,68,2,1,1,66,300,348,149,173,300,"breakfast1_tr.png",1,295,295,6.6399,1,1.673,1,1.4181
"Sub042_ToD_Online","OA","Morning",1,"coke1_tr.png",-37,323,-0.13533748,0.179598903,4.216,197,NA,NA,"Bckg78.jpg",322,74,98,3,1,1,86,322,31,323,307,322,"coke1_tr.png",1,323,323,1.9855,1,3.6493,2,1.9317
"Sub042_ToD_Online","OA","Morning",1,"cookie1_tr.png",200,200,-0.076914239,-0.211320134,3.8159,197,-0.11582289,-0.19276166,"Bckg1.jpg",196,109,44,2,1,1,65,196,142,307,242,196,"cookie1_tr.png",1,211,211,5.6989,1,1.7498,2,0.4877
"Sub042_ToD_Online","OA","Morning",1,"crayon1_tr.png",268,268,-0.224745198,-0.007848275,3.8827,197,-0.224745198,-0.007848275,"Bckg87.jpg",267,33,83,3,1,1,100,267,220,22,283,267,"crayon1_tr.png",1,-92,268,6.5904,1,1.1542,1,0.5172
"Sub042_ToD_Online","OA","Morning",1,"dog1_tr.png",164,164,0.061985932,-0.216170635,8.1288,197,0.069492418,-0.213875672,"Bckg23.jpg",167,111,67,2,1,1,51,167,16,26,214,167,"dog1_tr.png",1,162,162,8.1695,1,1.4834,1,0.5921
"Sub042_ToD_Online","OA","Morning",1,"dress1_tr.png",459,99,0.222113517,-0.035179325,8.3818,197,0.224026445,0.019599774,"Bckg96.jpg",83,51,102,3,1,1,115,83,239,71,9,83,"dress1_tr.png",1,85,85,7.3288,1,1.3045,1,0.3505
"Sub042_ToD_Online","OA","Morning",1,"eggs1_tr.png",84,84,0.223650262,0.02350659,3.4216,197,0.223205952,0.027406245,"Bckg132.jpg",84,28,116,3,1,1,106,84,124,265,170,84,"eggs1_tr.png",1,443,83,5.8823,1,1.4668,1,0.2671
"Sub042_ToD_Online","OA","Morning",1,"fireextinguisher1_tr.png",298,298,-0.198559188,0.105575793,10.6645,197,NA,NA,"Bckg88.jpg",294,85,92,3,1,1,102,294,212,94,215,294,"fireextinguisher1_tr.png",1,94,94,2.8334,1,4.8158,2,0.6503
"Sub042_ToD_Online","OA","Morning",1,"granola1_tr.png",198,198,-0.069492418,-0.213875672,4.5156,197,-0.061985932,-0.216170635,"Bckg49.jpg",191,103,35,1,1,1,39,191,262,206,48,191,"granola1_tr.png",1,196,196,6.099,1,2.0569,1,0.6518
"Sub042_ToD_Online","OA","Morning",1,"grater1_tr.png",217,217,-0.13533748,-0.179598903,4.8823,197,-0.196686395,-0.109025049,"Bckg118.jpg",227,108,6,1,1,1,13,227,183,311,225,227,"grater1_tr.png",1,241,241,10.6898,1,2.2463,1,0.7
"Sub042_ToD_Online","OA","Morning",1,"hammer1_tr.png",231,231,-0.174766286,-0.141522948,5.8656,197,-0.164468422,-0.153369285,"Bckg138.jpg",237,118,53,2,1,1,71,237,139,321,245,237,"hammer1_tr.png",1,227,227,7.8983,1,1.8501,1,0.2408
"Sub042_ToD_Online","OA","Morning",1,"handbag1_tr.png",435,75,0.217219515,0.058203794,5.299,197,-0.222693652,0.031297552,"Bckg97.jpg",66,94,1,1,1,1,14,66,275,244,269,66,"handbag1_tr.png",1,278,278,11.5373,1,2.4734,2,1.2407
"Sub042_ToD_Online","OA","Morning",1,"hat1_tr.png",229,229,-0.169720743,-0.147535991,3.6993,197,-0.16176671,-0.156216296,"Bckg133.jpg",235,68,85,3,1,1,111,235,251,330,13,235,"hat1_tr.png",1,226,226,4.3829,1,1.6332,1,0.5504
"Sub042_ToD_Online","OA","Morning",1,"highheel1_tr.png",130,130,0.172269752,-0.144551485,4.9159,197,0.190710913,-0.119169405,"Bckg57.jpg",128,77,39,1,1,1,32,128,108,34,194,128,"highheel1_tr.png",1,122,122,4.0018,1,1.4334,1,0.6003
"Sub042_ToD_Online","OA","Morning",1,"hotdog1_tr.png",511,151,0.109025049,-0.196686395,7.5198,197,0.027406245,-0.223205952,"Bckg126.jpg",152,42,3,1,1,1,2,152,327,275,320,152,"hotdog1_tr.png",1,173,173,11.6141,1,1.4836,2,1.1671
"Sub042_ToD_Online","OA","Morning",1,"jackolantern1_tr.png",59,59,0.19276166,0.11582289,5.1991,197,0.186435785,0.125752525,"Bckg21.jpg",51,93,117,3,1,1,116,51,161,66,118,51,"jackolantern1_tr.png",1,56,56,5.5545,1,1.1933,1,0.3338
"Sub042_ToD_Online","OA","Morning",1,"jellybeans1_tr.png",585,225,-0.159015722,-0.159015722,7.1235,197,NA,NA,"Bckg46.jpg",235,49,95,3,1,1,105,235,347,110,157,235,"jellybeans1_tr.png",1,110,110,2.6877,1,2.5851,2,0.4225
"Sub042_ToD_Online","OA","Morning",1,"lemon1_tr.png",385,25,0.09503932,0.20381248,6.9987,197,0.141522948,0.174766286,"Bckg99.jpg",20,66,107,3,1,1,89,20,265,285,180,20,"lemon1_tr.png",1,399,39,4.8161,1,2.4044,1,0.3912
"Sub042_ToD_Online","OA","Morning",1,"lipstick1_tr.png",468,108,0.213875672,-0.069492418,8.5201,197,0.212630288,-0.07321448,"Bckg22.jpg",106,22,50,2,1,1,69,106,284,129,228,106,"lipstick1_tr.png",1,109,109,7.2318,1,1.4576,1,0.5173
"Sub042_ToD_Online","OA","Morning",1,"loaf1_tr.png",465,105,0.217219515,-0.058203794,7.9121,197,0.213875672,-0.069492418,"Bckg90.jpg",101,25,43,2,1,1,70,101,357,138,325,101,"loaf1_tr.png",1,108,108,4.6659,1,1.6974,1,0.4579
"Sub042_ToD_Online","OA","Morning",1,"mouthwash1_tr.png",-9,351,-0.035179325,0.222113517,9.462,197,-0.046755636,0.219967975,"Bckg109.jpg",352,100,47,2,1,1,74,352,115,250,226,352,"mouthwash1_tr.png",1,348,348,5.349,1,1.5071,1,0.5004
"Sub042_ToD_Online","OA","Morning",1,"pickle1_tr.png",137,137,0.153369285,-0.164468422,5.0823,197,0.098581864,-0.202122773,"Bckg66.jpg",150,83,81,3,1,1,118,150,65,78,256,150,"pickle1_tr.png",1,154,154,3.9964,1,1.1733,1,0.3052
"Sub042_ToD_Online","OA","Morning",1,"present1_tr.png",193,193,-0.050587486,-0.219118474,5.9155,197,-0.031297552,-0.222693652,"Bckg121.jpg",184,46,57,2,1,1,80,184,45,118,188,184,"present1_tr.png",1,188,188,7.4982,1,1.6838,1,0.3336
"Sub042_ToD_Online","OA","Morning",1,"qtips1_tr.png",153,153,0.102094378,-0.200371498,5.0825,197,0.080590569,-0.209945611,"Bckg129.jpg",171,92,76,2,1,1,57,171,235,155,124,171,"qtips1_tr.png",1,159,159,6.8317,1,1.5244,1,0.3005
"Sub042_ToD_Online","OA","Morning",1,"seashell1_tr.png",204,204,-0.091467827,-0.205440103,4.1161,197,-0.091467827,-0.205440103,"Bckg8.jpg",205,13,65,2,1,1,62,205,224,134,59,205,"seashell1_tr.png",1,204,204,8.3055,1,1.5377,1,0.3338
"Sub042_ToD_Online","OA","Morning",1,"sink1_tr.png",179,179,0.003924735,-0.224847939,3.866,197,0.050587486,-0.219118474,"Bckg32.jpg",178,112,111,3,1,1,92,178,267,137,336,178,"sink1_tr.png",1,167,167,4.6844,1,1.6922,1,0.2171
"Sub042_ToD_Online","OA","Morning",1,"steeringwheel1_tr.png",220,220,-0.144551485,-0.172269752,5.6924,197,-0.13533748,-0.179598903,"Bckg62.jpg",229,90,41,2,1,1,77,229,132,225,181,229,"steeringwheel1_tr.png",1,217,217,5.0825,1,1.4833,1,0.2674
"Sub042_ToD_Online","OA","Morning",1,"stoplights1_tr.png",214,214,NA,NA,2.0499,197,-0.208507136,-0.084242351,"Bckg53.jpg",219,60,10,1,1,1,5,219,214,124,240,219,"stoplights1_tr.png",1,248,248,9.2027,1,7.532,2,1.4218
"Sub042_ToD_Online","OA","Morning",1,"streamer1_tr.png",-25,335,-0.09503932,0.20381248,6.0154,197,-0.084242351,0.208507136,"Bckg4.jpg",338,35,88,3,1,1,96,338,69,290,195,338,"streamer1_tr.png",1,338,338,8.215,1,1.4001,1,0.3672
"Sub042_ToD_Online","OA","Morning",1,"tennisball1_tr.png",376,16,0.061985932,0.216170635,10.3479,197,0.069492418,0.213875672,"Bckg125.jpg",15,31,77,2,1,1,61,15,270,276,311,15,"tennisball1_tr.png",1,378,18,6.2657,1,3.4164,1,1.1885
"Sub042_ToD_Online","OA","Morning",1,"tissuebox1_tr.png",3,3,0.011769424,0.224573997,4.949,197,-0.039050382,0.221465724,"Bckg98.jpg",1,12,118,3,1,1,82,1,95,272,311,1,"tissuebox1_tr.png",1,350,350,6.6134,1,2.0834,1,0.9998
"Sub042_ToD_Online","OA","Morning",1,"toad1_tr.png",404,44,0.156216296,0.16176671,7.5152,197,NA,NA,"Bckg65.jpg",25,27,29,1,1,1,22,25,278,24,220,25,"toad1_tr.png",1,24,24,4.5827,1,3.3996,2,0.4335
"Sub042_ToD_Online","OA","Morning",1,"toaster1_tr.png",355,355,-0.019599774,0.224026445,3.9827,197,-0.011769424,0.224573997,"Bckg104.jpg",358,119,8,1,1,1,38,358,291,211,356,358,"toaster1_tr.png",1,357,357,6.2989,1,1.8165,1,0.4838
"Sub042_ToD_Online","OA","Morning",1,"tractor1_tr.png",306,306,-0.181933513,0.132182435,7.565,197,-0.186435785,0.125752525,"Bckg63.jpg",316,86,62,2,1,1,53,316,132,20,87,316,"tractor1_tr.png",1,-56,304,7.4989,1,1.7498,1,0.8172
"Sub042_ToD_Online","OA","Morning",1,"train1_tr.png",131,131,0.169720743,-0.147535991,6.5321,197,0.128987125,-0.184212706,"Bckg61.jpg",127,104,37,1,1,1,24,127,71,191,165,127,"train1_tr.png",1,145,145,6.7151,1,3.1676,1,1.2223
"Sub042_ToD_Online","OA","Morning",1,"umbrella1_tr.png",138,138,0.150475556,-0.167120036,3.8076,197,0.194753689,-0.112441095,"Bckg50.jpg",134,101,21,1,1,1,8,134,64,344,85,134,"umbrella1_tr.png",1,480,120,8.9983,1,2.7831,2,1.4333
"Sub042_ToD_Online","OA","Morning",1,"valentinesdaycard1_tr.png",342,342,-0.069492418,0.213875672,4.5992,197,-0.102094378,0.200371498,"Bckg111.jpg",338,26,114,3,1,1,110,338,234,203,108,338,"valentinesdaycard1_tr.png",1,333,333,4.8325,1,1.1256,1,0.6138
"Sub042_ToD_Online","OA","Morning",1,"washingmachine1_tr.png",328,328,-0.119169405,0.190710913,4.3589,197,NA,NA,"Bckg85.jpg",341,34,33,1,1,1,31,341,282,53,158,341,"washingmachine1_tr.png",1,53,53,2.3191,1,4.516,1,0.6835
"Sub042_ToD_Online","OA","Morning",1,"watch1_tr.png",145,145,0.128987125,-0.184212706,4.5883,197,0.09503932,-0.20381248,"Bckg117.jpg",119,43,56,2,1,1,41,119,181,237,158,119,"watch1_tr.png",1,155,155,8.8814,1,1.832,2,1.7007
"Sub042_ToD_Online","OA","Morning",1,"wisk1_tr.png",320,320,-0.144551485,0.172269752,6.9334,197,-0.20381248,0.09503932,"Bckg95.jpg",315,23,80,2,1,1,76,315,150,163,135,315,"wisk1_tr.png",1,295,295,12.5685,1,1.5578,2,2.0766
"Sub043_ToD_Online","OA","Morning",1,"apple1_tr.png",477,117,0.196079217,-0.099907351,4.2297,177,0.089508438,-0.201039244,"Bckg81.jpg",114,62,64,2,1,1,44,114,347,32,264,114,"apple1_tr.png",1,156,156,6.1506,1,3.45,2,0.9329
"Sub043_ToD_Online","OA","Morning",1,"asparagus1_tr.png",260,260,-0.21672157,-0.03821386,5.3211,177,-0.219763259,0.011517304,"Bckg134.jpg",263,47,34,1,1,1,20,263,290,137,190,263,"asparagus1_tr.png",1,273,273,10.6339,1,2.8671,2,1.3174
"Sub043_ToD_Online","OA","Morning",1,"bagel1_tr.png",241,241,-0.192473055,-0.106689556,2.0839,177,0.21672157,0.03821386,"Bckg43.jpg",246,20,88,3,1,1,106,246,243,284,250,246,"bagel1_tr.png",1,440,80,5.7315,1,1.5879,2,0.8068
"Sub043_ToD_Online","OA","Morning",1,"basket1_tr.png",116,116,0.197792977,-0.096470081,5.1341,177,0.173413468,-0.13548545,"Bckg24.jpg",110,8,17,1,1,1,25,110,14,332,96,110,"basket1_tr.png",1,488,128,5.7839,1,1.2389,2,0.507
"Sub043_ToD_Online","OA","Morning",1,"bathroomscale1_tr.png",227,227,-0.160945243,-0.150083867,2.7671,177,-0.138491297,-0.171022509,"Bckg17.jpg",226,17,110,3,1,1,109,226,235,285,318,226,"bathroomscale1_tr.png",1,219,219,3.4995,1,1.4839,2,0.9211
"Sub043_ToD_Online","OA","Morning",1,"bell1_tr.png",353,353,-0.026819159,0.21842452,4.3808,177,0.053238506,0.213527983,"Bckg36.jpg",349,78,53,2,1,1,75,349,287,282,294,349,"bell1_tr.png",1,374,14,5.6005,1,1.203,2,1.251
"Sub043_ToD_Online","OA","Morning",1,"bottleofwine1_tr.png",135,135,0.155609348,-0.155609348,4.603,177,0.150083867,-0.160945243,"Bckg29.jpg",126,71,22,1,1,1,38,126,55,131,270,126,"bottleofwine1_tr.png",1,137,137,6.4344,1,1.2741,1,5.6129
"Sub043_ToD_Online","OA","Morning",1,"bowlingpin1_tr.png",301,301,-0.188632393,0.113341777,4.0874,177,-0.155609348,-0.155609348,"Bckg34.jpg",301,48,85,3,1,1,97,301,219,51,324,301,"bowlingpin1_tr.png",1,-135,225,8.2654,1,1.6204,2,0.6401
"Sub043_ToD_Online","OA","Morning",1,"boxinggloves1_tr.png",273,273,-0.219763259,0.011517304,4.816,177,-0.220031333,0.003840661,"Bckg131.jpg",276,95,120,3,1,1,88,276,159,125,149,276,"boxinggloves1_tr.png",1,271,271,7.172,1,1.7979,1,0.921
"Sub043_ToD_Online","OA","Morning",1,"breakfast1_tr.png",306,306,-0.178036204,0.129350873,3.2433,177,-0.180266572,0.126224012,"Bckg89.jpg",300,3,20,1,1,1,10,300,348,149,173,300,"breakfast1_tr.png",1,-55,305,7.1427,1,2.9007,2,0.9672
"Sub043_ToD_Online","OA","Morning",1,"clock1_tr.png",132,132,0.163540055,-0.147252127,2.2284,177,0.150083867,-0.160945243,"Bckg137.jpg",133,76,41,2,1,1,52,133,128,1,280,133,"clock1_tr.png",1,137,137,5.4251,1,1.7954,2,0.5944
"Sub043_ToD_Online","OA","Morning",1,"cow1_tr.png",-12,348,-0.045754055,0.215255905,8.7867,177,-0.056956974,0.212566322,"Bckg113.jpg",352,24,36,1,1,1,32,352,172,11,137,352,"cow1_tr.png",1,-15,345,4.1666,1,1.5836,1,1.2669
"Sub043_ToD_Online","OA","Morning",1,"crayon1_tr.png",262,262,-0.217923194,-0.030627108,4.7097,177,-0.219528783,-0.015350948,"Bckg87.jpg",267,33,100,3,1,1,94,267,220,22,283,267,"crayon1_tr.png",1,-94,266,5.2272,1,1.4892,2,0.6047
"Sub043_ToD_Online","OA","Morning",1,"eggs1_tr.png",80,80,0.21672157,0.03821386,4.2509,177,0.219763259,0.011517304,"Bckg132.jpg",84,28,107,3,1,1,117,84,124,265,170,84,"eggs1_tr.png",1,447,87,5.6862,1,1.5808,2,0.7713
"Sub043_ToD_Online","OA","Morning",1,"fireextinguisher1_tr.png",306,306,-0.178036204,0.129350873,5.3877,177,-0.190581751,0.110032425,"Bckg88.jpg",294,85,27,1,1,1,14,294,212,94,215,294,"fireextinguisher1_tr.png",1,-60,300,7.0672,1,2.5011,2,1.7823
"Sub043_ToD_Online","OA","Morning",1,"goggle1_tr.png",29,29,0.106689556,0.192473055,5.1333,177,0.096470081,0.197792977,"Bckg120.jpg",25,96,30,1,1,1,27,25,157,292,131,25,"goggle1_tr.png",1,386,26,6.3776,1,4.0343,1,2.3673
"Sub043_ToD_Online","OA","Morning",1,"hammer1_tr.png",245,245,-0.199446487,-0.093003424,5.25,177,-0.166085051,-0.144375532,"Bckg138.jpg",237,118,47,2,1,1,64,237,139,321,245,237,"hammer1_tr.png",1,229,229,4.6166,1,1.0449,1,1.2334
"Sub043_ToD_Online","OA","Morning",1,"handsoap1_tr.png",438,78,0.215255905,0.045754055,7.9891,177,0.202570762,0.085986187,"Bckg73.jpg",74,57,80,2,1,1,55,74,352,41,5,74,"handsoap1_tr.png",1,67,67,5.2169,1,2.1673,1,1.5452
"Sub043_ToD_Online","OA","Morning",1,"hat1_tr.png",235,235,-0.180266572,-0.126224012,9.6671,177,-0.168579455,-0.141454959,"Bckg133.jpg",235,68,109,3,1,1,115,235,251,330,13,235,"hat1_tr.png",1,230,230,4.0742,1,1.1924,1,0.8622
"Sub043_ToD_Online","OA","Morning",1,"kite1_tr.png",179,179,0.003840661,-0.220031333,5.6694,177,0.011517304,-0.219763259,"Bckg128.jpg",181,115,106,3,1,1,105,181,59,221,177,181,"kite1_tr.png",1,177,177,4.6898,1,1.364,1,0.5513
"Sub043_ToD_Online","OA","Morning",1,"lemon1_tr.png",387,27,0.099907351,0.196079217,4.849,177,-0.026819159,0.21842452,"Bckg99.jpg",20,66,75,2,1,1,79,20,265,285,180,20,"lemon1_tr.png",1,353,353,4.8545,1,2.3297,2,1.2501
"Sub043_ToD_Online","OA","Morning",1,"lipstick1_tr.png",464,104,0.213527983,-0.053238506,7.5529,177,0.119855908,0.184561913,"Bckg22.jpg",106,22,56,2,1,1,41,106,284,129,228,106,"lipstick1_tr.png",1,33,33,4.5002,1,1.9502,2,1.0199
"Sub043_ToD_Online","OA","Morning",1,"loaf1_tr.png",459,99,0.217355487,-0.034425727,4.9676,177,0.21672157,0.03821386,"Bckg90.jpg",101,25,87,3,1,1,114,101,357,138,325,101,"loaf1_tr.png",1,80,80,3.4675,1,1.5242,2,1.0753
"Sub043_ToD_Online","OA","Morning",1,"nailpolish1_tr.png",-30,330,-0.110032425,0.190581751,9.5139,177,-0.168579455,-0.141454959,"Bckg84.jpg",301,32,12,1,1,1,13,301,148,320,226,301,"nailpolish1_tr.png",1,230,230,6.0007,1,1.4773,2,0.7932
"Sub043_ToD_Online","OA","Morning",1,"oven1_tr.png",473,113,0.202570762,-0.085986187,5.6739,177,0.171022509,-0.138491297,"Bckg55.jpg",111,9,52,2,1,1,46,111,305,27,70,111,"oven1_tr.png",1,129,129,4.2601,1,1.4819,2,2.111
"Sub043_ToD_Online","OA","Morning",1,"pan1_tr.png",131,131,0.166085051,-0.144375532,5.2088,177,0.110032425,-0.190581751,"Bckg58.jpg",133,116,37,1,1,1,4,133,89,30,229,133,"pan1_tr.png",1,150,150,6.2921,1,1.1471,2,0.6674
"Sub043_ToD_Online","OA","Morning",1,"partyhats1_tr.png",45,45,0.155609348,0.155609348,7.1838,177,0.150083867,0.160945243,"Bckg110.jpg",52,18,5,1,1,1,21,52,175,231,196,52,"partyhats1_tr.png",1,43,43,7.2974,1,4.4415,1,1.8437
"Sub043_ToD_Online","OA","Morning",1,"penguin1_tr.png",429,69,0.205448237,0.078864189,4.1499,177,0.219930792,-0.007680153,"Bckg114.jpg",71,7,18,1,1,1,11,71,333,350,66,71,"penguin1_tr.png",1,452,92,5.4843,1,1.4916,2,0.862
"Sub043_ToD_Online","OA","Morning",1,"pinecone1_tr.png",162,162,0.068003779,-0.20929411,3.2004,177,0.099907351,-0.196079217,"Bckg10.jpg",167,55,89,3,1,1,101,167,204,167,102,167,"pinecone1_tr.png",1,153,153,4.2173,1,1.5,1,0.9688
"Sub043_ToD_Online","OA","Morning",1,"pizza1_tr.png",39,39,0.138491297,0.171022509,5.4926,177,0.155609348,0.155609348,"Bckg83.jpg",31,80,92,3,1,1,95,31,153,237,175,31,"pizza1_tr.png",1,405,45,5.3232,1,1.5041,1,1.262
"Sub043_ToD_Online","OA","Morning",1,"podium1_tr.png",-13,347,-0.04950382,0.214424602,11.0587,177,-0.129350873,0.178036204,"Bckg75.jpg",356,113,31,1,1,1,17,356,73,322,182,356,"podium1_tr.png",1,324,324,6.925,1,4.0308,2,3.3167
"Sub043_ToD_Online","OA","Morning",1,"pokerchips1_tr.png",15,15,0.056956974,0.212566322,6.367,177,0.003840661,0.220031333,"Bckg127.jpg",11,88,96,3,1,1,92,11,51,229,63,11,"pokerchips1_tr.png",1,361,1,5.4325,1,2.0401,2,0.7413
"Sub043_ToD_Online","OA","Morning",1,"popcorn1_tr.png",143,143,0.132438333,-0.175751604,4.6259,177,0.158301405,-0.15286989,"Bckg76.jpg",144,15,69,2,1,1,76,144,211,30,310,144,"popcorn1_tr.png",1,134,134,4.7826,1,1.9654,2,0.9009
"Sub043_ToD_Online","OA","Morning",1,"present1_tr.png",189,189,-0.034425727,-0.217355487,8.5174,177,-0.096470081,-0.197792977,"Bckg121.jpg",184,46,51,2,1,1,69,184,45,118,188,184,"present1_tr.png",1,206,206,5.4183,1,1.331,2,0.6547
"Sub043_ToD_Online","OA","Morning",1,"qtips1_tr.png",155,155,0.093003424,-0.199446487,5.9039,177,0.011517304,-0.219763259,"Bckg129.jpg",171,92,4,1,1,1,2,171,235,155,124,171,"qtips1_tr.png",1,177,177,4.0672,1,1.8009,2,1.1857
"Sub043_ToD_Online","OA","Morning",1,"ricecooker1_tr.png",16,16,0.060658093,0.211539911,8.8339,177,0.003840661,0.220031333,"Bckg102.jpg",14,19,40,1,1,1,35,14,178,267,92,14,"ricecooker1_tr.png",1,361,1,7.0336,1,2.5891,2,1.1672
"Sub043_ToD_Online","OA","Morning",1,"rollingpin1_tr.png",-134,226,-0.158301405,-0.15286989,5.9503,177,-0.163540055,-0.147252127,"Bckg69.jpg",228,89,118,3,1,1,112,228,12,120,126,228,"rollingpin1_tr.png",1,228,228,6.1336,1,2.8421,1,1.3346
"Sub043_ToD_Online","OA","Morning",1,"rubikscube1_tr.png",118,118,0.19430573,-0.103314189,5.8908,177,0.19430573,-0.103314189,"Bckg122.jpg",113,105,42,2,1,1,48,113,4,222,200,113,"rubikscube1_tr.png",1,118,118,5.5841,1,1.7892,1,1.4339
"Sub043_ToD_Online","OA","Morning",1,"scarf1_tr.png",269,269,-0.220031333,-0.003840661,5.2528,177,-0.215255905,-0.045754055,"Bckg51.jpg",276,59,95,3,1,1,83,276,231,56,236,276,"scarf1_tr.png",1,-102,258,6.3072,1,1.6318,1,1.1412
"Sub043_ToD_Online","OA","Morning",1,"seashell1_tr.png",206,206,-0.096470081,-0.197792977,4.6243,177,-0.096470081,-0.197792977,"Bckg8.jpg",205,13,93,3,1,1,91,205,224,134,59,205,"seashell1_tr.png",1,206,206,4.425,1,1.5668,1,0.8847
"Sub043_ToD_Online","OA","Morning",1,"silvertray1_tr.png",291,291,-0.205448237,0.078864189,5.4807,177,-0.216021639,0.041990353,"Bckg64.jpg",288,6,111,3,1,1,86,288,241,343,248,288,"silvertray1_tr.png",1,281,281,3.0871,1,2.6498,2,0.7216
"Sub043_ToD_Online","OA","Morning",1,"sippycup1_tr.png",116,116,0.197792977,-0.096470081,4.6506,177,0.150083867,-0.160945243,"Bckg105.jpg",107,106,39,1,1,1,29,107,24,15,204,107,"sippycup1_tr.png",1,137,137,5.2839,1,7.5172,2,2.3692
"Sub043_ToD_Online","OA","Morning",1,"slide1_tr.png",44,44,0.15286989,0.158301405,5.5514,177,0.160945243,0.150083867,"Bckg94.jpg",44,44,58,2,1,1,59,44,4,217,28,44,"slide1_tr.png",1,407,47,8.1094,1,1.7997,2,1.202
"Sub043_ToD_Online","OA","Morning",1,"soccerball1_tr.png",46,46,0.158301405,0.15286989,3.6169,177,0.155609348,0.155609348,"Bckg101.jpg",43,53,104,3,1,1,104,43,86,145,39,43,"soccerball1_tr.png",1,45,45,4.8105,1,1.2322,1,0.5689
"Sub043_ToD_Online","OA","Morning",1,"starfish1_tr.png",73,73,0.210449063,0.064340735,5.6159,177,-0.138491297,-0.171022509,"Bckg106.jpg",77,54,115,3,1,1,84,77,197,61,78,77,"starfish1_tr.png",1,-141,219,5.887,1,1.5678,2,1.0371
"Sub043_ToD_Online","OA","Morning",1,"streamer1_tr.png",-19,341,-0.071646107,0.208075404,6.5002,177,-0.007680153,0.219930792,"Bckg4.jpg",338,35,35,1,1,1,18,338,69,290,195,338,"streamer1_tr.png",1,358,358,6.6839,1,1.4674,1,1.223
"Sub043_ToD_Online","OA","Morning",1,"suit1_tr.png",269,269,-0.220031333,-0.003840661,4.8835,177,-0.220031333,0.003840661,"Bckg52.jpg",262,36,102,3,1,1,120,262,153,255,138,262,"suit1_tr.png",1,271,271,3.052,1,1.3408,1,1.2529
"Sub043_ToD_Online","OA","Morning",1,"telephonebooth1_tr.png",-156,204,-0.089508438,-0.201039244,6.3765,177,-0.085986187,-0.202570762,"Bckg107.jpg",214,63,79,2,1,1,58,214,64,281,300,214,"telephonebooth1_tr.png",1,203,203,7.5673,1,2.2495,2,0.7669
"Sub043_ToD_Online","OA","Morning",1,"tissuebox1_tr.png",-7,353,-0.026819159,0.21842452,4.4719,177,0.030627108,0.217923194,"Bckg98.jpg",1,12,15,1,1,1,9,1,95,272,311,1,"tissuebox1_tr.png",1,368,8,5.6697,1,1.9561,2,1.1352
"Sub043_ToD_Online","OA","Morning",1,"toad1_tr.png",386,26,0.096470081,0.197792977,6.0586,177,0.116616603,0.186625577,"Bckg65.jpg",25,27,67,2,1,1,74,25,278,24,220,25,"toad1_tr.png",1,32,32,3.6827,1,1.2358,1,1.3963
"Sub043_ToD_Online","OA","Morning",1,"toaster1_tr.png",353,353,-0.026819159,0.21842452,4.8845,177,-0.04950382,0.214424602,"Bckg104.jpg",358,119,117,3,1,1,87,358,291,211,356,358,"toaster1_tr.png",1,347,347,8.8837,1,1.25,1,2.0896
"Sub043_ToD_Online","OA","Morning",1,"toothpaste1_tr.png",254,254,-0.211539911,-0.060658093,5.8329,177,-0.188632393,-0.113341777,"Bckg38.jpg",259,1,76,2,1,1,54,259,232,85,230,259,"toothpaste1_tr.png",1,239,239,6.9499,1,1.7899,2,0.6879
"Sub043_ToD_Online","OA","Morning",1,"train1_tr.png",119,119,0.192473055,-0.106689556,6.7675,177,0.132438333,-0.175751604,"Bckg61.jpg",127,104,78,2,1,1,66,127,71,191,165,127,"train1_tr.png",1,143,143,8.4208,1,2.868,2,1.4744
"Sub043_ToD_Online","OA","Morning",1,"turtle1_tr.png",215,215,-0.126224012,-0.180266572,6.4509,177,-0.116616603,-0.186625577,"Bckg44.jpg",223,61,26,1,1,1,5,223,185,158,305,223,"turtle1_tr.png",1,212,212,5.6841,1,1.7297,2,0.779
"Sub043_ToD_Online","OA","Morning",1,"vacuum1_tr.png",467,107,0.210449063,-0.064340735,6.4729,177,0.182442029,-0.123058702,"Bckg60.jpg",108,97,50,2,1,1,42,108,327,356,335,108,"vacuum1_tr.png",1,484,124,5.7499,1,1.6857,2,2.3458
"Sub043_ToD_Online","OA","Morning",1,"valentinesdaycard1_tr.png",334,334,-0.096470081,0.197792977,5.8823,177,-0.003840661,0.220031333,"Bckg111.jpg",338,26,28,1,1,1,15,338,234,203,108,338,"valentinesdaycard1_tr.png",1,-1,359,9.285,1,1.6926,2,1.0172
"Sub043_ToD_Online","OA","Morning",1,"waterfilter1_tr.png",112,112,0.204040576,-0.082437744,6.1705,177,0.206793316,-0.075266612,"Bckg123.jpg",115,56,49,2,1,1,70,115,280,232,286,115,"waterfilter1_tr.png",1,110,110,6.2405,1,1.0151,2,1.034
"Sub043_ToD_Online","OA","Morning",1,"wreath1_tr.png",225,225,-0.155609348,-0.155609348,4.8329,177,-0.099907351,-0.196079217,"Bckg71.jpg",229,98,48,2,1,1,49,229,357,97,101,229,"wreath1_tr.png",1,207,207,4.563,1,1.2505,2,2.9703
"Sub044_ToD_Online","OA","Morning",1,"abacus1_tr.png",-53,307,-0.175751604,0.132438333,7.1851,114,NA,NA,"Bckg135.jpg",299,41,23,1,1,1,24,299,113,108,23,299,"abacus1_tr.png",1,108,108,1.1785,1,2.2272,2,1.3966
"Sub044_ToD_Online","OA","Morning",1,"airfreshener1_tr.png",10,10,0.03821386,0.21672157,7.8788,114,NA,NA,"Bckg42.jpg",2,91,74,2,1,1,68,2,156,345,88,2,"airfreshener1_tr.png",1,345,345,0.7022,1,1.7438,2,1.0649
"Sub044_ToD_Online","OA","Morning",1,"apple1_tr.png",473,113,0.202570762,-0.085986187,5.6978,114,NA,NA,"Bckg81.jpg",114,62,102,3,1,1,109,114,347,32,264,114,"apple1_tr.png",1,32,32,1.2105,1,1.8871,2,0.8149
"Sub044_ToD_Online","OA","Morning",1,"asparagus1_tr.png",248,248,-0.204040576,-0.082437744,3.4906,114,NA,NA,"Bckg134.jpg",263,47,28,1,1,1,30,263,290,137,190,263,"asparagus1_tr.png",1,137,137,1.2022,1,1.8337,2,0.9686
"Sub044_ToD_Online","OA","Morning",1,"banana1_tr.png",395,35,0.126224012,0.180266572,8.0034,114,NA,NA,"Bckg93.jpg",44,114,59,2,1,1,66,44,233,78,338,44,"banana1_tr.png",1,78,78,0.7131,1,1.3903,2,0.5506
"Sub044_ToD_Online","OA","Morning",1,"bathingsuit1_tr.png",303,303,-0.184561913,0.119855908,4.0582,114,NA,NA,"Bckg19.jpg",288,65,50,2,1,1,52,288,311,51,176,288,"bathingsuit1_tr.png",1,51,51,0.519,1,1.6257,2,0.5364
"Sub044_ToD_Online","OA","Morning",1,"binder1_tr.png",90,90,0.22006485,0,7.1815,114,NA,NA,"Bckg82.jpg",91,21,37,1,1,1,36,91,236,320,312,91,"binder1_tr.png",1,320,320,8.0259,1,2.1749,2,4.5089
"Sub044_ToD_Online","OA","Morning",1,"bowls1_tr.png",436,76,0.213527983,0.053238506,7.919,114,NA,NA,"Bckg103.jpg",76,79,92,3,1,1,103,76,238,207,139,76,"bowls1_tr.png",1,207,207,1.3329,1,1.7214,2,2.9153
"Sub044_ToD_Online","OA","Morning",1,"cakemixer1_tr.png",-128,232,-0.173413468,-0.13548545,8.779,114,NA,NA,"Bckg12.jpg",255,117,116,3,1,1,98,255,108,314,330,255,"cakemixer1_tr.png",1,314,314,5.3694,1,3.2213,2,1.6504
"Sub044_ToD_Online","OA","Morning",1,"christmasstocking1_tr.png",156,156,0.089508438,-0.201039244,7.3697,114,NA,NA,"Bckg136.jpg",165,50,107,3,1,1,104,165,322,246,121,165,"christmasstocking1_tr.png",1,246,246,1.0767,1,4.1945,2,1.2881
"Sub044_ToD_Online","OA","Morning",1,"coke1_tr.png",-37,323,-0.132438333,0.175751604,5.5373,114,NA,NA,"Bckg78.jpg",322,74,72,2,1,1,80,322,31,323,307,322,"coke1_tr.png",1,323,323,1.1175,1,1.7873,2,1.1987
"Sub044_ToD_Online","OA","Morning",1,"cow1_tr.png",-12,348,-0.045754055,0.215255905,7.3809,114,NA,NA,"Bckg113.jpg",352,24,115,3,1,1,86,352,172,11,137,352,"cow1_tr.png",1,11,11,0.7463,1,1.6752,2,0.8852
"Sub044_ToD_Online","OA","Morning",1,"eggs1_tr.png",68,68,0.204040576,0.082437744,5.2688,114,NA,NA,"Bckg132.jpg",84,28,30,1,1,1,35,84,124,265,170,84,"eggs1_tr.png",1,265,265,1.7502,1,3.098,2,0.7691
"Sub044_ToD_Online","OA","Morning",1,"fantacan1_tr.png",140,140,0.141454959,-0.168579455,5.6372,114,NA,NA,"Bckg86.jpg",126,84,119,3,1,1,96,126,32,278,53,126,"fantacan1_tr.png",1,278,278,5.5006,1,3.7553,2,1.3831
"Sub044_ToD_Online","OA","Morning",1,"handsoap1_tr.png",432,72,0.20929411,0.068003779,4.933,114,NA,NA,"Bckg73.jpg",74,57,43,2,1,1,77,74,352,41,5,74,"handsoap1_tr.png",1,41,41,1.3959,1,1.4787,2,0.5751
"Sub044_ToD_Online","OA","Morning",1,"highheel1_tr.png",108,108,NA,NA,1.348,114,NA,NA,"Bckg57.jpg",128,77,51,2,1,1,69,128,108,34,194,128,"highheel1_tr.png",1,34,34,1.097,1,1.9073,2,0.8171
"Sub044_ToD_Online","OA","Morning",1,"iceskates1_tr.png",172,172,0.030627108,-0.217923194,5.2795,114,NA,NA,"Bckg27.jpg",186,64,89,3,1,1,119,186,280,131,293,186,"iceskates1_tr.png",1,131,131,0.7713,1,1.3702,2,2.2971
"Sub044_ToD_Online","OA","Morning",1,"jackolantern1_tr.png",39,39,0.138491297,0.171022509,7.8618,114,NA,NA,"Bckg21.jpg",51,93,90,3,1,1,83,51,161,66,118,51,"jackolantern1_tr.png",1,66,66,1.0781,1,2.6033,2,0.6497
"Sub044_ToD_Online","OA","Morning",1,"jellybeans1_tr.png",589,229,-0.166085051,-0.144375532,8.7939,114,NA,NA,"Bckg46.jpg",235,49,33,1,1,1,23,235,347,110,157,235,"jellybeans1_tr.png",1,110,110,3.4565,1,2.1577,1,2.4275
"Sub044_ToD_Online","OA","Morning",1,"kite1_tr.png",191,191,-0.041990353,-0.216021639,6.7318,114,NA,NA,"Bckg128.jpg",181,115,49,2,1,1,59,181,59,221,177,181,"kite1_tr.png",1,221,221,0.6264,1,1.4615,2,0.5512
"Sub044_ToD_Online","OA","Morning",1,"lemon1_tr.png",381,21,0.078864189,0.205448237,7.4161,114,NA,NA,"Bckg99.jpg",20,66,108,3,1,1,87,20,265,285,180,20,"lemon1_tr.png",1,285,285,0.945,1,3.5323,2,1.2735
"Sub044_ToD_Online","OA","Morning",1,"lipstick1_tr.png",454,94,0.219528783,-0.015350948,7.0978,114,NA,NA,"Bckg22.jpg",106,22,47,2,1,1,61,106,284,129,228,106,"lipstick1_tr.png",1,129,129,0.8291,1,1.6776,2,0.7834
"Sub044_ToD_Online","OA","Morning",1,"nailpolish1_tr.png",-42,318,-0.147252127,0.163540055,8.9544,114,NA,NA,"Bckg84.jpg",301,32,6,1,1,1,2,301,148,320,226,301,"nailpolish1_tr.png",1,320,320,2.0519,1,7.9329,2,0.8674
"Sub044_ToD_Online","OA","Morning",1,"oven1_tr.png",109,109,0.208075404,-0.071646107,7.9454,114,NA,NA,"Bckg55.jpg",111,9,69,2,1,1,42,111,305,27,70,111,"oven1_tr.png",1,27,27,0.7919,1,3.9994,2,0.6994
"Sub044_ToD_Online","OA","Morning",1,"paintpalette1_tr.png",263,263,-0.21842452,-0.026819159,5.6403,114,NA,NA,"Bckg56.jpg",259,16,64,2,1,1,79,259,311,154,192,259,"paintpalette1_tr.png",1,154,154,0.5931,1,1.4673,2,0.8358
"Sub044_ToD_Online","OA","Morning",1,"penguin1_tr.png",447,87,0.219763259,0.011517304,5.3883,114,NA,NA,"Bckg114.jpg",71,7,111,3,1,1,91,71,333,350,66,71,"penguin1_tr.png",1,350,350,0.9058,1,1.8206,2,1.1212
"Sub044_ToD_Online","OA","Morning",1,"pickle1_tr.png",133,133,0.160945243,-0.150083867,5.4691,114,NA,NA,"Bckg66.jpg",150,83,57,2,1,1,46,150,65,78,256,150,"pickle1_tr.png",1,78,78,0.5997,1,1.92,2,0.6506
"Sub044_ToD_Online","OA","Morning",1,"pin1_tr.png",310,310,-0.168579455,0.141454959,5.8209,114,NA,NA,"Bckg59.jpg",300,82,117,3,1,1,117,300,260,88,40,300,"pin1_tr.png",1,88,88,0.7781,1,3.7051,2,0.5723
"Sub044_ToD_Online","OA","Morning",1,"qtips1_tr.png",177,177,0.011517304,-0.219763259,4.9105,114,NA,NA,"Bckg129.jpg",171,92,1,1,1,1,6,171,235,155,124,171,"qtips1_tr.png",1,155,155,2.2182,1,2.4349,1,1.6673
"Sub044_ToD_Online","OA","Morning",1,"ricecooker1_tr.png",400,40,0.141454959,0.168579455,8.5181,114,NA,NA,"Bckg102.jpg",14,19,39,1,1,1,10,14,178,267,92,14,"ricecooker1_tr.png",1,267,267,1.3359,1,1.7201,2,0.6826
"Sub044_ToD_Online","OA","Morning",1,"rollingpin1_tr.png",-144,216,-0.129350873,-0.178036204,6.9903,114,NA,NA,"Bckg69.jpg",228,89,67,2,1,1,64,228,12,120,126,228,"rollingpin1_tr.png",1,120,120,0.5648,1,1.4619,2,0.5541
"Sub044_ToD_Online","OA","Morning",1,"rubikscube1_tr.png",128,128,0.173413468,-0.13548545,6.3332,114,NA,NA,"Bckg122.jpg",113,105,21,1,1,1,28,113,4,222,200,113,"rubikscube1_tr.png",1,222,222,2.2917,1,2.2705,2,1.2308
"Sub044_ToD_Online","OA","Morning",1,"scrabble1_tr.png",16,16,0.060658093,0.211539911,7.1538,114,NA,NA,"Bckg91.jpg",15,39,95,3,1,1,99,15,152,156,110,15,"scrabble1_tr.png",1,156,156,1.6276,1,3.1529,2,0.5851
"Sub044_ToD_Online","OA","Morning",1,"sink1_tr.png",159,159,0.078864189,-0.205448237,6.5698,114,NA,NA,"Bckg32.jpg",178,112,97,3,1,1,84,178,267,137,336,178,"sink1_tr.png",1,137,137,3.8623,1,1.9426,2,1.3001
"Sub044_ToD_Online","OA","Morning",1,"sippycup1_tr.png",110,110,0.206793316,-0.075266612,5.0152,114,NA,NA,"Bckg105.jpg",107,106,27,1,1,1,38,107,24,15,204,107,"sippycup1_tr.png",1,15,15,3.1723,1,2.9348,2,1.5537
"Sub044_ToD_Online","OA","Morning",1,"slide1_tr.png",38,38,0.13548545,0.173413468,5.785,114,NA,NA,"Bckg94.jpg",44,44,105,3,1,1,101,44,4,217,28,44,"slide1_tr.png",1,217,217,1.5567,1,1.684,2,1.0663
"Sub044_ToD_Online","OA","Morning",1,"spoon1_tr.png",505,145,0.126224012,-0.180266572,8.1602,114,NA,NA,"Bckg67.jpg",161,10,5,1,1,1,27,161,301,195,183,161,"spoon1_tr.png",1,195,195,1.8488,1,3.5051,2,1.4004
"Sub044_ToD_Online","OA","Morning",1,"suit1_tr.png",255,255,-0.212566322,-0.056956974,6.351,114,NA,NA,"Bckg52.jpg",262,36,52,2,1,1,54,262,153,255,138,262,"suit1_tr.png",1,255,255,1.2494,1,2.1908,2,0.7877
"Sub044_ToD_Online","OA","Morning",1,"telephonebooth1_tr.png",210,210,-0.110032425,-0.190581751,6.4029,114,NA,NA,"Bckg107.jpg",214,63,91,3,1,1,107,214,64,281,300,214,"telephonebooth1_tr.png",1,281,281,0.7265,1,2.8665,2,1.0054
"Sub044_ToD_Online","OA","Morning",1,"tennisball1_tr.png",378,18,0.068003779,0.20929411,5.315,114,NA,NA,"Bckg125.jpg",15,31,113,3,1,1,94,15,270,276,311,15,"tennisball1_tr.png",1,276,276,0.8341,1,1.9554,2,1.3502
"Sub044_ToD_Online","OA","Morning",1,"tissuebox1_tr.png",3,3,0.011517304,0.219763259,5.7711,114,NA,NA,"Bckg98.jpg",1,12,84,3,1,1,93,1,95,272,311,1,"tissuebox1_tr.png",1,272,272,4.9508,1,3.7427,2,25.9482
"Sub044_ToD_Online","OA","Morning",1,"toad1_tr.png",390,30,0.110032425,0.190581751,6.1385,114,NA,NA,"Bckg65.jpg",25,27,13,1,1,1,40,25,278,24,220,25,"toad1_tr.png",1,24,24,1.9942,1,2.6572,1,1.4508
"Sub044_ToD_Online","OA","Morning",1,"toaster1_tr.png",351,351,-0.034425727,0.217355487,4.2455,114,NA,NA,"Bckg104.jpg",358,119,25,1,1,1,17,358,291,211,356,358,"toaster1_tr.png",1,211,211,1.5761,1,2.003,2,1.6883
"Sub044_ToD_Online","OA","Morning",1,"toothpaste1_tr.png",272,272,-0.219930792,0.007680153,3.8703,114,NA,NA,"Bckg38.jpg",259,1,60,2,1,1,73,259,232,85,230,259,"toothpaste1_tr.png",1,85,85,1.197,1,1.9972,2,0.7329
"Sub044_ToD_Online","OA","Morning",1,"tractor1_tr.png",322,322,-0.13548545,0.173413468,7.6602,114,NA,NA,"Bckg63.jpg",316,86,46,2,1,1,56,316,132,20,87,316,"tractor1_tr.png",1,20,20,1.4329,1,1.7418,2,1.0005
"Sub044_ToD_Online","OA","Morning",1,"trumpet1_tr.png",359,359,-0.003840661,0.220031333,3.7928,114,NA,NA,"Bckg130.jpg",355,58,88,3,1,1,90,355,313,133,32,355,"trumpet1_tr.png",1,133,133,1.5931,1,2.7321,2,0.989
"Sub044_ToD_Online","OA","Morning",1,"turtle1_tr.png",237,237,-0.184561913,-0.119855908,5.2921,114,NA,NA,"Bckg44.jpg",223,61,66,2,1,1,74,223,185,158,305,223,"turtle1_tr.png",1,158,158,0.8096,1,1.9093,2,0.547
"Sub044_ToD_Online","OA","Morning",1,"umbrella1_tr.png",132,132,0.163540055,-0.147252127,4.0883,114,NA,NA,"Bckg50.jpg",134,101,87,3,1,1,111,134,64,344,85,134,"umbrella1_tr.png",1,344,344,0.8803,1,2.8249,2,1.4009
"Sub044_ToD_Online","OA","Morning",1,"vacuum1_tr.png",487,127,0.175751604,-0.132438333,7.2317,114,NA,NA,"Bckg60.jpg",108,97,62,2,1,1,50,108,327,356,335,108,"vacuum1_tr.png",1,356,356,1.0797,1,3.1903,2,1.0178
"Sub044_ToD_Online","OA","Morning",1,"vegeplatter1_tr.png",234,234,-0.178036204,-0.129350873,5.5499,114,NA,NA,"Bckg70.jpg",246,30,86,3,1,1,115,246,122,321,75,246,"vegeplatter1_tr.png",1,321,321,2.7858,1,3.1823,2,0.5865
"Sub044_ToD_Online","OA","Morning",1,"wagon1_tr.png",87,87,NA,NA,1.4104,114,NA,NA,"Bckg47.jpg",95,38,53,2,1,1,55,95,87,36,143,95,"wagon1_tr.png",1,36,36,0.7595,1,1.7189,2,0.9525
"Sub044_ToD_Online","OA","Morning",1,"wisk1_tr.png",-38,322,-0.13548545,0.173413468,7.7617,114,NA,NA,"Bckg95.jpg",315,23,14,1,1,1,15,315,150,163,135,315,"wisk1_tr.png",1,163,163,1.9029,1,2.1372,2,1.332
"Sub045_ToD_Online","OA","Morning",1,"abacus1_tr.png",295,295,-0.207186202,0.096612512,7.221,169,-0.205468525,0.100213696,"Bckg135.jpg",299,41,14,1,1,1,15,299,113,108,23,299,"abacus1_tr.png",1,296,296,7.299,1,1.647,1,0.75
"Sub045_ToD_Online","OA","Morning",1,"airfreshener1_tr.png",-2,358,-0.007978188,0.22846542,6.238,169,-0.003989702,0.228569862,"Bckg42.jpg",2,91,117,3,1,1,119,2,156,345,88,2,"airfreshener1_tr.png",1,359,359,3.985,1,1.669,1,0.533
"Sub045_ToD_Online","OA","Morning",1,"apple1_tr.png",473,113,0.210431717,-0.089322965,5.381,169,0.214818131,-0.078187405,"Bckg81.jpg",114,62,106,3,1,1,117,114,347,32,264,114,"apple1_tr.png",1,110,110,4.529,1,1.517,1,0.718
"Sub045_ToD_Online","OA","Morning",1,"asparagus1_tr.png",266,266,-0.22804781,-0.015946656,4.715,169,-0.228291385,0.011964245,"Bckg134.jpg",263,47,55,2,1,1,52,263,290,137,190,263,"asparagus1_tr.png",1,-87,273,7.481,1,1.462,1,1.703
"Sub045_ToD_Online","OA","Morning",1,"banana1_tr.png",401,41,0.149978164,0.172530142,5.835,169,0.070642731,0.217415971,"Bckg93.jpg",44,114,30,1,1,1,36,44,233,78,338,44,"banana1_tr.png",1,18,18,10.864,1,2.211,2,1.257
"Sub045_ToD_Online","OA","Morning",1,"bed1_tr.png",248,248,-0.211958568,-0.08563682,4.166,169,-0.213420855,-0.08192459,"Bckg77.jpg",245,120,74,2,1,1,78,245,138,143,160,245,"bed1_tr.png",1,-111,249,9.417,1,1.609,1,0.571
"Sub045_ToD_Online","OA","Morning",1,"binder1_tr.png",90,90,0.22860468,0,7.933,169,0.22860468,5.5992e-17,"Bckg82.jpg",91,21,112,3,1,1,110,91,236,320,312,91,"binder1_tr.png",1,450,90,5.85,1,1.832,1,0.517
"Sub045_ToD_Online","OA","Morning",1,"bottleofwine1_tr.png",117,117,0.203688261,-0.103784353,5.315,169,0.167190879,-0.155908017,"Bckg29.jpg",126,71,114,3,1,1,85,126,55,131,270,126,"bottleofwine1_tr.png",1,133,133,3.269,1,2.718,1,0.798
"Sub045_ToD_Online","OA","Morning",1,"bow1_tr.png",159,159,0.08192459,-0.213420855,5.936,169,0.103784353,-0.203688261,"Bckg54.jpg",172,67,97,3,1,1,105,172,311,5,258,172,"bow1_tr.png",1,153,153,5.197,1,1.502,1,0.536
"Sub045_ToD_Online","OA","Morning",1,"bowlingpin1_tr.png",309,309,-0.177659204,0.143865587,4.665,169,-0.182571815,0.137577731,"Bckg34.jpg",301,48,36,1,1,1,39,301,219,51,324,301,"bowlingpin1_tr.png",1,-53,307,5.138,1,1.414,1,1.033
"Sub045_ToD_Online","OA","Morning",1,"boxinggloves1_tr.png",-85,275,-0.22773477,0.019924211,8.752,169,-0.220815164,0.059167245,"Bckg131.jpg",276,95,59,2,1,1,54,276,159,125,149,276,"boxinggloves1_tr.png",1,-75,285,6.782,1,1.394,1,0.703
"Sub045_ToD_Online","OA","Morning",1,"clock1_tr.png",130,130,0.175121345,-0.146944256,4.299,169,0.137577731,-0.182571815,"Bckg137.jpg",133,76,72,2,1,1,45,133,128,1,280,133,"clock1_tr.png",1,143,143,4.8,1,1.58,1,0.668
"Sub045_ToD_Online","OA","Morning",1,"coat1_tr.png",453,93,0.228291385,-0.011964245,5.368,169,0.22773477,0.019924211,"Bckg108.jpg",94,102,27,1,1,1,26,94,309,13,198,94,"coat1_tr.png",1,85,85,4.182,1,2.554,1,0.807
"Sub045_ToD_Online","OA","Morning",1,"coffeemug1_tr.png",327,327,-0.124507032,0.191724017,5.571,169,-0.161647919,0.161647919,"Bckg20.jpg",325,70,101,3,1,1,103,325,253,113,22,325,"coffeemug1_tr.png",1,-45,315,9.03,1,1.861,2,0.568
"Sub045_ToD_Online","OA","Morning",1,"cookie1_tr.png",214,214,-0.127834115,-0.189521869,5.231,169,-0.043619829,-0.224404568,"Bckg1.jpg",196,109,45,2,1,1,57,196,142,307,242,196,"cookie1_tr.png",1,191,191,5.617,1,2.202,1,0.606
"Sub045_ToD_Online","OA","Morning",1,"cucumber1_tr.png",450,90,0.22860468,5.5992e-17,5.467,169,0.22846542,-0.007978188,"Bckg92.jpg",82,87,2,1,1,1,30,82,286,332,303,82,"cucumber1_tr.png",1,452,92,4.517,1,2.801,1,0.717
"Sub045_ToD_Online","OA","Morning",1,"dress1_tr.png",77,77,0.222745557,0.051424864,7.366,169,0.224404568,0.043619829,"Bckg96.jpg",83,51,6,1,1,1,34,83,239,71,9,83,"dress1_tr.png",1,79,79,4.95,1,3.022,1,1.334
"Sub045_ToD_Online","OA","Morning",1,"eggs1_tr.png",90,90,0.22860468,0,6.356,169,0.228291385,0.011964245,"Bckg132.jpg",84,28,64,2,1,1,41,84,124,265,170,84,"eggs1_tr.png",1,447,87,5.874,1,1.63,1,0.601
"Sub045_ToD_Online","OA","Morning",1,"fireextinguisher1_tr.png",300,300,-0.19797746,0.11430234,6.767,169,-0.219748922,0.06301199,"Bckg88.jpg",294,85,52,2,1,1,56,294,212,94,215,294,"fireextinguisher1_tr.png",1,286,286,6.434,1,3.417,1,0.602
"Sub045_ToD_Online","OA","Morning",1,"goggle1_tr.png",389,29,0.110829748,0.199942158,10.105,169,0.140743095,0.180142946,"Bckg120.jpg",25,96,23,1,1,1,1,25,157,292,131,25,"goggle1_tr.png",1,398,38,5.518,1,3.303,2,1.288
"Sub045_ToD_Online","OA","Morning",1,"granola1_tr.png",196,196,-0.06301199,-0.219748922,6.35,169,-0.08563682,-0.211958568,"Bckg49.jpg",191,103,88,3,1,1,102,191,262,206,48,191,"granola1_tr.png",1,202,202,4.701,1,1.485,1,0.54
"Sub045_ToD_Online","OA","Morning",1,"grater1_tr.png",221,221,-0.149978164,-0.172530142,6.889,169,-0.149978164,-0.172530142,"Bckg118.jpg",227,108,7,1,1,1,17,227,183,311,225,227,"grater1_tr.png",1,221,221,7.199,1,2.048,2,1.186
"Sub045_ToD_Online","OA","Morning",1,"hotdog1_tr.png",509,149,0.117740114,-0.195952456,6.559,169,0.131122258,-0.187261991,"Bckg126.jpg",152,42,47,2,1,1,46,152,327,275,320,152,"hotdog1_tr.png",1,505,145,6.914,1,2.229,1,0.934
"Sub045_ToD_Online","OA","Morning",1,"iceskates1_tr.png",544,184,-0.015946656,-0.22804781,10.715,169,-0.027859902,-0.226900695,"Bckg27.jpg",186,64,42,2,1,1,60,186,280,131,293,186,"iceskates1_tr.png",1,187,187,4.208,1,1.805,1,0.666
"Sub045_ToD_Online","OA","Morning",1,"jackolantern1_tr.png",47,47,0.167190879,0.155908017,5.765,169,0.205468525,-0.100213696,"Bckg21.jpg",51,93,96,3,1,1,91,51,161,66,118,51,"jackolantern1_tr.png",1,116,116,5.034,1,3.546,2,0.617
"Sub045_ToD_Online","OA","Morning",1,"jellybeans1_tr.png",231,231,-0.177659204,-0.143865587,5.283,169,-0.180142946,-0.140743095,"Bckg46.jpg",235,49,89,3,1,1,106,235,347,110,157,235,"jellybeans1_tr.png",1,232,232,4.764,1,1.415,1,0.55
"Sub045_ToD_Online","OA","Morning",1,"kite1_tr.png",185,185,-0.019924211,-0.22773477,4.716,169,0.027859902,-0.226900695,"Bckg128.jpg",181,115,100,3,1,1,95,181,59,221,177,181,"kite1_tr.png",1,173,173,4.681,1,1.679,1,0.552
"Sub045_ToD_Online","OA","Morning",1,"motorcycle1_tr.png",262,262,-0.226379915,-0.031815622,6.047,169,-0.22773477,-0.019924211,"Bckg100.jpg",260,4,61,2,1,1,65,260,342,17,98,260,"motorcycle1_tr.png",1,-95,265,6.445,1,2.301,1,0.884
"Sub045_ToD_Online","OA","Morning",1,"mouthwash1_tr.png",-7,353,-0.027859902,0.226900695,5.273,169,-0.023895696,0.22735236,"Bckg109.jpg",352,100,65,2,1,1,62,352,115,250,226,352,"mouthwash1_tr.png",1,354,354,5.506,1,2.279,1,1.469
"Sub045_ToD_Online","OA","Morning",1,"nailpolish1_tr.png",310,310,-0.175121345,0.146944256,8.065,169,-0.180142946,0.140743095,"Bckg84.jpg",301,32,113,3,1,1,120,301,148,320,226,301,"nailpolish1_tr.png",1,308,308,4.069,1,1.865,1,0.516
"Sub045_ToD_Online","OA","Morning",1,"partyhats1_tr.png",55,55,0.187261991,0.131122258,5.887,169,0.143865587,0.177659204,"Bckg110.jpg",52,18,43,2,1,1,42,52,175,231,196,52,"partyhats1_tr.png",1,399,39,5.297,1,2.437,1,0.535
"Sub045_ToD_Online","OA","Morning",1,"penguin1_tr.png",433,73,0.218615743,0.06683754,5.522,169,0.22846542,0.007978188,"Bckg114.jpg",71,7,22,1,1,1,22,71,333,350,66,71,"penguin1_tr.png",1,448,88,5.199,1,2.196,1,0.851
"Sub045_ToD_Online","OA","Morning",1,"pickle1_tr.png",133,133,0.167190879,-0.155908017,4.365,169,0.146944256,-0.175121345,"Bckg66.jpg",150,83,28,1,1,1,31,150,65,78,256,150,"pickle1_tr.png",1,140,140,5.314,1,1.745,1,0.854
"Sub045_ToD_Online","OA","Morning",1,"plant1_tr.png",225,225,-0.161647919,-0.161647919,6.884,169,-0.149978164,-0.172530142,"Bckg116.jpg",229,75,10,1,1,1,11,229,191,233,122,229,"plant1_tr.png",1,221,221,4.714,1,2.525,1,0.973
"Sub045_ToD_Online","OA","Morning",1,"pokerchips1_tr.png",29,29,0.110829748,0.199942158,5.317,169,0.059167245,0.220815164,"Bckg127.jpg",11,88,57,2,1,1,64,11,51,229,63,11,"pokerchips1_tr.png",1,375,15,5.663,1,1.512,1,0.617
"Sub045_ToD_Online","OA","Morning",1,"ricecooker1_tr.png",26,26,0.100213696,0.205468525,5.949,169,0.124507032,0.191724017,"Bckg102.jpg",14,19,115,3,1,1,101,14,178,267,92,14,"ricecooker1_tr.png",1,393,33,4.6,1,1.513,1,0.546
"Sub045_ToD_Online","OA","Morning",1,"rubikscube1_tr.png",124,124,0.189521869,-0.127834115,6.991,169,0.19797746,-0.11430234,"Bckg122.jpg",113,105,70,2,1,1,48,113,4,222,200,113,"rubikscube1_tr.png",1,120,120,4.313,1,1.382,1,0.982
"Sub045_ToD_Online","OA","Morning",1,"scarf1_tr.png",287,287,-0.218615743,0.06683754,5.555,169,-0.225131661,0.039696786,"Bckg51.jpg",276,59,35,1,1,1,25,276,231,56,236,276,"scarf1_tr.png",1,-80,280,6.437,1,2.63,1,0.999
"Sub045_ToD_Online","OA","Morning",1,"seashell1_tr.png",202,202,-0.08563682,-0.211958568,5.5,169,-0.152966388,-0.169886385,"Bckg8.jpg",205,13,20,1,1,1,3,205,224,134,59,205,"seashell1_tr.png",1,222,222,5.85,1,1.733,1,0.719
"Sub045_ToD_Online","OA","Morning",1,"silvertray1_tr.png",299,299,-0.199942158,0.110829748,4.097,169,-0.161647919,-0.161647919,"Bckg64.jpg",288,6,11,1,1,1,23,288,241,343,248,288,"silvertray1_tr.png",1,225,225,6.513,1,4.141,2,0.695
"Sub045_ToD_Online","OA","Morning",1,"sink1_tr.png",169,169,0.043619829,-0.224404568,5.767,169,0.051424864,-0.222745557,"Bckg32.jpg",178,112,91,3,1,1,112,178,267,137,336,178,"sink1_tr.png",1,167,167,5.533,1,1.512,1,0.667
"Sub045_ToD_Online","OA","Morning",1,"sippycup1_tr.png",114,114,0.208840767,-0.0929819,5.73,169,0.213420855,-0.08192459,"Bckg105.jpg",107,106,90,3,1,1,89,107,24,15,204,107,"sippycup1_tr.png",1,111,111,6.778,1,3.491,1,0.637
"Sub045_ToD_Online","OA","Morning",1,"skippingrope1_tr.png",63,63,0.203688261,0.103784353,5.418,169,0.207186202,0.096612512,"Bckg7.jpg",60,45,79,2,1,1,43,60,87,213,277,60,"skippingrope1_tr.png",1,425,65,8.465,1,2.546,2,1.234
"Sub045_ToD_Online","OA","Morning",1,"steeringwheel1_tr.png",228,228,-0.169886385,-0.152966388,5.187,169,-0.155908017,-0.167190879,"Bckg62.jpg",229,90,18,1,1,1,20,229,132,225,181,229,"steeringwheel1_tr.png",1,223,223,4.081,1,2.199,1,0.739
"Sub045_ToD_Online","OA","Morning",1,"stoplights1_tr.png",218,218,-0.140743095,-0.180142946,7.15,169,-0.146944256,-0.175121345,"Bckg53.jpg",219,60,24,1,1,1,29,219,214,124,240,219,"stoplights1_tr.png",1,220,220,5.747,1,2.2,1,0.975
"Sub045_ToD_Online","OA","Morning",1,"streamer1_tr.png",-33,327,-0.124507032,0.191724017,6.949,169,-0.031815622,0.226379915,"Bckg4.jpg",338,35,9,1,1,1,7,338,69,290,195,338,"streamer1_tr.png",1,352,352,7.914,1,1.912,1,0.734
"Sub045_ToD_Online","OA","Morning",1,"sunglasses1_tr.png",401,41,0.149978164,0.172530142,4.465,169,0.177659204,-0.143865587,"Bckg11.jpg",27,29,110,3,1,1,111,27,287,111,147,27,"sunglasses1_tr.png",1,129,129,5.997,1,3.102,2,0.761
"Sub045_ToD_Online","OA","Morning",1,"telephonebooth1_tr.png",218,218,-0.140743095,-0.180142946,5.085,169,-0.096612512,-0.207186202,"Bckg107.jpg",214,63,56,2,1,1,71,214,64,281,300,214,"telephonebooth1_tr.png",1,205,205,6.528,1,2.846,1,1.018
"Sub045_ToD_Online","OA","Morning",1,"toad1_tr.png",392,32,0.121142024,0.193867764,7.657,169,0.127834115,0.189521869,"Bckg65.jpg",25,27,86,3,1,1,116,25,278,24,220,25,"toad1_tr.png",1,34,34,2.3,1,1.395,1,0.563
"Sub045_ToD_Online","OA","Morning",1,"toaster1_tr.png",361,1,0.003989702,0.228569862,3.916,169,-0.003989702,0.228569862,"Bckg104.jpg",358,119,98,3,1,1,98,358,291,211,356,358,"toaster1_tr.png",1,-1,359,9.623,1,1.88,1,0.584
"Sub045_ToD_Online","OA","Morning",1,"trophy1_tr.png",74,74,0.219748922,0.06301199,3.881,169,0.164444445,-0.158802154,"Bckg68.jpg",75,99,108,3,1,1,84,75,66,178,228,75,"trophy1_tr.png",1,134,134,5.433,1,1.606,2,0.601
"Sub045_ToD_Online","OA","Morning",1,"trumpet1_tr.png",355,355,-0.019924211,0.22773477,5.517,169,-0.019924211,0.22773477,"Bckg130.jpg",355,58,31,1,1,1,18,355,313,133,32,355,"trumpet1_tr.png",1,-5,355,6.758,1,2.582,1,1.255
"Sub045_ToD_Online","OA","Morning",1,"turtle1_tr.png",225,225,-0.161647919,-0.161647919,3.9,169,-0.11430234,-0.19797746,"Bckg44.jpg",223,61,62,2,1,1,79,223,185,158,305,223,"turtle1_tr.png",1,210,210,5.563,1,1.353,1,0.716
"Sub045_ToD_Online","OA","Morning",1,"vegeplatter1_tr.png",236,236,-0.189521869,-0.127834115,6.898,169,-0.167190879,-0.155908017,"Bckg70.jpg",246,30,15,1,1,1,6,246,122,321,75,246,"vegeplatter1_tr.png",1,227,227,4.842,1,3.931,1,2.819
"Sub045_ToD_Online","OA","Morning",1,"wagon1_tr.png",91,91,0.228569862,-0.003989702,3.705,169,0.22735236,-0.023895696,"Bckg47.jpg",95,38,105,3,1,1,97,95,87,36,143,95,"wagon1_tr.png",1,96,96,3.997,1,1.447,1,0.5
"Sub045_ToD_Online","OA","Morning",1,"washingmachine1_tr.png",338,338,-0.08563682,0.211958568,5.966,169,-0.187261991,0.131122258,"Bckg85.jpg",341,34,17,1,1,1,8,341,282,53,158,341,"washingmachine1_tr.png",1,-55,305,7.332,1,4.194,2,2.091
"Sub045_ToD_Online","OA","Morning",1,"watch1_tr.png",127,127,0.182571815,-0.137577731,6.712,169,0.143865587,-0.177659204,"Bckg117.jpg",119,43,51,2,1,1,68,119,181,237,158,119,"watch1_tr.png",1,141,141,6.74,1,3.449,1,0.649
"Sub045_ToD_Online","OA","Morning",1,"wheelchair1_tr.png",170,170,0.039696786,-0.225131661,4.787,169,0.039696786,-0.225131661,"Bckg80.jpg",171,52,78,2,1,1,75,171,180,294,263,171,"wheelchair1_tr.png",1,530,170,6.501,1,1.388,1,0.603
"Sub045_ToD_Online","OA","Morning",1,"wisk1_tr.png",312,312,-0.169886385,0.152966388,5.883,169,-0.167190879,0.155908017,"Bckg95.jpg",315,23,60,2,1,1,77,315,150,163,135,315,"wisk1_tr.png",1,-47,313,7.031,1,2.032,1,0.987
"Sub046_ToD_Online","OA","Night",1,"abacus1_tr.png",-49,311,-0.171208072,0.148828906,4.8631,81,-0.17876254,0.139664603,"Bckg135.jpg",299,41,59,2,1,1,46,299,113,108,23,299,"abacus1_tr.png",1,-52,308,10.9041,1,5.0681,1,1.4465
"Sub046_ToD_Online","OA","Night",1,"bagel1_tr.png",245,245,-0.205598568,-0.095872187,2.8034,81,-0.196460392,-0.11342646,"Bckg43.jpg",246,20,73,2,1,1,58,246,243,284,250,246,"bagel1_tr.png",1,240,240,4.4518,1,2.9005,1,1.8672
"Sub046_ToD_Online","OA","Night",1,"bandaid1_tr.png",225,225,-0.160409238,-0.160409238,2.9401,81,NA,NA,"Bckg45.jpg",246,107,85,3,1,1,89,246,143,243,11,246,"bandaid1_tr.png",1,243,243,11.2514,1,2.5079,2,1.7167
"Sub046_ToD_Online","OA","Night",1,"bathingsuit1_tr.png",289,289,-0.21449365,0.073856086,2.7538,81,0.226818369,-0.003959129,"Bckg19.jpg",288,65,44,2,1,1,73,288,311,51,176,288,"bathingsuit1_tr.png",1,91,91,4.4518,1,3.8191,1,1.3016
"Sub046_ToD_Online","OA","Night",1,"bbqmachine1_tr.png",525,165,0.058713856,-0.219123094,5.0191,81,0.062529139,-0.218065023,"Bckg48.jpg",172,40,41,2,1,1,61,172,331,332,338,172,"bbqmachine1_tr.png",1,524,164,6.5506,1,2.3187,1,1.3045
"Sub046_ToD_Online","OA","Night",1,"bowlingpin1_tr.png",295,295,-0.205598568,0.095872187,3.8182,81,-0.027646416,-0.225161993,"Bckg34.jpg",301,48,102,3,1,1,118,301,219,51,324,301,"bowlingpin1_tr.png",1,187,187,10.3342,1,3.252,2,1.3344
"Sub046_ToD_Online","OA","Night",1,"bowls1_tr.png",430,70,0.213172015,0.077588268,5.9856,81,-0.226542026,-0.011872564,"Bckg103.jpg",76,79,68,2,1,1,76,76,238,207,139,76,"bowls1_tr.png",1,267,267,7.0684,1,2.8839,2,1.603
"Sub046_ToD_Online","OA","Night",1,"boxinggloves1_tr.png",279,279,-0.224059984,0.035487615,6.4688,81,NA,NA,"Bckg131.jpg",276,95,23,1,1,1,9,276,159,125,149,276,"boxinggloves1_tr.png",1,125,125,5.5411,1,2.4017,2,2.2676
"Sub046_ToD_Online","OA","Night",1,"christmasstocking1_tr.png",520,160,0.077588268,-0.213172015,4.5155,81,0.106500995,-0.20029924,"Bckg136.jpg",165,50,101,3,1,1,96,165,322,246,121,165,"christmasstocking1_tr.png",1,512,152,8.8512,1,3.2568,1,1.2269
"Sub046_ToD_Online","OA","Night",1,"coat1_tr.png",449,89,0.226818369,0.003959129,5.3679,81,0.226542026,-0.011872564,"Bckg108.jpg",94,102,75,2,1,1,79,94,309,13,198,94,"coat1_tr.png",1,93,93,4.9147,1,2.1156,1,0.7216
"Sub046_ToD_Online","OA","Night",1,"cookie1_tr.png",220,220,-0.145818246,-0.173779419,6.3802,81,-0.190254867,-0.123552955,"Bckg1.jpg",196,109,38,1,1,1,31,196,142,307,242,196,"cookie1_tr.png",1,237,237,5.8353,1,2.4835,1,1.8183
"Sub046_ToD_Online","OA","Night",1,"cow1_tr.png",-4,356,-0.01582446,0.226300318,5.9347,81,0.019771535,0.225989676,"Bckg113.jpg",352,24,50,2,1,1,48,352,172,11,137,352,"cow1_tr.png",1,5,5,5.7009,1,2.3792,1,1.4871
"Sub046_ToD_Online","OA","Night",1,"cucumber1_tr.png",434,74,0.218065023,0.062529139,3.9106,81,-0.007917053,0.226714727,"Bckg92.jpg",82,87,99,3,1,1,106,82,286,332,303,82,"cucumber1_tr.png",1,358,358,13.1388,1,2.6142,2,2.808
"Sub046_ToD_Online","OA","Night",1,"dog1_tr.png",164,164,0.062529139,-0.218065023,4.7351,81,0.15758528,-0.163184334,"Bckg23.jpg",167,111,4,1,1,1,5,167,16,26,214,167,"dog1_tr.png",1,136,136,13.8346,1,2.8312,1,1.8022
"Sub046_ToD_Online","OA","Night",1,"encyclopedia1_tr.png",283,283,-0.221038694,0.051030804,5.3825,81,-0.192382187,0.120213732,"Bckg72.jpg",286,11,36,1,1,1,40,286,151,110,236,286,"encyclopedia1_tr.png",1,-58,302,14.6176,1,2.4675,1,1.5853
"Sub046_ToD_Online","OA","Night",1,"fantacan1_tr.png",126,126,0.183527868,-0.133340801,3.3845,81,0.01582446,0.226300318,"Bckg86.jpg",126,84,71,2,1,1,77,126,32,278,53,126,"fantacan1_tr.png",1,364,4,9.7598,1,1.9489,2,1.9017
"Sub046_ToD_Online","OA","Night",1,"handbag1_tr.png",425,65,0.205598568,0.095872187,6.652,81,0.226300318,0.01582446,"Bckg97.jpg",66,94,51,2,1,1,69,66,275,244,269,66,"handbag1_tr.png",1,446,86,6.391,1,2.2308,1,1.2839
"Sub046_ToD_Online","OA","Night",1,"handsoap1_tr.png",426,66,0.207240455,0.092269395,3.1936,81,0.081296816,0.211785446,"Bckg73.jpg",74,57,48,2,1,1,70,74,352,41,5,74,"handsoap1_tr.png",1,21,21,8.6021,1,2.1604,1,1.2833
"Sub046_ToD_Online","OA","Night",1,"iceskates1_tr.png",174,174,0.023712587,-0.225610196,4.4678,81,-0.003959129,-0.226818369,"Bckg27.jpg",186,64,72,2,1,1,49,186,280,131,293,186,"iceskates1_tr.png",1,181,181,5.8162,1,2.5374,1,2.1353
"Sub046_ToD_Online","OA","Night",1,"jackolantern1_tr.png",45,45,0.160409238,0.160409238,3.7835,81,0.133340801,0.183527868,"Bckg21.jpg",51,93,49,2,1,1,56,51,161,66,118,51,"jackolantern1_tr.png",1,36,36,6.135,1,3.582,1,1.7236
"Sub046_ToD_Online","OA","Night",1,"jellybeans1_tr.png",293,293,-0.208819214,0.088638497,7.3768,81,-0.20029924,-0.106500995,"Bckg46.jpg",235,49,58,2,1,1,62,235,347,110,157,235,"jellybeans1_tr.png",1,-118,242,9.3345,1,3.3824,2,1.9186
"Sub046_ToD_Online","OA","Night",1,"kite1_tr.png",197,197,-0.066325375,-0.216940526,4.068,81,0.019771535,-0.225989676,"Bckg128.jpg",181,115,39,1,1,1,21,181,59,221,177,181,"kite1_tr.png",1,175,175,10.6852,1,2.4021,1,1.689
"Sub046_ToD_Online","OA","Night",1,"oven1_tr.png",471,111,0.211785446,-0.081296816,5.7679,81,0.109980478,0.198410034,"Bckg55.jpg",111,9,56,2,1,1,51,111,305,27,70,111,"oven1_tr.png",1,29,29,5.6313,1,2.5833,2,2.5047
"Sub046_ToD_Online","OA","Night",1,"pan1_tr.png",133,133,0.165909723,-0.154713319,3.3521,81,-0.077588268,-0.213172015,"Bckg58.jpg",133,116,113,3,1,1,95,133,89,30,229,133,"pan1_tr.png",1,200,200,15.125,1,2.5345,1,2.8596
"Sub046_ToD_Online","OA","Night",1,"partyhats1_tr.png",53,53,0.181172797,0.136523495,4.7682,81,0.116837891,0.194450905,"Bckg110.jpg",52,18,107,3,1,1,85,52,175,231,196,52,"partyhats1_tr.png",1,391,31,7.585,1,3.4035,1,2.3522
"Sub046_ToD_Online","OA","Night",1,"pin1_tr.png",304,304,-0.188069594,0.126854543,7.0022,81,-0.20029924,0.106500995,"Bckg59.jpg",300,82,43,2,1,1,42,300,260,88,40,300,"pin1_tr.png",1,-62,298,5.7626,1,2.6295,1,0.8513
"Sub046_ToD_Online","OA","Night",1,"pinecone1_tr.png",158,158,0.0849806,-0.210334365,3.3433,81,0.066325375,-0.216940526,"Bckg10.jpg",167,55,77,2,1,1,80,167,204,167,102,167,"pinecone1_tr.png",1,163,163,7.9171,1,1.8576,1,1.42
"Sub046_ToD_Online","OA","Night",1,"podium1_tr.png",-3,357,-0.011872564,0.226542026,4.6221,81,-0.01582446,0.226300318,"Bckg75.jpg",356,113,17,1,1,1,15,356,73,322,182,356,"podium1_tr.png",1,356,356,6.9006,1,3.0038,1,2.5182
"Sub046_ToD_Online","OA","Night",1,"popcorn1_tr.png",137,137,0.154713319,-0.165909723,4.2851,81,0.031571824,-0.224645203,"Bckg76.jpg",144,15,89,3,1,1,113,144,211,30,310,144,"popcorn1_tr.png",1,172,172,5.8512,1,1.8978,1,1.335
"Sub046_ToD_Online","OA","Night",1,"present1_tr.png",195,195,-0.058713856,-0.219123094,5.2846,81,NA,NA,"Bckg121.jpg",184,46,110,3,1,1,91,184,45,118,188,184,"present1_tr.png",1,118,118,6.0231,1,3.431,2,1.2353
"Sub046_ToD_Online","OA","Night",1,"scrabble1_tr.png",388,28,0.106500995,0.20029924,5.1513,81,0.106500995,0.20029924,"Bckg91.jpg",15,39,81,3,1,1,109,15,152,156,110,15,"scrabble1_tr.png",1,28,28,15.8015,1,2.7966,1,2.5
"Sub046_ToD_Online","OA","Night",1,"sippycup1_tr.png",108,108,0.215749948,-0.070101408,4.3485,81,0.181172797,-0.136523495,"Bckg105.jpg",107,106,82,3,1,1,81,107,24,15,204,107,"sippycup1_tr.png",1,127,127,4.0508,1,4.1356,1,1.3262
"Sub046_ToD_Online","OA","Night",1,"skippingrope1_tr.png",55,55,0.185827033,0.130117489,2.6467,81,0.003959129,-0.226818369,"Bckg7.jpg",60,45,26,1,1,1,17,60,87,213,277,60,"skippingrope1_tr.png",1,179,179,10.6197,1,3.4644,2,4.25
"Sub046_ToD_Online","OA","Night",1,"soccerball1_tr.png",42,42,0.151794232,0.168584574,2.733,81,0.109980478,0.198410034,"Bckg101.jpg",43,53,33,1,1,1,26,43,86,145,39,43,"soccerball1_tr.png",1,29,29,12.5353,1,2.2674,1,1.9101
"Sub046_ToD_Online","OA","Night",1,"spoon1_tr.png",497,137,0.154713319,-0.165909723,4.6679,81,-0.051030804,-0.221038694,"Bckg67.jpg",161,10,109,3,1,1,87,161,301,195,183,161,"spoon1_tr.png",1,193,193,9.4996,1,2.6488,2,1.2002
"Sub046_ToD_Online","OA","Night",1,"starfish1_tr.png",61,61,0.198410034,0.109980478,7.3988,81,0.225989676,-0.019771535,"Bckg106.jpg",77,54,34,1,1,1,33,77,197,61,78,77,"starfish1_tr.png",1,95,95,14.3188,1,2.1853,1,2.6751
"Sub046_ToD_Online","OA","Night",1,"steeringwheel1_tr.png",222,222,-0.151794232,-0.168584574,3.3011,81,-0.171208072,-0.148828906,"Bckg62.jpg",229,90,118,3,1,1,114,229,132,225,181,229,"steeringwheel1_tr.png",1,229,229,7.8548,1,3.2239,1,6.2096
"Sub046_ToD_Online","OA","Night",1,"stoplights1_tr.png",218,218,-0.139664603,-0.17876254,4.6347,81,-0.151794232,-0.168584574,"Bckg53.jpg",219,60,46,2,1,1,74,219,214,124,240,219,"stoplights1_tr.png",1,-138,222,7.3842,1,2.2214,1,1.1977
"Sub046_ToD_Online","OA","Night",1,"streamer1_tr.png",-31,329,-0.116837891,0.194450905,6.0306,81,-0.145818246,0.173779419,"Bckg4.jpg",338,35,92,3,1,1,111,338,69,290,195,338,"streamer1_tr.png",1,320,320,11.3196,1,2.4848,1,7.3969
"Sub046_ToD_Online","OA","Night",1,"telephonebooth1_tr.png",222,222,-0.151794232,-0.168584574,7.1349,81,-0.190254867,-0.123552955,"Bckg107.jpg",214,63,5,1,1,1,10,214,64,281,300,214,"telephonebooth1_tr.png",1,237,237,6.4342,1,3.22,1,1.638
"Sub046_ToD_Online","OA","Night",1,"tennisball1_tr.png",382,22,0.0849806,0.210334365,9.8501,81,0.099445775,0.203894054,"Bckg125.jpg",15,31,40,1,1,1,29,15,270,276,311,15,"tennisball1_tr.png",1,386,26,6.4554,1,3.3254,1,3.0495
"Sub046_ToD_Online","OA","Night",1,"toothpaste1_tr.png",268,268,-0.226714727,-0.007917053,6.2517,81,-0.224059984,0.035487615,"Bckg38.jpg",259,1,6,1,1,1,2,259,232,85,230,259,"toothpaste1_tr.png",1,-81,279,8.8183,1,2.3684,1,0.5864
"Sub046_ToD_Online","OA","Night",1,"train1_tr.png",119,119,0.198410034,-0.109980478,2.1218,81,0.185827033,-0.130117489,"Bckg61.jpg",127,104,30,1,1,1,32,127,71,191,165,127,"train1_tr.png",1,125,125,6.1663,1,2.8941,1,1.4022
"Sub046_ToD_Online","OA","Night",1,"trumpet1_tr.png",357,357,-0.011872564,0.226542026,3.3843,81,0.011872564,0.226542026,"Bckg130.jpg",355,58,18,1,1,1,12,355,313,133,32,355,"trumpet1_tr.png",1,363,3,9.9856,1,2.8577,1,2.0505
"Sub046_ToD_Online","OA","Night",1,"wagon1_tr.png",87,87,NA,NA,1.3923,81,0.01582446,0.226300318,"Bckg47.jpg",95,38,8,1,1,1,6,95,87,36,143,95,"wagon1_tr.png",1,4,4,5.2926,1,5.6547,2,2.5354
"Sub046_ToD_Online","OA","Night",1,"washingmachine1_tr.png",334,334,-0.099445775,0.203894054,4.8333,81,-0.095872187,0.205598568,"Bckg85.jpg",341,34,95,3,1,1,104,341,282,53,158,341,"washingmachine1_tr.png",1,-25,335,9.1014,1,3.0941,2,1.3112
"Sub046_ToD_Online","OA","Night",1,"wisk1_tr.png",-46,314,-0.163184334,0.15758528,4.8328,81,-0.142763168,0.176297831,"Bckg95.jpg",315,23,32,1,1,1,35,315,150,163,135,315,"wisk1_tr.png",1,-39,321,12.634,1,2.0854,2,2.6274
"Sub046_ToD_Online","OA","Night",1,"wreath1_tr.png",229,229,-0.171208072,-0.148828906,3.9175,81,0.035487615,0.224059984,"Bckg71.jpg",229,98,116,3,1,1,117,229,357,97,101,229,"wreath1_tr.png",1,9,9,5.9357,1,2.085,1,1.8505
"Sub047_ToD_Online","OA","Night",1,"abacus1_tr.png",-39,321,-0.138491297,0.171022509,5.7858,130,-0.21672157,0.03821386,"Bckg135.jpg",299,41,50,2,1,1,79,299,113,108,23,299,"abacus1_tr.png",1,-80,280,6.5124,1,1.3509,1,1.3273
"Sub047_ToD_Online","OA","Night",1,"airfreshener1_tr.png",6,6,0.023003041,0.218859312,4.1336,130,0.056956974,0.212566322,"Bckg42.jpg",2,91,67,2,1,1,60,2,156,345,88,2,"airfreshener1_tr.png",1,375,15,3.4159,1,1.7502,1,0.5012
"Sub047_ToD_Online","OA","Night",1,"bagel1_tr.png",247,247,-0.202570762,-0.085986187,4.9557,130,NA,NA,"Bckg43.jpg",246,20,27,1,1,1,5,246,243,284,250,246,"bagel1_tr.png",1,284,284,1.1001,1,2.4202,2,1.4107
"Sub047_ToD_Online","OA","Night",1,"bathingsuit1_tr.png",295,295,-0.199446487,0.093003424,5.8119,130,NA,NA,"Bckg19.jpg",288,65,77,2,1,1,41,288,311,51,176,288,"bathingsuit1_tr.png",1,51,51,1.7004,1,1.5126,2,0.9677
"Sub047_ToD_Online","OA","Night",1,"bell1_tr.png",331,331,-0.106689556,0.192473055,5.7788,130,NA,NA,"Bckg36.jpg",349,78,21,1,1,1,22,349,287,282,294,349,"bell1_tr.png",1,282,282,1.6288,1,2.3835,2,1.4275
"Sub047_ToD_Online","OA","Night",1,"bottleofwine1_tr.png",123,123,0.184561913,-0.119855908,5.0287,130,0.138491297,0.171022509,"Bckg29.jpg",126,71,34,1,1,1,17,126,55,131,270,126,"bottleofwine1_tr.png",1,39,39,10.2429,1,2.2405,1,1.551
"Sub047_ToD_Online","OA","Night",1,"bow1_tr.png",533,173,0.026819159,-0.21842452,3.4259,130,NA,NA,"Bckg54.jpg",172,67,90,3,1,1,118,172,311,5,258,172,"bow1_tr.png",1,5,5,1.356,1,1.1011,2,2.6227
"Sub047_ToD_Online","OA","Night",1,"bowls1_tr.png",74,74,0.211539911,0.060658093,4.7058,130,-0.219227437,0.019179915,"Bckg103.jpg",76,79,26,1,1,1,29,76,238,207,139,76,"bowls1_tr.png",1,275,275,9.2646,1,1.5841,1,1.8677
"Sub047_ToD_Online","OA","Night",1,"breakfast1_tr.png",310,310,-0.168579455,0.141454959,5.6032,130,-0.138491297,0.171022509,"Bckg89.jpg",300,3,49,2,1,1,63,300,348,149,173,300,"breakfast1_tr.png",1,-39,321,5.0785,1,1.4346,1,1.0595
"Sub047_ToD_Online","OA","Night",1,"christmasstocking1_tr.png",148,148,0.116616603,-0.186625577,3.4675,130,NA,NA,"Bckg136.jpg",165,50,99,3,1,1,96,165,322,246,121,165,"christmasstocking1_tr.png",1,246,246,1.4527,1,1.5997,2,0.8342
"Sub047_ToD_Online","OA","Night",1,"clock1_tr.png",134,134,0.158301405,-0.15286989,7.3854,130,NA,NA,"Bckg137.jpg",133,76,73,2,1,1,45,133,128,1,280,133,"clock1_tr.png",1,1,1,1.0589,1,1.8122,2,1.004
"Sub047_ToD_Online","OA","Night",1,"cow1_tr.png",342,342,-0.068003779,0.20929411,4.9919,130,NA,NA,"Bckg113.jpg",352,24,19,1,1,1,14,352,172,11,137,352,"cow1_tr.png",1,11,11,1.4016,1,1.6234,2,1.4996
"Sub047_ToD_Online","OA","Night",1,"crayon1_tr.png",272,272,-0.219930792,0.007680153,4.2243,130,NA,NA,"Bckg87.jpg",267,33,3,1,1,1,26,267,220,22,283,267,"crayon1_tr.png",1,22,22,5.3589,1,1.3326,2,1.5975
"Sub047_ToD_Online","OA","Night",1,"granola1_tr.png",158,158,0.082437744,-0.204040576,4.8176,130,NA,NA,"Bckg49.jpg",191,103,71,2,1,1,54,191,262,206,48,191,"granola1_tr.png",1,206,206,1.1365,1,1.5777,2,1.1818
"Sub047_ToD_Online","OA","Night",1,"grater1_tr.png",231,231,-0.171022509,-0.138491297,3.809,130,NA,NA,"Bckg118.jpg",227,108,6,1,1,1,27,227,183,311,225,227,"grater1_tr.png",1,311,311,1.3841,1,1.2416,2,1.8177
"Sub047_ToD_Online","OA","Night",1,"hairdryer1_tr.png",58,58,0.186625577,0.116616603,3.1713,130,NA,NA,"Bckg79.jpg",63,73,103,3,1,1,82,63,52,27,90,63,"hairdryer1_tr.png",1,27,27,0.9493,1,1.5963,2,0.9815
"Sub047_ToD_Online","OA","Night",1,"hammer1_tr.png",233,233,-0.175751604,-0.132438333,3.4062,130,NA,NA,"Bckg138.jpg",237,118,101,3,1,1,99,237,139,321,245,237,"hammer1_tr.png",1,321,321,1.2592,1,1.3397,2,1.1234
"Sub047_ToD_Online","OA","Night",1,"hat1_tr.png",245,245,-0.199446487,-0.093003424,3.8675,130,-0.123058702,-0.182442029,"Bckg133.jpg",235,68,100,3,1,1,95,235,251,330,13,235,"hat1_tr.png",1,214,214,4.6472,1,1.1952,1,0.9847
"Sub047_ToD_Online","OA","Night",1,"highheel1_tr.png",138,138,0.147252127,-0.163540055,4.0346,130,NA,NA,"Bckg57.jpg",128,77,54,2,1,1,67,128,108,34,194,128,"highheel1_tr.png",1,34,34,0.9396,1,1.3177,2,0.9176
"Sub047_ToD_Online","OA","Night",1,"hotdog1_tr.png",503,143,0.132438333,-0.175751604,3.3408,130,NA,NA,"Bckg126.jpg",152,42,4,1,1,1,40,152,327,275,320,152,"hotdog1_tr.png",1,275,275,1.7419,1,1.6987,2,0.9221
"Sub047_ToD_Online","OA","Night",1,"jackolantern1_tr.png",49,49,0.166085051,0.144375532,3.0485,130,0.211539911,-0.060658093,"Bckg21.jpg",51,93,87,3,1,1,113,51,161,66,118,51,"jackolantern1_tr.png",1,106,106,4.5455,1,1.3416,1,0.9235
"Sub047_ToD_Online","OA","Night",1,"jellybeans1_tr.png",235,235,-0.180266572,-0.126224012,2.9486,130,NA,NA,"Bckg46.jpg",235,49,40,1,1,1,25,235,347,110,157,235,"jellybeans1_tr.png",1,110,110,1.0265,1,3.2511,2,1.2176
"Sub047_ToD_Online","OA","Night",1,"lipstick1_tr.png",110,110,0.206793316,-0.075266612,4.9747,130,NA,NA,"Bckg22.jpg",106,22,9,1,1,1,23,106,284,129,228,106,"lipstick1_tr.png",1,129,129,1.4677,1,2.6854,1,1.1723
"Sub047_ToD_Online","OA","Night",1,"mouthwash1_tr.png",-25,335,-0.093003424,0.199446487,5.7513,130,NA,NA,"Bckg109.jpg",352,100,59,2,1,1,71,352,115,250,226,352,"mouthwash1_tr.png",1,250,250,1.9321,1,2.6343,2,1.8735
"Sub047_ToD_Online","OA","Night",1,"paintpalette1_tr.png",249,249,-0.205448237,-0.078864189,4.9343,130,NA,NA,"Bckg56.jpg",259,16,58,2,1,1,74,259,311,154,192,259,"paintpalette1_tr.png",1,154,154,1.8876,1,2.7919,2,1.7415
"Sub047_ToD_Online","OA","Night",1,"pickle1_tr.png",155,155,0.093003424,-0.199446487,2.8843,130,0.20929411,0.068003779,"Bckg66.jpg",150,83,111,3,1,1,111,150,65,78,256,150,"pickle1_tr.png",1,72,72,9.3592,1,2.4859,1,0.9844
"Sub047_ToD_Online","OA","Night",1,"podium1_tr.png",-1,359,-0.003840661,0.220031333,4.0183,130,-0.204040576,0.082437744,"Bckg75.jpg",356,113,1,1,1,1,33,356,73,322,182,356,"podium1_tr.png",1,292,292,6.4046,1,3.7155,2,3.0224
"Sub047_ToD_Online","OA","Night",1,"pokerchips1_tr.png",3,3,0.011517304,0.219763259,7.1013,130,-0.160945243,-0.150083867,"Bckg127.jpg",11,88,18,1,1,1,3,11,51,229,63,11,"pokerchips1_tr.png",1,227,227,6.1516,1,1.831,2,2.5009
"Sub047_ToD_Online","OA","Night",1,"rollingpin1_tr.png",-136,224,-0.15286989,-0.158301405,3.829,130,NA,NA,"Bckg69.jpg",228,89,48,2,1,1,73,228,12,120,126,228,"rollingpin1_tr.png",1,120,120,1.5151,1,1.3086,2,1.0055
"Sub047_ToD_Online","OA","Night",1,"scarf1_tr.png",273,273,-0.219763259,0.011517304,3.1845,130,NA,NA,"Bckg51.jpg",276,59,96,3,1,1,114,276,231,56,236,276,"scarf1_tr.png",1,56,56,0.9508,1,1.8233,2,2.1347
"Sub047_ToD_Online","OA","Night",1,"starfish1_tr.png",73,73,0.210449063,0.064340735,3.543,130,0.011517304,0.219763259,"Bckg106.jpg",77,54,108,3,1,1,120,77,197,61,78,77,"starfish1_tr.png",1,3,3,8.0407,1,1.4344,1,0.8175
"Sub047_ToD_Online","OA","Night",1,"stoplights1_tr.png",220,220,-0.141454959,-0.168579455,5.4342,130,0.116616603,-0.186625577,"Bckg53.jpg",219,60,8,1,1,1,4,219,214,124,240,219,"stoplights1_tr.png",1,148,148,6.6014,1,2.6959,2,2.4407
"Sub047_ToD_Online","OA","Night",1,"tennisball1_tr.png",382,22,0.082437744,0.204040576,6.8786,130,NA,NA,"Bckg125.jpg",15,31,42,2,1,1,43,15,270,276,311,15,"tennisball1_tr.png",1,276,276,1.8844,1,2.2114,2,1.701
"Sub047_ToD_Online","OA","Night",1,"tissuebox1_tr.png",3,3,0.011517304,0.219763259,8.2755,130,NA,NA,"Bckg98.jpg",1,12,95,3,1,1,110,1,95,272,311,1,"tissuebox1_tr.png",1,272,272,1.1677,1,1.4175,2,0.7035
"Sub047_ToD_Online","OA","Night",1,"toad1_tr.png",400,40,0.141454959,0.168579455,5.7832,130,NA,NA,"Bckg65.jpg",25,27,118,3,1,1,107,25,278,24,220,25,"toad1_tr.png",1,24,24,4.0377,1,1.2845,1,0.7731
"Sub047_ToD_Online","OA","Night",1,"toaster1_tr.png",361,1,0.003840661,0.220031333,6.0893,130,NA,NA,"Bckg104.jpg",358,119,11,1,1,1,39,358,291,211,356,358,"toaster1_tr.png",1,211,211,1.7009,1,2.3747,2,1.7342
"Sub047_ToD_Online","OA","Night",1,"toothpaste1_tr.png",232,232,NA,NA,0.0403,130,NA,NA,"Bckg38.jpg",259,1,78,2,1,1,77,259,232,85,230,259,"toothpaste1_tr.png",1,85,85,1.0674,1,1.8511,2,1.2343
"Sub047_ToD_Online","OA","Night",1,"trumpet1_tr.png",365,5,0.019179915,0.219227437,5.2003,130,NA,NA,"Bckg130.jpg",355,58,94,3,1,1,106,355,313,133,32,355,"trumpet1_tr.png",1,133,133,1.5174,1,1.9386,2,1.1678
"Sub047_ToD_Online","OA","Night",1,"valentinesdaycard1_tr.png",330,330,-0.110032425,0.190581751,5.0504,130,-0.126224012,0.180266572,"Bckg111.jpg",338,26,47,2,1,1,55,338,234,203,108,338,"valentinesdaycard1_tr.png",1,-35,325,6.0492,1,1.351,1,0.9841
"Sub047_ToD_Online","OA","Night",1,"vegeplatter1_tr.png",114,114,0.201039244,-0.089508438,1.9627,130,NA,NA,"Bckg70.jpg",246,30,12,1,1,1,15,246,122,321,75,246,"vegeplatter1_tr.png",1,321,321,1.6491,1,2.8676,2,1.1109
"Sub047_ToD_Online","OA","Night",1,"waterfilter1_tr.png",472,112,0.204040576,-0.082437744,6.2008,130,NA,NA,"Bckg123.jpg",115,56,56,2,1,1,59,115,280,232,286,115,"waterfilter1_tr.png",1,232,232,1.5508,1,1.3616,2,1.1063
"Sub048_ToD_Online","OA","Night",1,"apple1_tr.png",463,103,0.246428274,-0.05689245,3.827,108,NA,NA,"Bckg81.jpg",114,62,99,3,1,1,97,114,347,32,264,114,"apple1_tr.png",1,32,32,0.8747,1,0.7904,1,0.9013
"Sub048_ToD_Online","OA","Night",1,"bandaid1_tr.png",235,235,-0.20717203,-0.145063417,4.6486,108,NA,NA,"Bckg45.jpg",246,107,3,1,1,1,6,246,143,243,11,246,"bandaid1_tr.png",1,243,243,1.7843,1,1.6152,1,0.6345
"Sub048_ToD_Online","OA","Night",1,"bottleofwine1_tr.png",57,57,0.212108467,0.137744849,2.1873,108,NA,NA,"Bckg29.jpg",126,71,109,3,1,1,81,126,55,131,270,126,"bottleofwine1_tr.png",1,131,131,0.7033,1,1.0839,2,0.8202
"Sub048_ToD_Online","OA","Night",1,"bowlingpin1_tr.png",291,291,-0.236112152,0.090634964,3.2999,108,NA,NA,"Bckg34.jpg",301,48,83,3,1,1,107,301,219,51,324,301,"bowlingpin1_tr.png",1,51,51,1.0629,1,1.0899,1,0.7825
"Sub048_ToD_Online","OA","Night",1,"bowls1_tr.png",424,64,0.227314317,0.1108686,5.5538,108,NA,NA,"Bckg103.jpg",76,79,96,3,1,1,120,76,238,207,139,76,"bowls1_tr.png",1,207,207,0.8789,1,0.8277,1,0.9037
"Sub048_ToD_Online","OA","Night",1,"boxinggloves1_tr.png",271,271,-0.252871831,0.004413894,3.5553,108,NA,NA,"Bckg131.jpg",276,95,47,2,1,1,59,276,159,125,149,276,"boxinggloves1_tr.png",1,125,125,2.4499,1,0.9678,2,1.535
"Sub048_ToD_Online","OA","Night",1,"cakemixer1_tr.png",246,246,-0.231045101,-0.102867907,3.8838,108,NA,NA,"Bckg12.jpg",255,117,119,3,1,1,105,255,108,314,330,255,"cakemixer1_tr.png",1,314,314,0.6133,1,1.2963,2,1.1691
"Sub048_ToD_Online","OA","Night",1,"clock1_tr.png",128,128,NA,NA,1.0322,108,NA,NA,"Bckg137.jpg",133,76,118,3,1,1,90,133,128,1,280,133,"clock1_tr.png",1,1,1,0.814,1,0.9626,2,0.7147
"Sub048_ToD_Online","OA","Night",1,"coffeemug1_tr.png",309,309,-0.196548257,0.15916164,3.1506,108,NA,NA,"Bckg20.jpg",325,70,25,1,1,1,22,325,253,113,22,325,"coffeemug1_tr.png",1,113,113,1.901,1,3.4069,1,0.9042
"Sub048_ToD_Online","OA","Night",1,"coke1_tr.png",-27,333,-0.114818896,0.225344772,3.4129,108,NA,NA,"Bckg78.jpg",322,74,36,1,1,1,21,322,31,323,307,322,"coke1_tr.png",1,323,323,7.072,1,3.4465,2,1.5269
"Sub048_ToD_Online","OA","Night",1,"cow1_tr.png",-10,350,-0.043917421,0.249068073,4.7505,108,NA,NA,"Bckg113.jpg",352,24,91,3,1,1,100,352,172,11,137,352,"cow1_tr.png",1,11,11,2.5308,1,0.726,1,0.9688
"Sub048_ToD_Online","OA","Night",1,"dog1_tr.png",152,152,0.118734217,-0.223306585,4.5948,108,NA,NA,"Bckg23.jpg",167,111,38,1,1,1,30,167,16,26,214,167,"dog1_tr.png",1,26,26,5.9962,1,1.1236,2,0.9698
"Sub048_ToD_Online","OA","Night",1,"fantacan1_tr.png",118,118,0.223306585,-0.118734217,3.4475,108,NA,NA,"Bckg86.jpg",126,84,77,2,1,1,54,126,32,278,53,126,"fantacan1_tr.png",1,278,278,2.7314,1,1.3356,2,0.5015
"Sub048_ToD_Online","OA","Night",1,"fireextinguisher1_tr.png",294,294,-0.231045101,0.102867907,3.7038,108,NA,NA,"Bckg88.jpg",294,85,97,3,1,1,88,294,212,94,215,294,"fireextinguisher1_tr.png",1,94,94,0.7017,1,0.8283,2,0.7031
"Sub048_ToD_Online","OA","Night",1,"granola1_tr.png",204,204,-0.102867907,-0.231045101,3.1401,108,NA,NA,"Bckg49.jpg",191,103,85,3,1,1,116,191,262,206,48,191,"granola1_tr.png",1,206,206,1.0724,1,1.0007,1,0.6484
"Sub048_ToD_Online","OA","Night",1,"hat1_tr.png",245,245,-0.22921462,-0.106884532,1.9812,108,NA,NA,"Bckg133.jpg",235,68,50,2,1,1,72,235,251,330,13,235,"hat1_tr.png",1,330,330,1.253,1,1.3672,1,0.4341
"Sub048_ToD_Online","OA","Night",1,"iceskates1_tr.png",204,204,-0.102867907,-0.231045101,2.743,108,NA,NA,"Bckg27.jpg",186,64,112,3,1,1,114,186,280,131,293,186,"iceskates1_tr.png",1,131,131,1.3008,1,1.1171,2,0.6232
"Sub048_ToD_Online","OA","Night",1,"kite1_tr.png",185,185,-0.022042589,-0.25194795,4.4002,108,NA,NA,"Bckg128.jpg",181,115,120,3,1,1,119,181,59,221,177,181,"kite1_tr.png",1,221,221,0.7366,1,0.8672,1,0.8073
"Sub048_ToD_Online","OA","Night",1,"lei1_tr.png",58,58,0.214480141,0.134022067,5.3925,108,NA,NA,"Bckg119.jpg",49,5,5,1,1,1,14,49,174,32,226,49,"lei1_tr.png",1,32,32,4.2409,1,1.2093,2,0.5592
"Sub048_ToD_Online","OA","Night",1,"lipstick1_tr.png",470,110,0.23765799,-0.086500434,6.0445,108,NA,NA,"Bckg22.jpg",106,22,17,1,1,1,13,106,284,129,228,106,"lipstick1_tr.png",1,129,129,2.0709,1,1.6532,1,0.9776
"Sub048_ToD_Online","OA","Night",1,"loaf1_tr.png",453,93,0.252563745,-0.013236305,4.2664,108,NA,NA,"Bckg90.jpg",101,25,87,3,1,1,102,101,357,138,325,101,"loaf1_tr.png",1,138,138,1.2974,1,0.8311,2,0.6551
"Sub048_ToD_Online","OA","Night",1,"motorcycle1_tr.png",264,264,-0.251524881,-0.02643633,3.1823,108,NA,NA,"Bckg100.jpg",260,4,54,2,1,1,69,260,342,17,98,260,"motorcycle1_tr.png",1,17,17,1.3843,1,1.0356,2,0.4696
"Sub048_ToD_Online","OA","Night",1,"oven1_tr.png",467,107,0.241859371,-0.07394383,4.3657,108,NA,NA,"Bckg55.jpg",111,9,70,2,1,1,71,111,305,27,70,111,"oven1_tr.png",1,27,27,3.0321,1,1.0676,1,0.6677
"Sub048_ToD_Online","OA","Night",1,"penguin1_tr.png",427,67,0.232805205,0.098819946,4.8396,108,NA,NA,"Bckg114.jpg",71,7,23,1,1,1,25,71,333,350,66,71,"penguin1_tr.png",1,350,350,2.0816,1,1.9422,1,0.6543
"Sub048_ToD_Online","OA","Night",1,"pizza1_tr.png",37,37,0.152205248,0.201983186,3.8912,108,NA,NA,"Bckg83.jpg",31,80,110,3,1,1,83,31,153,237,175,31,"pizza1_tr.png",1,237,237,0.5704,1,0.9292,1,0.7217
"Sub048_ToD_Online","OA","Night",1,"podium1_tr.png",1,1,0.004413894,0.252871831,4.5813,108,NA,NA,"Bckg75.jpg",356,113,33,1,1,1,20,356,73,322,182,356,"podium1_tr.png",1,322,322,1.3772,1,1.2962,2,0.4019
"Sub048_ToD_Online","OA","Night",1,"pokerchips1_tr.png",25,25,0.106884532,0.22921462,3.5832,108,NA,NA,"Bckg127.jpg",11,88,20,1,1,1,35,11,51,229,63,11,"pokerchips1_tr.png",1,229,229,4.3773,1,1.3781,1,0.5646
"Sub048_ToD_Online","OA","Night",1,"ricecooker1_tr.png",36,36,0.148656974,0.204608771,4.3527,108,NA,NA,"Bckg102.jpg",14,19,81,3,1,1,84,14,178,267,92,14,"ricecooker1_tr.png",1,267,267,0.6509,1,0.7932,2,0.6662
"Sub048_ToD_Online","OA","Night",1,"scarf1_tr.png",271,271,-0.252871831,0.004413894,2.7299,108,NA,NA,"Bckg51.jpg",276,59,90,3,1,1,93,276,231,56,236,276,"scarf1_tr.png",1,56,56,0.8242,1,1.5864,1,0.6558
"Sub048_ToD_Online","OA","Night",1,"silvertray1_tr.png",273,273,-0.252563745,0.013236305,2.2249,108,NA,NA,"Bckg64.jpg",288,6,65,2,1,1,47,288,241,343,248,288,"silvertray1_tr.png",1,343,343,1.036,1,1.4994,2,0.9352
"Sub048_ToD_Online","OA","Night",1,"slide1_tr.png",38,38,0.155707159,0.199296075,2.1263,108,NA,NA,"Bckg94.jpg",44,44,76,2,1,1,63,44,4,217,28,44,"slide1_tr.png",1,217,217,2.2974,1,0.926,1,0.6171
"Sub048_ToD_Online","OA","Night",1,"starfish1_tr.png",123,123,0.212108467,-0.137744849,4.7276,108,NA,NA,"Bckg106.jpg",77,54,11,1,1,1,31,77,197,61,78,77,"starfish1_tr.png",1,61,61,1.1637,1,1.2289,1,1.071
"Sub048_ToD_Online","OA","Night",1,"steeringwheel1_tr.png",226,226,-0.181928481,-0.175686292,4.5145,108,NA,NA,"Bckg62.jpg",229,90,92,3,1,1,86,229,132,225,181,229,"steeringwheel1_tr.png",1,225,225,0.603,1,0.9842,1,0.9547
"Sub048_ToD_Online","OA","Night",1,"stoplights1_tr.png",222,222,-0.169230056,-0.187949018,2.0364,108,NA,NA,"Bckg53.jpg",219,60,60,2,1,1,68,219,214,124,240,219,"stoplights1_tr.png",1,124,124,2.4011,1,3.4654,1,0.7505
"Sub048_ToD_Online","OA","Night",1,"streamer1_tr.png",-21,339,-0.090634964,0.236112152,3.8185,108,NA,NA,"Bckg4.jpg",338,35,28,1,1,1,34,338,69,290,195,338,"streamer1_tr.png",1,290,290,3.7457,1,1.8611,2,0.5022
"Sub048_ToD_Online","OA","Night",1,"telephonebooth1_tr.png",232,232,-0.199296075,-0.155707159,4.5695,108,NA,NA,"Bckg107.jpg",214,63,71,2,1,1,48,214,64,281,300,214,"telephonebooth1_tr.png",1,281,281,2.7594,1,1.6592,2,0.4802
"Sub048_ToD_Online","OA","Night",1,"tennisball1_tr.png",382,22,0.094741885,0.234494393,3.468,108,NA,NA,"Bckg125.jpg",15,31,59,2,1,1,77,15,270,276,311,15,"tennisball1_tr.png",1,276,276,3.0752,1,3.3683,2,0.9992
"Sub048_ToD_Online","OA","Night",1,"toaster1_tr.png",363,3,0.013236305,0.252563745,3.3339,108,NA,NA,"Bckg104.jpg",358,119,68,2,1,1,78,358,291,211,356,358,"toaster1_tr.png",1,211,211,2.0122,1,1.5174,2,0.542
"Sub048_ToD_Online","OA","Night",1,"trumpet1_tr.png",343,343,-0.07394383,0.241859371,2.4202,108,NA,NA,"Bckg130.jpg",355,58,94,3,1,1,118,355,313,133,32,355,"trumpet1_tr.png",1,133,133,0.6183,1,0.96,1,0.8714
"Sub048_ToD_Online","OA","Night",1,"valentinesdaycard1_tr.png",318,318,-0.169230056,0.187949018,3.0848,108,NA,NA,"Bckg111.jpg",338,26,80,2,1,1,67,338,234,203,108,338,"valentinesdaycard1_tr.png",1,203,203,1.2476,1,1.5095,2,0.451
"Sub048_ToD_Online","OA","Night",1,"vegeplatter1_tr.png",238,238,-0.214480141,-0.134022067,4.215,108,NA,NA,"Bckg70.jpg",246,30,51,2,1,1,43,246,122,321,75,246,"vegeplatter1_tr.png",1,321,321,0.8761,1,1.1048,2,0.6402
"Sub048_ToD_Online","OA","Night",1,"watch1_tr.png",127,127,0.201983186,-0.152205248,2.6745,108,NA,NA,"Bckg117.jpg",119,43,52,2,1,1,49,119,181,237,158,119,"watch1_tr.png",1,237,237,3.044,1,2.4231,1,0.5882
"Sub048_ToD_Online","OA","Night",1,"waterfilter1_tr.png",112,112,0.234494393,-0.094741885,4.2987,108,NA,NA,"Bckg123.jpg",115,56,74,2,1,1,61,115,280,232,286,115,"waterfilter1_tr.png",1,232,232,1.0669,1,0.9967,2,1.1568
"Sub048_ToD_Online","OA","Night",1,"wheelchair1_tr.png",174,174,0.02643633,-0.251524881,2.1187,108,NA,NA,"Bckg80.jpg",171,52,19,1,1,1,26,171,180,294,263,171,"wheelchair1_tr.png",1,294,294,4.5256,1,1.3152,2,0.4681
"Sub048_ToD_Online","OA","Night",1,"wisk1_tr.png",304,304,-0.209672183,0.141425673,4.4311,108,NA,NA,"Bckg95.jpg",315,23,82,3,1,1,110,315,150,163,135,315,"wisk1_tr.png",1,163,163,0.7345,1,1.1331,2,0.7372
"Sub049_ToD_Online","OA","Morning",1,"airfreshener1_tr.png",10,10,0.031103421,0.176396263,8.4466,216,0.052368877,-0.171290879,"Bckg42.jpg",2,91,118,3,1,1,119,2,156,345,88,2,"airfreshener1_tr.png",1,523,163,6.2882,1,6.032,2,1.5341
"Sub049_ToD_Online","OA","Morning",1,"apple1_tr.png",487,127,0.143049564,-0.107795578,6.4836,216,0.115134484,-0.137211935,"Bckg81.jpg",114,62,72,2,1,1,77,114,347,32,264,114,"apple1_tr.png",1,140,140,7.664,1,1.5012,1,1.7987
"Sub049_ToD_Online","OA","Morning",1,"asparagus1_tr.png",148,148,0.094917793,-0.151900221,7.5799,216,0.178435864,-0.015611115,"Bckg134.jpg",263,47,34,1,1,1,17,263,290,137,190,263,"asparagus1_tr.png",1,95,95,6.0963,1,1.9655,2,1.1694
"Sub049_ToD_Online","OA","Morning",1,"bagel1_tr.png",253,253,-0.171290879,-0.052368877,5.164,216,-0.128846318,-0.124425443,"Bckg43.jpg",246,20,102,3,1,1,111,246,243,284,250,246,"bagel1_tr.png",1,226,226,8.0988,1,3.4273,1,0.6727
"Sub049_ToD_Online","OA","Morning",1,"banana1_tr.png",49,49,0.135181663,0.117511627,9.101,216,0.119852975,0.133110214,"Bckg93.jpg",44,114,6,1,1,1,23,44,233,78,338,44,"banana1_tr.png",1,42,42,7.3982,1,5.108,2,2.2501
"Sub049_ToD_Online","OA","Morning",1,"bandaid1_tr.png",245,245,-0.162335549,-0.07569831,9.236,216,-0.173014181,-0.04635901,"Bckg45.jpg",246,107,88,3,1,1,86,246,143,243,11,246,"bandaid1_tr.png",1,255,255,7.0005,1,1.8086,1,1.3866
"Sub049_ToD_Online","OA","Morning",1,"basket1_tr.png",120,120,0.155120271,-0.08955873,8.7803,216,0.094917793,0.151900221,"Bckg24.jpg",110,8,111,3,1,1,106,110,14,332,96,110,"basket1_tr.png",1,392,32,4.804,1,2.2144,2,1.2224
"Sub049_ToD_Online","OA","Morning",1,"bathingsuit1_tr.png",269,269,-0.17909018,-0.003126031,5.5991,216,-0.169358886,0.058314941,"Bckg19.jpg",288,65,44,2,1,1,48,288,311,51,176,288,"bathingsuit1_tr.png",1,-71,289,10.9295,1,2.3771,1,1.4713
"Sub049_ToD_Online","OA","Morning",1,"bottleofwine1_tr.png",129,129,0.139200411,-0.11272227,5.8307,216,0.107795578,-0.143049564,"Bckg29.jpg",126,71,61,2,1,1,70,126,55,131,270,126,"bottleofwine1_tr.png",1,143,143,7.1151,1,3.1711,1,1.5531
"Sub049_ToD_Online","OA","Morning",1,"bow1_tr.png",151,151,0.086837868,-0.15665966,7.1501,216,0.04635901,-0.173014181,"Bckg54.jpg",172,67,104,3,1,1,92,172,311,5,258,172,"bow1_tr.png",1,-195,165,6.9365,1,2.641,1,0.9008
"Sub049_ToD_Online","OA","Morning",1,"cakemixer1_tr.png",224,224,-0.124425443,-0.128846318,10.6062,216,-0.17911746,-2.19356e-17,"Bckg12.jpg",255,117,8,1,1,1,5,255,108,314,330,255,"cakemixer1_tr.png",1,270,270,6.3993,1,4.8987,2,1.3244
"Sub049_ToD_Online","OA","Morning",1,"coffeemug1_tr.png",325,325,-0.102737554,0.146724434,7.7428,216,0.178435864,-0.015611115,"Bckg20.jpg",325,70,77,2,1,1,58,325,253,113,22,325,"coffeemug1_tr.png",1,95,95,12.5612,1,2.0142,2,1.8655
"Sub049_ToD_Online","OA","Morning",1,"cucumber1_tr.png",446,86,0.178681139,0.012494602,9.4962,216,0.11027572,0.141146485,"Bckg92.jpg",82,87,117,3,1,1,90,82,286,332,303,82,"cucumber1_tr.png",1,398,38,7.1,1,1.9673,1,0.5656
"Sub049_ToD_Online","OA","Morning",1,"dog1_tr.png",138,138,0.119852975,-0.133110214,6.0659,216,0.137211935,-0.115134484,"Bckg23.jpg",167,111,86,3,1,1,96,167,16,26,214,167,"dog1_tr.png",1,130,130,7.0078,1,1.4402,1,1.8346
"Sub049_ToD_Online","OA","Morning",1,"eggs1_tr.png",90,90,0.17911746,0,6.4992,216,0.003126031,-0.17909018,"Bckg132.jpg",84,28,36,1,1,1,35,84,124,265,170,84,"eggs1_tr.png",1,179,179,7.3833,1,3.4446,2,1.4884
"Sub049_ToD_Online","OA","Morning",1,"granola1_tr.png",220,220,-0.115134484,-0.137211935,6.8328,216,-0.067098582,-0.166074817,"Bckg49.jpg",191,103,119,3,1,1,83,191,262,206,48,191,"granola1_tr.png",1,202,202,5.1171,1,1.7844,1,0.7682
"Sub049_ToD_Online","OA","Morning",1,"highheel1_tr.png",124,124,0.148495104,-0.100161213,6.1817,216,-0.119852975,-0.133110214,"Bckg57.jpg",128,77,71,2,1,1,69,128,108,34,194,128,"highheel1_tr.png",1,-138,222,6.9815,1,3.0188,2,1.7831
"Sub049_ToD_Online","OA","Morning",1,"hotdog1_tr.png",163,163,0.052368877,-0.171290879,7.5978,216,0.11272227,-0.139200411,"Bckg126.jpg",152,42,79,2,1,1,64,152,327,275,320,152,"hotdog1_tr.png",1,141,141,7.9872,1,3.1336,1,1.3898
"Sub049_ToD_Online","OA","Morning",1,"iceskates1_tr.png",172,172,0.024928332,-0.177374301,6.5815,216,-0.028020144,-0.176912227,"Bckg27.jpg",186,64,67,2,1,1,78,186,280,131,293,186,"iceskates1_tr.png",1,189,189,6.1799,1,2.424,1,1.4351
"Sub049_ToD_Online","OA","Morning",1,"jackolantern1_tr.png",59,59,0.15353363,0.092252312,6.5534,216,0.119852975,0.133110214,"Bckg21.jpg",51,93,108,3,1,1,116,51,161,66,118,51,"jackolantern1_tr.png",1,42,42,4.7068,1,1.9202,1,1.3207
"Sub049_ToD_Online","OA","Morning",1,"kite1_tr.png",179,179,0.003126031,-0.17909018,10.164,216,0.086837868,0.15665966,"Bckg128.jpg",181,115,30,1,1,1,27,181,59,221,177,181,"kite1_tr.png",1,29,29,6.9551,1,3.3344,2,1.6814
"Sub049_ToD_Online","OA","Morning",1,"lei1_tr.png",54,54,0.144909069,0.105282601,8.5472,216,0.128846318,0.124425443,"Bckg119.jpg",49,5,19,1,1,1,7,49,174,32,226,49,"lei1_tr.png",1,46,46,4.8991,1,3.966,2,1.7658
"Sub049_ToD_Online","OA","Morning",1,"lemon1_tr.png",387,27,0.081317625,0.159594825,11.5258,216,0.102737554,0.146724434,"Bckg99.jpg",20,66,81,3,1,1,81,20,265,285,180,20,"lemon1_tr.png",1,395,35,6.6673,1,2.5265,1,1.3798
"Sub049_ToD_Online","OA","Morning",1,"mouthwash1_tr.png",-13,347,-0.040292661,0.174526691,7.9997,216,0.148495104,0.100161213,"Bckg109.jpg",352,100,26,1,1,1,11,352,115,250,226,352,"mouthwash1_tr.png",1,56,56,8.1209,1,2.4755,2,2.4494
"Sub049_ToD_Online","OA","Morning",1,"oven1_tr.png",495,135,0.126655171,-0.126655171,9.4128,216,0.15665966,-0.086837868,"Bckg55.jpg",111,9,20,1,1,1,8,111,305,27,70,111,"oven1_tr.png",1,119,119,6.747,1,3.0904,2,2.4525
"Sub049_ToD_Online","OA","Morning",1,"paintpalette1_tr.png",261,261,-0.176912227,-0.028020144,5.4005,216,0.179008346,-0.006251109,"Bckg56.jpg",259,16,64,2,1,1,55,259,311,154,192,259,"paintpalette1_tr.png",1,92,92,4.7603,1,4.4978,2,1.7981
"Sub049_ToD_Online","OA","Morning",1,"penguin1_tr.png",433,73,0.171290879,0.052368877,9.8292,216,-0.170350828,-0.055350339,"Bckg114.jpg",71,7,109,3,1,1,84,71,333,350,66,71,"penguin1_tr.png",1,252,252,4.4319,1,4.5355,2,1.435
"Sub049_ToD_Online","OA","Morning",1,"pickle1_tr.png",111,111,0.167220555,-0.064189957,5.7485,216,0.006251109,-0.179008346,"Bckg66.jpg",150,83,31,1,1,1,36,150,65,78,256,150,"pickle1_tr.png",1,178,178,6.5987,1,1.583,2,1.6688
"Sub049_ToD_Online","OA","Morning",1,"pizza1_tr.png",43,43,0.122157814,0.130998217,10.0548,216,-0.107795578,-0.143049564,"Bckg83.jpg",31,80,82,3,1,1,101,31,153,237,175,31,"pizza1_tr.png",1,217,217,6.2071,1,2.536,2,1.8998
"Sub049_ToD_Online","OA","Morning",1,"pokerchips1_tr.png",33,33,0.097554361,0.150220542,6.2494,216,0.07569831,0.162335549,"Bckg127.jpg",11,88,22,1,1,1,18,11,51,229,63,11,"pokerchips1_tr.png",1,385,25,9.6517,1,2.7479,1,2.3333
"Sub049_ToD_Online","OA","Morning",1,"qtips1_tr.png",169,169,0.034177223,-0.175826568,6.7802,216,0.003126031,-0.17909018,"Bckg129.jpg",171,92,43,2,1,1,63,171,235,155,124,171,"qtips1_tr.png",1,179,179,6.9486,1,2.1171,1,1.2851
"Sub049_ToD_Online","OA","Morning",1,"sippycup1_tr.png",104,104,0.173796906,-0.043332435,9.8548,216,0.15665966,-0.086837868,"Bckg105.jpg",107,106,16,1,1,1,34,107,24,15,204,107,"sippycup1_tr.png",1,119,119,6.731,1,2.3149,2,1.6189
"Sub049_ToD_Online","OA","Morning",1,"starfish1_tr.png",71,71,0.169358886,0.058314941,8.4159,216,-0.086837868,-0.15665966,"Bckg106.jpg",77,54,85,3,1,1,104,77,197,61,78,77,"starfish1_tr.png",1,209,209,9.8827,1,2.8983,1,1.5964
"Sub049_ToD_Online","OA","Morning",1,"streamer1_tr.png",-53,307,-0.143049564,0.107795578,6.2686,216,-0.037240614,0.175203314,"Bckg4.jpg",338,35,87,3,1,1,99,338,69,290,195,338,"streamer1_tr.png",1,348,348,7.1815,1,2.0662,1,1.0147
"Sub049_ToD_Online","OA","Morning",1,"telephonebooth1_tr.png",210,210,-0.08955873,-0.155120271,8.4147,216,-0.092252312,-0.15353363,"Bckg107.jpg",214,63,84,3,1,1,112,214,64,281,300,214,"telephonebooth1_tr.png",1,211,211,5.8071,1,1.5224,1,1.2014
"Sub049_ToD_Online","OA","Morning",1,"tennisball1_tr.png",384,24,0.072853634,0.163631942,7.3478,216,0.08955873,-0.155120271,"Bckg125.jpg",15,31,103,3,1,1,109,15,270,276,311,15,"tennisball1_tr.png",1,150,150,5.7985,1,2.2793,2,0.7858
"Sub049_ToD_Online","OA","Morning",1,"trophy1_tr.png",88,88,0.179008346,0.006251109,6.4489,216,-0.006251109,0.179008346,"Bckg68.jpg",75,99,51,2,1,1,42,75,66,178,228,75,"trophy1_tr.png",1,358,358,8.0017,1,2.261,1,1.0481
"Sub049_ToD_Online","OA","Morning",1,"trumpet1_tr.png",359,359,-0.003126031,0.17909018,6.1201,216,-0.003126031,0.17909018,"Bckg130.jpg",355,58,39,1,1,1,20,355,313,133,32,355,"trumpet1_tr.png",1,-1,359,8.4712,1,2.8159,1,1.4977
"Sub049_ToD_Online","OA","Morning",1,"valentinesdaycard1_tr.png",344,344,-0.049371463,0.172178753,8.648,216,0.028020144,-0.176912227,"Bckg111.jpg",338,26,1,1,1,1,14,338,234,203,108,338,"valentinesdaycard1_tr.png",1,171,171,5.3652,1,2.3835,2,3.7233
"Sub049_ToD_Online","OA","Morning",1,"washingmachine1_tr.png",332,332,-0.084090554,0.15815133,5.9651,216,-0.021828927,0.177782346,"Bckg85.jpg",341,34,60,2,1,1,46,341,282,53,158,341,"washingmachine1_tr.png",1,-7,353,5.9482,1,2.6793,1,1.4531
"Sub049_ToD_Online","OA","Morning",1,"wheelchair1_tr.png",170,170,0.031103421,-0.176396263,4.281,216,0.018722873,-0.178136236,"Bckg80.jpg",171,52,46,2,1,1,52,171,180,294,263,171,"wheelchair1_tr.png",1,174,174,8.477,1,2.1345,2,1.6001
"Sub049_ToD_Online","OA","Morning",1,"wisk1_tr.png",306,306,-0.144909069,0.105282601,7.5136,216,-0.028020144,-0.176912227,"Bckg95.jpg",315,23,73,2,1,1,74,315,150,163,135,315,"wisk1_tr.png",1,189,189,9.8984,1,1.8332,2,1.8494
"Sub049_ToD_Online","OA","Morning",1,"wreath1_tr.png",223,223,-0.122157814,-0.130998217,8.9895,216,0.117511627,0.135181663,"Bckg71.jpg",229,98,25,1,1,1,4,229,357,97,101,229,"wreath1_tr.png",1,41,41,8.1313,1,8.0288,2,1.465
"Sub050_ToD_Online","OA","Morning",1,"abacus1_tr.png",-47,313,-0.164628567,0.153518622,4.9027,105,-0.119285441,0.19089661,"Bckg135.jpg",299,41,78,2,1,1,52,299,113,108,23,299,"abacus1_tr.png",1,-32,328,5.1309,1,1.4201,1,0.936
"Sub050_ToD_Online","OA","Morning",1,"airfreshener1_tr.png",360,0,-4.13504e-17,0.22510116,8.0171,105,0.003928557,0.225066876,"Bckg42.jpg",2,91,58,2,1,1,75,2,156,345,88,2,"airfreshener1_tr.png",1,361,1,4.0714,1,1.599,1,1.1001
"Sub050_ToD_Online","OA","Morning",1,"banana1_tr.png",409,49,0.169886002,0.147679648,4.2834,105,0.172437493,0.144692237,"Bckg93.jpg",44,114,89,3,1,1,116,44,233,78,338,44,"banana1_tr.png",1,50,50,3.584,1,2.4184,1,1.4207
"Sub050_ToD_Online","OA","Morning",1,"bandaid1_tr.png",233,233,-0.17977378,-0.13546926,5.0854,105,-0.153518622,-0.164628567,"Bckg45.jpg",246,107,30,1,1,1,23,246,143,243,11,246,"bandaid1_tr.png",1,223,223,4.0845,1,2.1168,1,1.2501
"Sub050_ToD_Online","OA","Morning",1,"bathingsuit1_tr.png",293,293,-0.20720671,0.08795403,4.2507,105,-0.204010934,0.095131861,"Bckg19.jpg",288,65,8,1,1,1,24,288,311,51,176,288,"bathingsuit1_tr.png",1,-65,295,6.2846,1,1.5008,1,1.1178
"Sub050_ToD_Online","OA","Morning",1,"bathroomscale1_tr.png",225,225,-0.159170557,-0.159170557,2.6836,105,-0.13546926,-0.17977378,"Bckg17.jpg",226,17,51,2,1,1,48,226,235,285,318,226,"bathroomscale1_tr.png",1,217,217,4.1849,1,1.5035,1,0.9503
"Sub050_ToD_Online","OA","Morning",1,"bbqmachine1_tr.png",513,153,0.102193788,-0.200566602,4.8156,105,0.046801163,-0.22018216,"Bckg48.jpg",172,40,20,1,1,1,33,172,331,332,338,172,"bbqmachine1_tr.png",1,168,168,4.732,1,1.8006,1,1.0677
"Sub050_ToD_Online","OA","Morning",1,"bed1_tr.png",238,238,-0.19089661,-0.119285441,6.1182,105,-0.159170557,-0.159170557,"Bckg77.jpg",245,120,57,2,1,1,61,245,138,143,160,245,"bed1_tr.png",1,225,225,5.4508,1,2.1675,1,0.8354
"Sub050_ToD_Online","OA","Morning",1,"binder1_tr.png",84,84,0.223868032,0.023529478,4.3506,105,0.224964034,0.007855917,"Bckg82.jpg",91,21,39,1,1,1,9,91,236,320,312,91,"binder1_tr.png",1,448,88,4.9367,1,1.517,1,1.2838
"Sub050_ToD_Online","OA","Morning",1,"bird1_tr.png",32,32,0.119285441,0.19089661,3.6829,105,0.184392075,0.129112721,"Bckg2.jpg",39,72,120,3,1,1,85,39,118,137,33,39,"bird1_tr.png",1,55,55,5.6346,1,2.1128,1,0.4842
"Sub050_ToD_Online","OA","Morning",1,"boxinggloves1_tr.png",-81,279,-0.222329791,0.03521358,5.8863,105,0.122598879,0.188785718,"Bckg131.jpg",276,95,15,1,1,1,6,276,159,125,149,276,"boxinggloves1_tr.png",1,33,33,5.7943,1,1.5339,2,0.9845
"Sub050_ToD_Online","OA","Morning",1,"breakfast1_tr.png",312,312,-0.167282762,0.150622076,4.749,105,-0.20720671,0.08795403,"Bckg89.jpg",300,3,27,1,1,1,5,300,348,149,173,300,"breakfast1_tr.png",1,-67,293,6.7524,1,2.0855,1,1.2514
"Sub050_ToD_Online","OA","Morning",1,"cabinet1_tr.png",355,355,-0.019618859,0.224244582,4.1381,105,-0.125874971,-0.186617319,"Bckg13.jpg",355,110,33,1,1,1,25,355,291,250,164,355,"cabinet1_tr.png",1,214,214,4.111,1,2.2497,2,1.1859
"Sub050_ToD_Online","OA","Morning",1,"coat1_tr.png",93,93,0.224792667,-0.011780884,5.418,105,-0.224792667,-0.011780884,"Bckg108.jpg",94,102,80,2,1,1,44,94,309,13,198,94,"coat1_tr.png",1,-93,267,3.9859,1,3.0342,1,1.0006
"Sub050_ToD_Online","OA","Morning",1,"coffeemug1_tr.png",311,311,-0.169886002,0.147679648,2.6514,105,-0.159170557,0.159170557,"Bckg20.jpg",325,70,111,3,1,1,108,325,253,113,22,325,"coffeemug1_tr.png",1,-45,315,6.5181,1,1.9504,1,0.5837
"Sub050_ToD_Online","OA","Morning",1,"cookie1_tr.png",200,200,-0.076989131,-0.211525899,3.5836,105,-0.08795403,-0.20720671,"Bckg1.jpg",196,109,84,3,1,1,117,196,142,307,242,196,"cookie1_tr.png",1,203,203,4.1355,1,1.9842,1,0.6678
"Sub050_ToD_Online","OA","Morning",1,"encyclopedia1_tr.png",-65,295,-0.204010934,0.095131861,6.3084,105,-0.119285441,0.19089661,"Bckg72.jpg",286,11,72,2,1,1,41,286,151,110,236,286,"encyclopedia1_tr.png",1,-32,328,6.1837,1,2.6283,1,1.0022
"Sub050_ToD_Online","OA","Morning",1,"fireextinguisher1_tr.png",306,306,-0.182110664,0.132311142,4.2193,105,-0.216381123,0.062046289,"Bckg88.jpg",294,85,83,3,1,1,107,294,212,94,215,294,"fireextinguisher1_tr.png",1,-74,286,5.6862,1,1.3508,1,0.9671
"Sub050_ToD_Online","OA","Morning",1,"goggle1_tr.png",31,31,0.115935668,0.192949354,6.0863,105,0.150622076,0.167282762,"Bckg120.jpg",25,96,9,1,1,1,40,25,157,292,131,25,"goggle1_tr.png",1,402,42,3.9273,1,1.662,1,1.0234
"Sub050_ToD_Online","OA","Morning",1,"grater1_tr.png",221,221,-0.147679648,-0.169886002,2.4508,105,-0.027432931,-0.22342329,"Bckg118.jpg",227,108,31,1,1,1,34,227,183,311,225,227,"grater1_tr.png",1,547,187,7.598,1,2.8471,2,1.5497
"Sub050_ToD_Online","OA","Morning",1,"hairdryer1_tr.png",52,52,NA,NA,1.4022,105,0.212837328,0.073285769,"Bckg79.jpg",63,73,82,3,1,1,94,63,52,27,90,63,"hairdryer1_tr.png",1,71,71,3.962,1,1.3814,1,0.9348
"Sub050_ToD_Online","OA","Morning",1,"handsoap1_tr.png",430,70,0.211525899,0.076989131,3.2183,105,0.204010934,0.095131861,"Bckg73.jpg",74,57,103,3,1,1,104,74,352,41,5,74,"handsoap1_tr.png",1,65,65,2.7355,1,1.7579,1,0.9178
"Sub050_ToD_Online","OA","Morning",1,"iceskates1_tr.png",212,212,-0.119285441,-0.19089661,3.3503,105,-0.129112721,-0.184392075,"Bckg27.jpg",186,64,85,3,1,1,97,186,280,131,293,186,"iceskates1_tr.png",1,215,215,5.4173,1,0.9675,1,0.7591
"Sub050_ToD_Online","OA","Morning",1,"jackolantern1_tr.png",55,55,0.184392075,0.129112721,6.2823,105,0.156368405,0.161924223,"Bckg21.jpg",51,93,38,1,1,1,12,51,161,66,118,51,"jackolantern1_tr.png",1,44,44,3.1006,1,1.5676,1,1.1764
"Sub050_ToD_Online","OA","Morning",1,"jellybeans1_tr.png",231,231,-0.174936457,-0.14166075,4.7545,105,-0.161924223,-0.156368405,"Bckg46.jpg",235,49,109,3,1,1,120,235,347,110,157,235,"jellybeans1_tr.png",1,226,226,4.7859,1,1.2793,1,0.9935
"Sub050_ToD_Online","OA","Morning",1,"lei1_tr.png",400,40,0.144692237,0.172437493,5.3354,105,0.138586112,0.177382135,"Bckg119.jpg",49,5,94,3,1,1,112,49,174,32,226,49,"lei1_tr.png",1,38,38,3.3171,1,1.2659,1,0.6676
"Sub050_ToD_Online","OA","Morning",1,"lipstick1_tr.png",474,114,0.205640142,-0.09155689,4.667,105,0.210150037,-0.080669041,"Bckg22.jpg",106,22,98,3,1,1,99,106,284,129,228,106,"lipstick1_tr.png",1,111,111,5.1666,1,1.1331,1,0.6337
"Sub050_ToD_Online","OA","Morning",1,"loaf1_tr.png",469,109,0.212837328,-0.073285769,3.5033,105,0.167282762,-0.150622076,"Bckg90.jpg",101,25,90,3,1,1,83,101,357,138,325,101,"loaf1_tr.png",1,132,132,3.7653,1,1.368,1,0.5686
"Sub050_ToD_Online","OA","Morning",1,"mouthwash1_tr.png",-17,343,-0.06581321,0.21526531,4.034,105,-0.039088406,0.221681368,"Bckg109.jpg",352,100,55,2,1,1,68,352,115,250,226,352,"mouthwash1_tr.png",1,350,350,4.3518,1,2.4962,1,1.2314
"Sub050_ToD_Online","OA","Morning",1,"penguin1_tr.png",433,73,0.21526531,0.06581321,3.7175,105,0.222910491,-0.031328026,"Bckg114.jpg",71,7,106,3,1,1,90,71,333,350,66,71,"penguin1_tr.png",1,458,98,3.5677,1,1.6524,1,0.4844
"Sub050_ToD_Online","OA","Morning",1,"pickle1_tr.png",125,125,0.184392075,-0.129112721,2.967,105,0.150622076,-0.167282762,"Bckg66.jpg",150,83,113,3,1,1,118,150,65,78,256,150,"pickle1_tr.png",1,138,138,3.4844,1,1.1527,1,0.6177
"Sub050_ToD_Online","OA","Morning",1,"pin1_tr.png",300,300,-0.194943323,0.11255058,3.981,105,-0.167282762,0.150622076,"Bckg59.jpg",300,82,12,1,1,1,1,300,260,88,40,300,"pin1_tr.png",1,-48,312,5.6297,1,2.5711,1,1.492
"Sub050_ToD_Online","OA","Morning",1,"podium1_tr.png",-15,345,-0.058260467,0.217431024,5.1669,105,-0.023529478,0.223868032,"Bckg75.jpg",356,113,2,1,1,1,13,356,73,322,182,356,"podium1_tr.png",1,354,354,3.634,1,1.721,1,1.2844
"Sub050_ToD_Online","OA","Morning",1,"pokerchips1_tr.png",27,27,0.102193788,0.200566602,3.9338,105,0.095131861,0.204010934,"Bckg127.jpg",11,88,66,2,1,1,66,11,51,229,63,11,"pokerchips1_tr.png",1,25,25,6.5008,1,1.738,1,1.048
"Sub050_ToD_Online","OA","Morning",1,"popcorn1_tr.png",147,147,0.122598879,-0.188785718,3.3005,105,0.167282762,0.150622076,"Bckg76.jpg",144,15,73,2,1,1,63,144,211,30,310,144,"popcorn1_tr.png",1,48,48,10.434,1,1.9839,2,0.618
"Sub050_ToD_Online","OA","Morning",1,"potatochips1_tr.png",382,22,0.084324379,0.208710161,5.384,105,-0.015702263,0.224552825,"Bckg124.jpg",13,81,96,3,1,1,96,13,164,112,355,13,"potatochips1_tr.png",1,-4,356,4.2145,1,2.1343,2,0.886
"Sub050_ToD_Online","OA","Morning",1,"rubikscube1_tr.png",112,112,0.208710161,-0.084324379,3.9512,105,0.182110664,-0.132311142,"Bckg122.jpg",113,105,116,3,1,1,93,113,4,222,200,113,"rubikscube1_tr.png",1,126,126,4.5842,1,1.0182,1,0.6905
"Sub050_ToD_Online","OA","Morning",1,"scarf1_tr.png",261,261,-0.222329791,-0.03521358,3.3011,105,-0.214083925,-0.069560084,"Bckg51.jpg",276,59,102,3,1,1,89,276,231,56,236,276,"scarf1_tr.png",1,-108,252,4.9178,1,1.8175,1,0.6511
"Sub050_ToD_Online","OA","Morning",1,"skippingrope1_tr.png",63,63,0.200566602,0.102193788,2.7825,105,0.159170557,0.159170557,"Bckg7.jpg",60,45,52,2,1,1,59,60,87,213,277,60,"skippingrope1_tr.png",1,405,45,5.5833,1,1.7168,1,1.0175
"Sub050_ToD_Online","OA","Morning",1,"starfish1_tr.png",421,61,0.196877911,0.109131208,6.7017,105,0.204010934,0.095131861,"Bckg106.jpg",77,54,13,1,1,1,16,77,197,61,78,77,"starfish1_tr.png",1,65,65,2.9841,1,1.6481,1,1.1443
"Sub050_ToD_Online","OA","Morning",1,"stoplights1_tr.png",214,214,NA,NA,2.0346,105,-0.098677854,0.202319582,"Bckg53.jpg",219,60,47,2,1,1,56,219,214,124,240,219,"stoplights1_tr.png",1,-26,334,6.6011,1,2.6675,2,1.3177
"Sub050_ToD_Online","OA","Morning",1,"streamer1_tr.png",-25,335,-0.095131861,0.204010934,2.9339,105,-0.11255058,0.194943323,"Bckg4.jpg",338,35,101,3,1,1,88,338,69,290,195,338,"streamer1_tr.png",1,330,330,4.7513,1,1.4339,1,0.7117
"Sub050_ToD_Online","OA","Morning",1,"sunglasses1_tr.png",391,31,0.115935668,0.192949354,3.6334,105,0.188785718,0.122598879,"Bckg11.jpg",27,29,22,1,1,1,20,27,287,111,147,27,"sunglasses1_tr.png",1,57,57,3.9325,1,7.6003,2,2.1348
"Sub050_ToD_Online","OA","Morning",1,"telephonebooth1_tr.png",-142,218,-0.138586112,-0.177382135,5.9678,105,-0.115935668,-0.192949354,"Bckg107.jpg",214,63,28,1,1,1,27,214,64,281,300,214,"telephonebooth1_tr.png",1,211,211,4.9185,1,1.9176,2,1.4381
"Sub050_ToD_Online","OA","Morning",1,"tennisball1_tr.png",380,20,0.076989131,0.211525899,4.2002,105,0.098677854,0.202319582,"Bckg125.jpg",15,31,18,1,1,1,28,15,270,276,311,15,"tennisball1_tr.png",1,386,26,5.8009,1,2.1038,1,1.2174
"Sub050_ToD_Online","OA","Morning",1,"toad1_tr.png",400,40,0.144692237,0.172437493,6.6373,105,-0.132311142,-0.182110664,"Bckg65.jpg",25,27,46,2,1,1,55,25,278,24,220,25,"toad1_tr.png",1,-144,216,5.1171,1,1.1443,1,0.6506
"Sub050_ToD_Online","OA","Morning",1,"toothpaste1_tr.png",234,234,-0.182110664,-0.132311142,2.9687,105,-0.17977378,-0.13546926,"Bckg38.jpg",259,1,112,3,1,1,100,259,232,85,230,259,"toothpaste1_tr.png",1,-127,233,5.8848,1,1.2344,1,0.8838
"Sub050_ToD_Online","OA","Morning",1,"tractor1_tr.png",312,312,-0.167282762,0.150622076,4.9982,105,0.144692237,-0.172437493,"Bckg63.jpg",316,86,56,2,1,1,77,316,132,20,87,316,"tractor1_tr.png",1,140,140,4.0911,1,3.2173,1,1.0189
"Sub050_ToD_Online","OA","Morning",1,"trumpet1_tr.png",347,347,-0.050636743,0.219331832,5.4014,105,-0.003928557,0.225066876,"Bckg130.jpg",355,58,25,1,1,1,30,355,313,133,32,355,"trumpet1_tr.png",1,-1,359,6.3858,1,1.5997,1,1.7849
"Sub050_ToD_Online","OA","Morning",1,"turtle1_tr.png",207,207,-0.102193788,-0.200566602,3.8337,105,-0.069560084,-0.214083925,"Bckg44.jpg",223,61,61,2,1,1,74,223,185,158,305,223,"turtle1_tr.png",1,198,198,5.6675,1,1.9511,1,0.9575
"Sub050_ToD_Online","OA","Morning",1,"vacuum1_tr.png",475,115,0.204010934,-0.095131861,4.2671,105,0.224552825,-0.015702263,"Bckg60.jpg",108,97,41,2,1,1,79,108,327,356,335,108,"vacuum1_tr.png",1,454,94,5.2009,1,2.0838,1,1.058
"Sub050_ToD_Online","OA","Morning",1,"vegeplatter1_tr.png",230,230,-0.172437493,-0.144692237,5.7006,105,-0.210150037,-0.080669041,"Bckg70.jpg",246,30,59,2,1,1,62,246,122,321,75,246,"vegeplatter1_tr.png",1,249,249,4.3698,1,1.4119,1,0.5511
"Sub050_ToD_Online","OA","Morning",1,"wagon1_tr.png",91,91,0.225066876,-0.003928557,3.4178,105,0.222910491,0.031328026,"Bckg47.jpg",95,38,40,1,1,1,37,95,87,36,143,95,"wagon1_tr.png",1,82,82,4.4375,1,1.9116,1,1.1004
"Sub050_ToD_Online","OA","Morning",1,"wheelchair1_tr.png",168,168,0.046801163,-0.22018216,5.4505,105,0.09155689,-0.205640142,"Bckg80.jpg",171,52,6,1,1,1,21,171,180,294,263,171,"wheelchair1_tr.png",1,156,156,5.134,1,1.7838,1,1.1172
"Sub051_ToD_Online","OA","Morning",1,"abacus1_tr.png",-59,301,-0.217349564,0.130596793,5.0389,5,-0.23510347,0.094987967,"Bckg135.jpg",299,41,86,3,1,1,115,299,113,108,23,299,"abacus1_tr.png",1,-68,292,5.9138,1,1.3808,2,0.1161
"Sub051_ToD_Online","OA","Morning",1,"asparagus1_tr.png",262,262,-0.251099561,-0.035289742,4.4682,5,-0.25260236,0.022099843,"Bckg134.jpg",263,47,14,1,1,1,16,263,290,137,190,263,"asparagus1_tr.png",1,275,275,5.6996,1,1.5769,1,1.0355
"Sub051_ToD_Online","OA","Morning",1,"bagel1_tr.png",243,243,NA,NA,1.2187,5,-0.231645219,-0.103135096,"Bckg43.jpg",246,20,114,3,1,1,104,246,243,284,250,246,"bagel1_tr.png",1,246,246,2.6782,1,2.1301,1,0.2985
"Sub051_ToD_Online","OA","Morning",1,"banana1_tr.png",55,55,0.207710139,0.145440205,5.3324,5,0.162989893,0.19424379,"Bckg93.jpg",44,114,1,1,1,1,35,44,233,78,338,44,"banana1_tr.png",1,40,40,5.2003,1,2.7701,1,0.8858
"Sub051_ToD_Online","OA","Morning",1,"bandaid1_tr.png",251,251,-0.239752554,-0.082553425,4.0512,5,-0.247068348,-0.057040222,"Bckg45.jpg",246,107,15,1,1,1,19,246,143,243,11,246,"bandaid1_tr.png",1,257,257,4.9191,1,1.8963,1,1.1831
"Sub051_ToD_Online","OA","Morning",1,"basket1_tr.png",118,118,0.223886602,-0.119042618,3.5797,5,0.12678363,-0.219595689,"Bckg24.jpg",110,8,49,2,1,1,65,110,14,332,96,110,"basket1_tr.png",1,150,150,8.3765,1,1.6117,1,0.4033
"Sub051_ToD_Online","OA","Morning",1,"bbqmachine1_tr.png",529,169,0.048382914,-0.248908515,6.8671,5,0.044031493,-0.249715004,"Bckg48.jpg",172,40,35,1,1,1,28,172,331,332,338,172,"bbqmachine1_tr.png",1,170,170,5.6885,1,1.3991,1,0.6813
"Sub051_ToD_Online","OA","Morning",1,"bowlingpin1_tr.png",301,301,-0.217349564,0.130596793,4.3335,5,NA,NA,"Bckg34.jpg",301,48,83,3,1,1,84,301,219,51,324,301,"bowlingpin1_tr.png",1,51,51,1.4254,1,2.5281,2,0.3439
"Sub051_ToD_Online","OA","Morning",1,"boxinggloves1_tr.png",283,283,-0.247068348,0.057040222,3.9892,5,NA,NA,"Bckg131.jpg",276,95,44,2,1,1,74,276,159,125,149,276,"boxinggloves1_tr.png",1,125,125,0.397,1,2.0903,2,0.465
"Sub051_ToD_Online","OA","Morning",1,"breakfast1_tr.png",314,314,-0.182401022,0.17614262,3.7507,5,-0.225930083,0.115117127,"Bckg89.jpg",300,3,90,3,1,1,94,300,348,149,173,300,"breakfast1_tr.png",1,-63,297,5.7635,1,1.5205,1,0.2698
"Sub051_ToD_Online","OA","Morning",1,"cakemixer1_tr.png",250,250,-0.238275283,-0.086725111,4.4994,5,-0.253412794,-0.00884937,"Bckg12.jpg",255,117,64,2,1,1,79,255,108,314,330,255,"cakemixer1_tr.png",1,268,268,2.6811,1,2.2242,1,0.3841
"Sub051_ToD_Online","OA","Morning",1,"coat1_tr.png",451,91,0.25352864,-0.004425359,9.2084,5,0.19136964,-0.16635509,"Bckg108.jpg",94,102,29,1,1,1,30,94,309,13,198,94,"coat1_tr.png",1,131,131,4.4842,1,2.9169,1,1.0365
"Sub051_ToD_Online","OA","Morning",1,"crayon1_tr.png",268,268,-0.253412794,-0.00884937,4.6649,5,-0.25356726,3.1053e-17,"Bckg87.jpg",267,33,52,2,1,1,63,267,220,22,283,267,"crayon1_tr.png",1,-90,270,3.7495,1,2.2098,1,0.1488
"Sub051_ToD_Online","OA","Morning",1,"eggs1_tr.png",90,90,0.25356726,0,3.7826,5,0.25352864,0.004425359,"Bckg132.jpg",84,28,26,1,1,1,22,84,124,265,170,84,"eggs1_tr.png",1,449,89,5.8031,1,1.6981,1,0.5365
"Sub051_ToD_Online","OA","Morning",1,"encyclopedia1_tr.png",287,287,-0.242487577,0.074135892,5.7072,5,-0.215037232,0.134370176,"Bckg72.jpg",286,11,117,3,1,1,108,286,151,110,236,286,"encyclopedia1_tr.png",1,-58,302,5.2959,1,1.3861,1,0.851
"Sub051_ToD_Online","OA","Morning",1,"granola1_tr.png",212,212,-0.134370176,-0.215037232,2.9164,5,-0.111156571,-0.227904744,"Bckg49.jpg",191,103,113,3,1,1,102,191,262,206,48,191,"granola1_tr.png",1,206,206,2.03,1,1.5815,1,0.2989
"Sub051_ToD_Online","OA","Morning",1,"hairdryer1_tr.png",62,62,0.223886602,0.119042618,2.2524,5,NA,NA,"Bckg79.jpg",63,73,120,3,1,1,92,63,52,27,90,63,"hairdryer1_tr.png",1,27,27,0.8519,1,2.8704,2,0.619
"Sub051_ToD_Online","OA","Morning",1,"hammer1_tr.png",229,229,-0.19136964,-0.16635509,3.9765,5,-0.172932455,-0.185447354,"Bckg138.jpg",237,118,72,2,1,1,68,237,139,321,245,237,"hammer1_tr.png",1,223,223,4.625,1,3.5597,1,0.1905
"Sub051_ToD_Online","OA","Morning",1,"handsoap1_tr.png",438,78,0.248026207,0.052719598,3.7205,5,NA,NA,"Bckg73.jpg",74,57,18,1,1,1,18,74,352,41,5,74,"handsoap1_tr.png",1,41,41,2.9143,1,3.7232,2,1.3463
"Sub051_ToD_Online","OA","Morning",1,"highheel1_tr.png",126,126,0.205140223,-0.149043096,3.7127,5,0.219595689,-0.12678363,"Bckg57.jpg",128,77,31,1,1,1,5,128,108,34,194,128,"highheel1_tr.png",1,120,120,3.7345,1,2.3279,1,0.5664
"Sub051_ToD_Online","OA","Morning",1,"hotdog1_tr.png",153,153,0.115117127,-0.225930083,5.235,5,0.138102628,-0.212659398,"Bckg126.jpg",152,42,99,3,1,1,119,152,327,275,320,152,"hotdog1_tr.png",1,147,147,3.7462,1,1.2644,1,0.1641
"Sub051_ToD_Online","OA","Morning",1,"jackolantern1_tr.png",57,57,0.212659398,0.138102628,4.8103,5,NA,NA,"Bckg21.jpg",51,93,94,3,1,1,109,51,161,66,118,51,"jackolantern1_tr.png",1,66,66,1.7176,1,1.6135,1,0.2319
"Sub051_ToD_Online","OA","Morning",1,"kite1_tr.png",185,185,-0.022099843,-0.25260236,4.6177,5,NA,NA,"Bckg128.jpg",181,115,5,1,1,1,23,181,59,221,177,181,"kite1_tr.png",1,221,221,1.8686,1,3.5484,2,1.0525
"Sub051_ToD_Online","OA","Morning",1,"lei1_tr.png",38,38,0.156111593,0.199813728,4.7603,5,0.17614262,0.182401022,"Bckg119.jpg",49,5,89,3,1,1,82,49,174,32,226,49,"lei1_tr.png",1,44,44,2.6919,1,1.8128,1,0.2356
"Sub051_ToD_Online","OA","Morning",1,"loaf1_tr.png",461,101,0.248908515,-0.048382914,4.4977,5,NA,NA,"Bckg90.jpg",101,25,55,2,1,1,58,101,357,138,325,101,"loaf1_tr.png",1,138,138,1.7484,1,1.4393,1,0.5512
"Sub051_ToD_Online","OA","Morning",1,"motorcycle1_tr.png",258,258,-0.248026207,-0.052719598,4.0981,5,-0.25352864,-0.004425359,"Bckg100.jpg",260,4,67,2,1,1,66,260,342,17,98,260,"motorcycle1_tr.png",1,-91,269,6.793,1,3.5923,1,0.2409
"Sub051_ToD_Online","OA","Morning",1,"nailpolish1_tr.png",298,298,-0.223886602,0.119042618,4.496,5,0.044031493,0.249715004,"Bckg84.jpg",301,32,54,2,1,1,71,301,148,320,226,301,"nailpolish1_tr.png",1,370,10,3.3709,1,2.6915,1,0.5364
"Sub051_ToD_Online","OA","Morning",1,"paintpalette1_tr.png",257,257,-0.247068348,-0.057040222,2.7331,5,-0.253412794,0.00884937,"Bckg56.jpg",259,16,112,3,1,1,87,259,311,154,192,259,"paintpalette1_tr.png",1,272,272,5.5024,1,1.9101,1,0.8737
"Sub051_ToD_Online","OA","Morning",1,"pan1_tr.png",131,131,0.19136964,-0.16635509,2.7121,5,0.156111593,-0.199813728,"Bckg58.jpg",133,116,41,2,1,1,72,133,89,30,229,133,"pan1_tr.png",1,142,142,3.6613,1,1.6109,1,1.4026
"Sub051_ToD_Online","OA","Morning",1,"partyhats1_tr.png",55,55,0.207710139,0.145440205,5.1217,5,0.248908515,0.048382914,"Bckg110.jpg",52,18,73,2,1,1,61,52,175,231,196,52,"partyhats1_tr.png",1,439,79,5.4634,1,1.8755,1,0.2318
"Sub051_ToD_Online","OA","Morning",1,"pickle1_tr.png",137,137,0.172932455,-0.185447354,2.9522,5,0.12678363,-0.219595689,"Bckg66.jpg",150,83,4,1,1,1,13,150,65,78,256,150,"pickle1_tr.png",1,150,150,3.832,1,1.7607,1,0.7874
"Sub051_ToD_Online","OA","Morning",1,"pin1_tr.png",296,296,-0.227904744,0.111156571,6.2177,5,-0.169669614,0.188437197,"Bckg59.jpg",300,82,40,1,1,1,34,300,260,88,40,300,"pin1_tr.png",1,-42,318,6.1224,1,1.336,1,2.0666
"Sub051_ToD_Online","OA","Morning",1,"pinecone1_tr.png",164,164,0.069892609,-0.243744494,5.218,5,NA,NA,"Bckg10.jpg",167,55,8,1,1,1,15,167,204,167,102,167,"pinecone1_tr.png",1,167,167,1.4893,1,2.5827,2,0.9979
"Sub051_ToD_Online","OA","Morning",1,"pizza1_tr.png",27,27,0.115117127,0.225930083,5.6167,5,0.138102628,0.212659398,"Bckg83.jpg",31,80,22,1,1,1,39,31,153,237,175,31,"pizza1_tr.png",1,33,33,6.7844,1,1.4495,1,0.7015
"Sub051_ToD_Online","OA","Morning",1,"popcorn1_tr.png",145,145,0.145440205,-0.207710139,3.5903,5,0.141793012,-0.210216786,"Bckg76.jpg",144,15,115,3,1,1,83,144,211,30,310,144,"popcorn1_tr.png",1,146,146,5.1826,1,1.3913,1,0.2674
"Sub051_ToD_Online","OA","Morning",1,"potatochips1_tr.png",376,16,0.069892609,0.243744494,6.0472,5,0.026504996,0.252178192,"Bckg124.jpg",13,81,68,2,1,1,80,13,164,112,355,13,"potatochips1_tr.png",1,6,6,4.1522,1,1.8567,1,0.1324
"Sub051_ToD_Online","OA","Morning",1,"qtips1_tr.png",161,161,0.082553425,-0.239752554,5.3702,5,NA,NA,"Bckg129.jpg",171,92,34,1,1,1,32,171,235,155,124,171,"qtips1_tr.png",1,155,155,1.8007,1,2.6843,2,1.5096
"Sub051_ToD_Online","OA","Morning",1,"radish1_tr.png",215,215,-0.145440205,-0.207710139,2.9756,5,-0.156111593,-0.199813728,"Bckg112.jpg",221,14,98,3,1,1,103,221,203,64,59,221,"radish1_tr.png",1,218,218,5.0956,1,1.9372,1,0.1163
"Sub051_ToD_Online","OA","Morning",1,"ricecooker1_tr.png",20,20,0.086725111,0.238275283,5.5164,5,NA,NA,"Bckg102.jpg",14,19,92,3,1,1,116,14,178,267,92,14,"ricecooker1_tr.png",1,267,267,0.9646,1,2.8622,2,0.4848
"Sub051_ToD_Online","OA","Morning",1,"rubikscube1_tr.png",116,116,0.227904744,-0.111156571,4.68,5,0.19424379,-0.162989893,"Bckg122.jpg",113,105,48,2,1,1,69,113,4,222,200,113,"rubikscube1_tr.png",1,130,130,4.8163,1,1.6238,2,0.3413
"Sub051_ToD_Online","OA","Morning",1,"scrabble1_tr.png",28,28,0.119042618,0.223886602,4.7432,5,0.017687958,0.252949583,"Bckg91.jpg",15,39,106,3,1,1,88,15,152,156,110,15,"scrabble1_tr.png",1,4,4,5.0973,1,1.3971,1,0.1183
"Sub051_ToD_Online","OA","Morning",1,"silvertray1_tr.png",281,281,-0.248908515,0.048382914,3.8604,5,-0.022099843,-0.25260236,"Bckg64.jpg",288,6,77,2,1,1,47,288,241,343,248,288,"silvertray1_tr.png",1,185,185,4.4759,1,2.12,1,0.1323
"Sub051_ToD_Online","OA","Morning",1,"sippycup1_tr.png",110,110,0.238275283,-0.086725111,3.5018,5,NA,NA,"Bckg105.jpg",107,106,17,1,1,1,9,107,24,15,204,107,"sippycup1_tr.png",1,15,15,1.7345,1,3.3765,2,1.5033
"Sub051_ToD_Online","OA","Morning",1,"soccerball1_tr.png",50,50,0.19424379,0.162989893,3.5347,5,0.197058772,0.159575047,"Bckg101.jpg",43,53,108,3,1,1,113,43,86,145,39,43,"soccerball1_tr.png",1,51,51,6.2791,1,3.0133,1,0.3164
"Sub051_ToD_Online","OA","Morning",1,"suit1_tr.png",261,261,-0.250445426,-0.039666659,5.8382,5,-0.25352864,-0.004425359,"Bckg52.jpg",262,36,47,2,1,1,45,262,153,255,138,262,"suit1_tr.png",1,269,269,3.3555,1,2.1498,1,0.46
"Sub051_ToD_Online","OA","Morning",1,"tennisball1_tr.png",378,18,0.078356593,0.241156795,5.1839,5,0.052719598,0.248026207,"Bckg125.jpg",15,31,3,1,1,1,27,15,270,276,311,15,"tennisball1_tr.png",1,372,12,4.8682,1,1.4896,1,0.7549
"Sub051_ToD_Online","OA","Morning",1,"toaster1_tr.png",361,1,0.004425359,0.25352864,3.9143,5,NA,NA,"Bckg104.jpg",358,119,53,2,1,1,55,358,291,211,356,358,"toaster1_tr.png",1,211,211,1.2316,1,2.6391,2,1.0711
"Sub051_ToD_Online","OA","Morning",1,"toothpaste1_tr.png",252,252,-0.241156795,-0.078356593,3.701,5,-0.159575047,-0.197058772,"Bckg38.jpg",259,1,2,1,1,1,20,259,232,85,230,259,"toothpaste1_tr.png",1,-141,219,7.3336,1,1.6951,1,1.1231
"Sub051_ToD_Online","OA","Morning",1,"towels1_tr.png",202,202,-0.094987967,-0.23510347,4.3427,5,NA,NA,"Bckg115.jpg",193,37,80,2,1,1,41,193,106,21,53,193,"towels1_tr.png",1,21,21,0.6322,1,2.4904,2,1.2004
"Sub051_ToD_Online","OA","Morning",1,"train1_tr.png",119,119,0.221774923,-0.122931847,3.2509,5,0.130596793,-0.217349564,"Bckg61.jpg",127,104,91,3,1,1,98,127,71,191,165,127,"train1_tr.png",1,149,149,3.8691,1,1.4764,1,0.1828
"Sub051_ToD_Online","OA","Morning",1,"valentinesdaycard1_tr.png",320,320,-0.162989893,0.19424379,4.8321,5,-0.057040222,0.247068348,"Bckg111.jpg",338,26,33,1,1,1,4,338,234,203,108,338,"valentinesdaycard1_tr.png",1,-13,347,7.0901,1,1.8704,1,1.3389
"Sub051_ToD_Online","OA","Morning",1,"vegeplatter1_tr.png",228,228,-0.188437197,-0.169669614,4.3813,5,-0.19136964,-0.16635509,"Bckg70.jpg",246,30,75,2,1,1,46,246,122,321,75,246,"vegeplatter1_tr.png",1,229,229,3.5643,1,1.4413,1,0.2844
"Sub051_ToD_Online","OA","Morning",1,"woodenbox1_tr.png",325,325,-0.145440205,0.207710139,5.1173,5,-0.145440205,0.207710139,"Bckg9.jpg",346,69,10,1,1,1,38,346,209,115,175,346,"woodenbox1_tr.png",1,-35,325,5.4205,1,1.9684,1,0.9342
"Sub052_ToD_Online","OA","Morning",1,"airfreshener1_tr.png",2,2,0.007191068,0.205925249,8.515,187,0.032233442,0.203513943,"Bckg42.jpg",2,91,108,3,1,1,102,2,156,345,88,2,"airfreshener1_tr.png",1,369,9,3.3595,1,1.3994,1,0.9738
"Sub052_ToD_Online","OA","Morning",1,"bagel1_tr.png",245,245,-0.186745417,-0.087080818,2.8165,187,-0.153125564,-0.137874877,"Bckg43.jpg",246,20,116,3,1,1,106,246,243,284,250,246,"bagel1_tr.png",1,228,228,5.0126,1,1.7614,1,1.337
"Sub052_ToD_Online","OA","Morning",1,"banana1_tr.png",403,43,0.140526287,0.150695993,7.1066,187,0.17082383,0.115222128,"Bckg93.jpg",44,114,27,1,1,1,29,44,233,78,338,44,"banana1_tr.png",1,56,56,3.8338,1,2.5086,1,1.0866
"Sub052_ToD_Online","OA","Morning",1,"bandaid1_tr.png",247,247,-0.189670734,-0.08051045,5.633,187,-0.176619982,-0.106123992,"Bckg45.jpg",246,107,53,2,1,1,69,246,143,243,11,246,"bandaid1_tr.png",1,239,239,4.9018,1,2.5511,1,1.0988
"Sub052_ToD_Online","OA","Morning",1,"bathroomscale1_tr.png",231,231,-0.160131524,-0.129671951,4.5228,187,-0.164559462,-0.124004449,"Bckg17.jpg",226,17,75,2,1,1,45,226,235,285,318,226,"bathroomscale1_tr.png",1,233,233,5.3916,1,5.2687,1,1.1177
"Sub052_ToD_Online","OA","Morning",1,"bed1_tr.png",246,246,-0.188236745,-0.083808398,9.3841,187,0.010783864,0.205768385,"Bckg77.jpg",245,120,1,1,1,1,9,245,138,143,160,245,"bed1_tr.png",1,3,3,7.3738,1,4.6523,2,4.5206
"Sub052_ToD_Online","OA","Morning",1,"bell1_tr.png",349,349,-0.03931634,0.202265037,4.1343,187,-0.132446882,0.157844047,"Bckg36.jpg",349,78,68,2,1,1,54,349,287,282,294,349,"bell1_tr.png",1,320,320,5.5428,1,3.5532,2,2.403
"Sub052_ToD_Online","OA","Morning",1,"bird1_tr.png",44,44,0.143134892,0.14822052,4.49,187,0.15550849,0.135181468,"Bckg2.jpg",39,72,101,3,1,1,104,39,118,137,33,39,"bird1_tr.png",1,49,49,5.4051,1,1.8796,1,1.5006
"Sub052_ToD_Online","OA","Morning",1,"bottleofwine1_tr.png",131,131,0.15550849,-0.135181468,4.2676,187,0.135181468,-0.15550849,"Bckg29.jpg",126,71,115,3,1,1,118,126,55,131,270,126,"bottleofwine1_tr.png",1,139,139,3.4656,1,2.0979,1,2.5205
"Sub052_ToD_Online","OA","Morning",1,"bowlingpin1_tr.png",299,299,-0.180216064,0.099895396,3.8355,187,0.046351338,0.200769702,"Bckg34.jpg",301,48,87,3,1,1,108,301,219,51,324,301,"bowlingpin1_tr.png",1,13,13,7.8009,1,2.3342,1,1.2347
"Sub052_ToD_Online","OA","Morning",1,"clock1_tr.png",130,130,0.157844047,-0.132446882,4.0337,187,0.180216064,0.099895396,"Bckg137.jpg",133,76,5,1,1,1,10,133,128,1,280,133,"clock1_tr.png",1,61,61,5.9506,1,2.868,2,1.6345
"Sub052_ToD_Online","OA","Morning",1,"coat1_tr.png",453,93,0.205768385,-0.010783864,6.6003,187,0.205768385,-0.010783864,"Bckg108.jpg",94,102,23,1,1,1,23,94,309,13,198,94,"coat1_tr.png",1,93,93,8.657,1,2.484,1,2.7009
"Sub052_ToD_Online","OA","Morning",1,"coke1_tr.png",-31,329,-0.106123992,0.176619982,5.401,187,-0.106123992,0.176619982,"Bckg78.jpg",322,74,29,1,1,1,30,322,31,323,307,322,"coke1_tr.png",1,329,329,8.3673,1,2.5172,1,1.3843
"Sub052_ToD_Online","OA","Morning",1,"cookie1_tr.png",204,204,-0.083808398,-0.188236745,4.5658,187,-0.168786909,-0.118185866,"Bckg1.jpg",196,109,52,2,1,1,65,196,142,307,242,196,"cookie1_tr.png",1,235,235,6.0623,1,3.2565,1,0.9505
"Sub052_ToD_Online","OA","Morning",1,"crayon1_tr.png",266,266,-0.205548841,-0.014373375,5.8061,187,-0.20605077,2.52339e-17,"Bckg87.jpg",267,33,11,1,1,1,35,267,220,22,283,267,"crayon1_tr.png",1,-90,270,6.6669,1,2.4902,1,1.7842
"Sub052_ToD_Online","OA","Morning",1,"dog1_tr.png",160,160,0.070473514,-0.193624388,5.409,187,0.083808398,-0.188236745,"Bckg23.jpg",167,111,97,3,1,1,116,167,16,26,214,167,"dog1_tr.png",1,156,156,4.5676,1,2.2228,1,1.0677
"Sub052_ToD_Online","OA","Morning",1,"encyclopedia1_tr.png",279,279,-0.203513943,0.032233442,6.0841,187,-0.193624388,0.070473514,"Bckg72.jpg",286,11,84,3,1,1,107,286,151,110,236,286,"encyclopedia1_tr.png",1,-70,290,8.8537,1,2.3341,1,0.9894
"Sub052_ToD_Online","OA","Morning",1,"goggle1_tr.png",29,29,0.099895396,0.180216064,5.3099,187,0.132446882,0.157844047,"Bckg120.jpg",25,96,7,1,1,1,40,25,157,292,131,25,"goggle1_tr.png",1,400,40,5.8507,1,2.6508,1,2.3513
"Sub052_ToD_Online","OA","Morning",1,"handsoap1_tr.png",442,82,0.204045498,0.028676725,3.9877,187,0.15550849,0.135181468,"Bckg73.jpg",74,57,110,3,1,1,120,74,352,41,5,74,"handsoap1_tr.png",1,49,49,3.3552,1,2.8654,1,1.285
"Sub052_ToD_Online","OA","Morning",1,"hotdog1_tr.png",511,151,0.099895396,-0.180216064,6.5277,187,0.124004449,-0.164559462,"Bckg126.jpg",152,42,80,2,1,1,46,152,327,275,320,152,"hotdog1_tr.png",1,503,143,7.6175,1,1.5502,1,1.8891
"Sub052_ToD_Online","OA","Morning",1,"jackolantern1_tr.png",55,55,0.168786909,0.118185866,5.5006,187,0.14822052,0.143134892,"Bckg21.jpg",51,93,47,2,1,1,60,51,161,66,118,51,"jackolantern1_tr.png",1,46,46,4.2673,1,3.5506,1,1.1071
"Sub052_ToD_Online","OA","Morning",1,"paintpalette1_tr.png",265,265,-0.205266685,-0.017958508,7.6677,187,0.202920396,-0.035780341,"Bckg56.jpg",259,16,16,1,1,1,19,259,311,154,192,259,"paintpalette1_tr.png",1,100,100,4.0011,1,2.0497,2,1.5674
"Sub052_ToD_Online","OA","Morning",1,"partyhats1_tr.png",45,45,0.145699897,0.145699897,6.4546,187,-0.112223293,0.172808716,"Bckg110.jpg",52,18,98,3,1,1,94,52,175,231,196,52,"partyhats1_tr.png",1,327,327,5.5812,1,2.0743,1,1.3004
"Sub052_ToD_Online","OA","Morning",1,"penguin1_tr.png",433,73,0.197047331,0.060243415,4.8344,187,0.17082383,0.115222128,"Bckg114.jpg",71,7,72,2,1,1,59,71,333,350,66,71,"penguin1_tr.png",1,416,56,4.7001,1,3.9838,1,1.1505
"Sub052_ToD_Online","OA","Morning",1,"radish1_tr.png",223,223,-0.140526287,-0.150695993,6.0011,187,-0.162370223,-0.126857521,"Bckg112.jpg",221,14,31,1,1,1,15,221,203,64,59,221,"radish1_tr.png",1,232,232,6.2469,1,2.0846,1,1.6331
"Sub052_ToD_Online","OA","Morning",1,"ricecooker1_tr.png",30,30,0.103025385,0.178445201,5.8873,187,-0.145699897,0.145699897,"Bckg102.jpg",14,19,95,3,1,1,91,14,178,267,92,14,"ricecooker1_tr.png",1,315,315,6.7758,1,4.0137,2,1.6405
"Sub052_ToD_Online","OA","Morning",1,"scarf1_tr.png",273,273,-0.205768385,0.010783864,4.0892,187,-0.198068713,0.056795289,"Bckg51.jpg",276,59,34,1,1,1,13,276,231,56,236,276,"scarf1_tr.png",1,286,286,7.3006,1,1.7341,2,1.5848
"Sub052_ToD_Online","OA","Morning",1,"skippingrope1_tr.png",67,67,0.189670734,0.08051045,3.9836,187,-0.15550849,0.135181468,"Bckg7.jpg",60,45,6,1,1,1,25,60,87,213,277,60,"skippingrope1_tr.png",1,311,311,5.9419,1,2.4342,2,2.6398
"Sub052_ToD_Online","OA","Morning",1,"slide1_tr.png",34,34,0.115222128,0.17082383,4.2179,187,0.186745417,0.087080818,"Bckg94.jpg",44,44,91,3,1,1,110,44,4,217,28,44,"slide1_tr.png",1,425,65,6.4304,1,2.3661,1,1.2502
"Sub052_ToD_Online","OA","Morning",1,"telephonebooth1_tr.png",220,220,-0.132446882,-0.157844047,5.987,187,-0.15550849,-0.135181468,"Bckg107.jpg",214,63,104,3,1,1,87,214,64,281,300,214,"telephonebooth1_tr.png",1,229,229,3.7844,1,5.4745,2,1.3677
"Sub052_ToD_Online","OA","Morning",1,"tissuebox1_tr.png",5,5,0.017958508,0.205266685,8.435,187,NA,NA,"Bckg98.jpg",1,12,18,1,1,1,3,1,95,272,311,1,"tissuebox1_tr.png",1,292,292,4.6004,1,1.7677,2,1.0324
"Sub052_ToD_Online","OA","Morning",1,"toaster1_tr.png",359,359,-0.003596082,0.206019387,5.6003,187,-0.017958508,0.205266685,"Bckg104.jpg",358,119,36,1,1,1,34,358,291,211,356,358,"toaster1_tr.png",1,-5,355,11.1513,1,1.5508,1,1.2058
"Sub052_ToD_Online","OA","Morning",1,"towels1_tr.png",208,208,-0.096734977,-0.181932031,4.7266,187,-0.129671951,-0.160131524,"Bckg115.jpg",193,37,12,1,1,1,26,193,106,21,53,193,"towels1_tr.png",1,219,219,7.7047,1,1.8343,1,2.006
"Sub052_ToD_Online","OA","Morning",1,"trophy1_tr.png",72,72,0.195965927,0.06367319,2.3017,187,NA,NA,"Bckg68.jpg",75,99,66,2,1,1,75,75,66,178,228,75,"trophy1_tr.png",1,178,178,1.7864,1,2.6776,2,1.4668
"Sub052_ToD_Online","OA","Morning",1,"trumpet1_tr.png",357,357,-0.010783864,0.205768385,5.8516,187,0.19902976,-0.053329864,"Bckg130.jpg",355,58,73,2,1,1,56,355,313,133,32,355,"trumpet1_tr.png",1,105,105,4.1671,1,2.4267,2,1.0989
"Sub052_ToD_Online","OA","Morning",1,"umbrella1_tr.png",126,126,0.166698575,-0.121113604,3.9364,187,0.198068713,0.056795289,"Bckg50.jpg",134,101,111,3,1,1,103,134,64,344,85,134,"umbrella1_tr.png",1,434,74,5.4136,1,1.8749,2,1.1329
"Sub052_ToD_Online","OA","Morning",1,"vacuum1_tr.png",471,111,0.192364966,-0.073841992,4.4653,187,0.198068713,0.056795289,"Bckg60.jpg",108,97,49,2,1,1,78,108,327,356,335,108,"vacuum1_tr.png",1,434,74,3.0178,1,4.538,2,1.3813
"Sub052_ToD_Online","OA","Morning",1,"waterfilter1_tr.png",478,118,0.181932031,-0.096734977,6.5172,187,NA,NA,"Bckg123.jpg",115,56,58,2,1,1,72,115,280,232,286,115,"waterfilter1_tr.png",1,232,232,3.4992,1,2.2674,2,2.1676
"Sub052_ToD_Online","OA","Morning",1,"woodenbox1_tr.png",347,347,-0.046351338,0.200769702,6.625,187,-0.19902976,0.053329864,"Bckg9.jpg",346,69,30,1,1,1,20,346,209,115,175,346,"woodenbox1_tr.png",1,285,285,6.6674,1,5.2172,2,1.7843
"Sub052_ToD_Online","OA","Morning",1,"wreath1_tr.png",233,233,-0.164559462,-0.124004449,10.2003,187,-0.032233442,0.203513943,"Bckg71.jpg",229,98,37,1,1,1,4,229,357,97,101,229,"wreath1_tr.png",1,-9,351,8.3506,1,2.4015,2,1.2731
"Sub053_ToD_Online","OA","Morning",1,"abacus1_tr.png",-63,297,-0.127402715,0.064914926,6.61,65,-0.095677252,0.106260354,"Bckg135.jpg",299,41,119,3,1,1,107,299,113,108,23,299,"abacus1_tr.png",1,-42,318,5.787,1,1.06,1,0.295
"Sub053_ToD_Online","OA","Morning",1,"apple1_tr.png",475,115,0.129590603,-0.060429091,5.156,65,0.128516233,-0.062681555,"Bckg81.jpg",114,62,9,1,1,1,18,114,347,32,264,114,"apple1_tr.png",1,116,116,5.241,1,1.614,1,0.419
"Sub053_ToD_Online","OA","Morning",1,"basket1_tr.png",110,110,0.134364214,-0.048904574,5.113,65,-0.123830729,-0.071493705,"Bckg24.jpg",110,8,64,2,1,1,80,110,14,332,96,110,"basket1_tr.png",1,240,240,5.951,1,3.315,2,0.547
"Sub053_ToD_Online","OA","Morning",1,"bathingsuit1_tr.png",289,289,-0.135197252,0.046552147,4.11,65,-0.139322652,0.032165169,"Bckg19.jpg",288,65,13,1,1,1,25,288,311,51,176,288,"bathingsuit1_tr.png",1,-77,283,5.284,1,1.534,1,0.386
"Sub053_ToD_Online","OA","Morning",1,"bbqmachine1_tr.png",169,169,0.027283284,-0.140360329,5.447,65,0.009974298,-0.1426391,"Bckg48.jpg",172,40,81,3,1,1,114,172,331,332,338,172,"bbqmachine1_tr.png",1,176,176,5.421,1,1.221,1,0.309
"Sub053_ToD_Online","OA","Morning",1,"bike1_tr.png",135,135,0.101107367,-0.101107367,4.72,65,0.027283284,-0.140360329,"Bckg39.jpg",135,2,6,1,1,1,29,135,209,107,240,135,"bike1_tr.png",1,169,169,7.854,1,1.862,1,0.587
"Sub053_ToD_Online","OA","Morning",1,"bottleofwine1_tr.png",127,127,0.114194823,-0.086051971,3.764,65,0.111122088,-0.089984893,"Bckg29.jpg",126,71,104,3,1,1,92,126,55,131,270,126,"bottleofwine1_tr.png",1,129,129,2.989,1,2.041,1,0.253
"Sub053_ToD_Online","OA","Morning",1,"clock1_tr.png",128,128,NA,NA,1.182,65,-0.002495474,0.142965632,"Bckg137.jpg",133,76,116,3,1,1,113,133,128,1,280,133,"clock1_tr.png",1,-1,359,2.883,1,1.481,1,0.38
"Sub053_ToD_Online","OA","Morning",1,"coat1_tr.png",457,97,0.141921604,-0.017425782,4.92,65,0.002495474,0.142965632,"Bckg108.jpg",94,102,63,2,1,1,57,94,309,13,198,94,"coat1_tr.png",1,1,1,3.382,1,1.463,1,0.308
"Sub053_ToD_Online","OA","Morning",1,"coke1_tr.png",-45,315,-0.101107367,0.101107367,4.831,65,NA,NA,"Bckg78.jpg",322,74,18,1,1,1,1,322,31,323,307,322,"coke1_tr.png",1,323,323,1.797,1,3.336,2,1.654
"Sub053_ToD_Online","OA","Morning",1,"crayon1_tr.png",266,266,-0.1426391,-0.009974298,5.03,65,-0.14298741,1.75109e-17,"Bckg87.jpg",267,33,31,1,1,1,7,267,220,22,283,267,"crayon1_tr.png",1,-90,270,5.289,1,1.575,1,0.589
"Sub053_ToD_Online","OA","Morning",1,"dog1_tr.png",-178,182,-0.004990189,-0.142900306,7.034,65,-0.102856535,-0.099327401,"Bckg23.jpg",167,111,7,1,1,1,22,167,16,26,214,167,"dog1_tr.png",1,-134,226,6.921,1,2.75,1,0.926
"Sub053_ToD_Online","OA","Morning",1,"fireextinguisher1_tr.png",290,290,-0.134364214,0.048904574,3.798,65,NA,NA,"Bckg88.jpg",294,85,78,2,1,1,69,294,212,94,215,294,"fireextinguisher1_tr.png",1,94,94,1.502,1,4.916,2,1.726
"Sub053_ToD_Online","OA","Morning",1,"goggle1_tr.png",35,35,0.082014209,0.117128429,5.832,65,0.091910535,0.109534711,"Bckg120.jpg",25,96,109,3,1,1,93,25,157,292,131,25,"goggle1_tr.png",1,400,40,6.901,1,2.604,1,0.338
"Sub053_ToD_Online","OA","Morning",1,"granola1_tr.png",218,218,-0.08803184,-0.112675617,3.042,65,-0.019900001,-0.141595866,"Bckg49.jpg",191,103,53,2,1,1,63,191,262,206,48,191,"granola1_tr.png",1,188,188,5.932,1,2.305,1,1.109
"Sub053_ToD_Online","OA","Morning",1,"handbag1_tr.png",427,67,0.131620605,0.055869632,7.009,65,0.135989108,0.04418554,"Bckg97.jpg",66,94,17,1,1,1,37,66,275,244,269,66,"handbag1_tr.png",1,432,72,9.198,1,2.3,1,0.347
"Sub053_ToD_Online","OA","Morning",1,"handsoap1_tr.png",416,56,0.118541935,0.079957545,3.331,65,0.007483383,0.142791451,"Bckg73.jpg",74,57,113,3,1,1,90,74,352,41,5,74,"handsoap1_tr.png",1,3,3,4.008,1,1.487,1,0.214
"Sub053_ToD_Online","OA","Morning",1,"highheel1_tr.png",118,118,0.126250389,-0.067128523,2.676,65,0.115679245,-0.084045891,"Bckg57.jpg",128,77,14,1,1,1,17,128,108,34,194,128,"highheel1_tr.png",1,126,126,4.666,1,2.173,1,0.488
"Sub053_ToD_Online","OA","Morning",1,"jackolantern1_tr.png",51,51,0.111122088,0.089984893,5.208,65,0.121260201,0.075771783,"Bckg21.jpg",51,93,73,2,1,1,47,51,161,66,118,51,"jackolantern1_tr.png",1,58,58,3.078,1,1.582,1,0.253
"Sub053_ToD_Online","OA","Morning",1,"loaf1_tr.png",467,107,0.13673954,-0.041805473,4.574,65,0.106260354,-0.095677252,"Bckg90.jpg",101,25,56,2,1,1,77,101,357,138,325,101,"loaf1_tr.png",1,132,132,2.019,1,1.816,1,0.304
"Sub053_ToD_Online","OA","Morning",1,"mouthwash1_tr.png",-7,353,-0.017425782,0.141921604,5.498,65,0.009974298,0.1426391,"Bckg109.jpg",352,100,98,3,1,1,119,352,115,250,226,352,"mouthwash1_tr.png",1,364,4,5.626,1,1.182,1,0.34
"Sub053_ToD_Online","OA","Morning",1,"nailpolish1_tr.png",296,296,-0.128516233,0.062681555,6.553,65,0.014946254,-0.14220411,"Bckg84.jpg",301,32,82,3,1,1,81,301,148,320,226,301,"nailpolish1_tr.png",1,174,174,8.824,1,1.368,1,0.292
"Sub053_ToD_Online","OA","Morning",1,"popcorn1_tr.png",141,141,0.089984893,-0.111122088,5.149,65,NA,NA,"Bckg76.jpg",144,15,67,2,1,1,41,144,211,30,310,144,"popcorn1_tr.png",1,30,30,1.669,1,4.15,2,1.229
"Sub053_ToD_Online","OA","Morning",1,"qtips1_tr.png",179,179,0.002495474,-0.142965632,2.94,65,-0.017425782,0.141921604,"Bckg129.jpg",171,92,95,3,1,1,87,171,235,155,124,171,"qtips1_tr.png",1,-7,353,7.09,1,1.073,1,0.347
"Sub053_ToD_Online","OA","Morning",1,"radish1_tr.png",215,215,-0.082014209,-0.117128429,3.219,65,-0.112675617,-0.08803184,"Bckg112.jpg",221,14,118,3,1,1,112,221,203,64,59,221,"radish1_tr.png",1,-128,232,7.064,1,1.477,1,0.563
"Sub053_ToD_Online","OA","Morning",1,"rollingpin1_tr.png",-132,228,-0.106260354,-0.095677252,5.974,65,-0.079957545,-0.118541935,"Bckg69.jpg",228,89,16,1,1,1,26,228,12,120,126,228,"rollingpin1_tr.png",1,214,214,6.501,1,1.404,1,0.48
"Sub053_ToD_Online","OA","Morning",1,"rubikscube1_tr.png",118,118,0.126250389,-0.067128523,4.088,65,-0.095677252,0.106260354,"Bckg122.jpg",113,105,96,3,1,1,110,113,4,222,200,113,"rubikscube1_tr.png",1,318,318,5.958,1,0.7,1,0.342
"Sub053_ToD_Online","OA","Morning",1,"scrabble1_tr.png",20,20,0.048904574,0.134364214,5.439,65,-0.024829503,0.14081511,"Bckg91.jpg",15,39,115,3,1,1,95,15,152,156,110,15,"scrabble1_tr.png",1,-10,350,6.694,1,1.801,1,0.296
"Sub053_ToD_Online","OA","Morning",1,"sink1_tr.png",177,177,0.007483383,-0.142791451,3.962,65,-0.007483383,-0.142791451,"Bckg32.jpg",178,112,54,2,1,1,67,178,267,137,336,178,"sink1_tr.png",1,183,183,6.494,1,1.496,1,0.757
"Sub053_ToD_Online","OA","Morning",1,"sippycup1_tr.png",110,110,0.134364214,-0.048904574,4.098,65,-0.119919332,-0.077876525,"Bckg105.jpg",107,106,50,2,1,1,50,107,24,15,204,107,"sippycup1_tr.png",1,-123,237,7.211,1,2.051,1,0.883
"Sub053_ToD_Online","OA","Morning",1,"skippingrope1_tr.png",61,61,0.125059607,0.069321672,2.169,65,0.114194823,0.086051971,"Bckg7.jpg",60,45,80,2,1,1,75,60,87,213,277,60,"skippingrope1_tr.png",1,413,53,7.955,1,1.432,1,0.338
"Sub053_ToD_Online","OA","Morning",1,"slide1_tr.png",44,44,0.099327401,0.102856535,3.565,65,-0.07364396,0.122564132,"Bckg94.jpg",44,44,37,1,1,1,36,44,4,217,28,44,"slide1_tr.png",1,329,329,8.132,1,1.948,1,0.352
"Sub053_ToD_Online","OA","Morning",1,"stoplights1_tr.png",214,214,NA,NA,1.216,65,-0.039412672,-0.13744832,"Bckg53.jpg",219,60,101,3,1,1,105,219,214,124,240,219,"stoplights1_tr.png",1,196,196,5.798,1,1.868,1,0.519
"Sub053_ToD_Online","OA","Morning",1,"sunglasses1_tr.png",407,47,0.104574372,0.097517179,7.247,65,0.104574372,0.097517179,"Bckg11.jpg",27,29,93,3,1,1,118,27,287,111,147,27,"sunglasses1_tr.png",1,47,47,4.282,1,1.301,1,0.522
"Sub053_ToD_Online","OA","Morning",1,"telephonebooth1_tr.png",-134,226,-0.102856535,-0.099327401,6.498,65,-0.107913968,-0.093808181,"Bckg107.jpg",214,63,102,3,1,1,85,214,64,281,300,214,"telephonebooth1_tr.png",1,229,229,2.986,1,1.481,1,0.18
"Sub053_ToD_Online","OA","Morning",1,"tissuebox1_tr.png",-1,359,-0.002495474,0.142965632,4.072,65,-0.112675617,0.08803184,"Bckg98.jpg",1,12,65,2,1,1,72,1,95,272,311,1,"tissuebox1_tr.png",1,308,308,4.182,1,1.556,1,0.331
"Sub053_ToD_Online","OA","Morning",1,"toaster1_tr.png",355,355,-0.012462174,0.1424433,3.882,65,0.012462174,-0.1424433,"Bckg104.jpg",358,119,105,3,1,1,99,358,291,211,356,358,"toaster1_tr.png",1,175,175,3.981,1,1.819,1,0.212
"Sub053_ToD_Online","OA","Morning",1,"towels1_tr.png",198,198,-0.04418554,-0.135989108,6.255,65,-0.114194823,0.086051971,"Bckg115.jpg",193,37,33,1,1,1,12,193,106,21,53,193,"towels1_tr.png",1,-53,307,4.38,1,1.014,1,0.332
"Sub053_ToD_Online","OA","Morning",1,"trophy1_tr.png",64,64,0.128516233,0.062681555,1.402,65,-0.062681555,0.128516233,"Bckg68.jpg",75,99,74,2,1,1,76,75,66,178,228,75,"trophy1_tr.png",1,-26,334,8.782,1,2.23,1,0.31
"Sub053_ToD_Online","OA","Morning",1,"trumpet1_tr.png",355,355,-0.012462174,0.1424433,7.229,65,-0.002495474,0.142965632,"Bckg130.jpg",355,58,8,1,1,1,31,355,313,133,32,355,"trumpet1_tr.png",1,-1,359,5.635,1,1.33,1,0.338
"Sub053_ToD_Online","OA","Morning",1,"vegeplatter1_tr.png",236,236,-0.118541935,-0.079957545,6.375,65,-0.051242105,0.133490247,"Bckg70.jpg",246,30,39,1,1,1,28,246,122,321,75,246,"vegeplatter1_tr.png",1,339,339,8.996,1,3.136,1,1.645
"Sub053_ToD_Online","OA","Morning",1,"wagon1_tr.png",95,95,0.1424433,-0.012462174,3.832,65,-0.099327401,0.102856535,"Bckg47.jpg",95,38,117,3,1,1,102,95,87,36,143,95,"wagon1_tr.png",1,-44,316,6.81,1,1.08,1,0.336
"Sub053_ToD_Online","OA","Morning",1,"watch1_tr.png",127,127,0.114194823,-0.086051971,5.186,65,NA,NA,"Bckg117.jpg",119,43,59,2,1,1,64,119,181,237,158,119,"watch1_tr.png",1,237,237,2.739,1,2.655,2,1.33
"Sub053_ToD_Online","OA","Morning",1,"woodenbox1_tr.png",335,335,-0.060429091,0.129590603,5.689,65,-0.012462174,0.1424433,"Bckg9.jpg",346,69,87,3,1,1,88,346,209,115,175,346,"woodenbox1_tr.png",1,-5,355,4.814,1,1.496,1,0.25
"Sub054_ToD_Online","OA","Morning",1,"abacus1_tr.png",113,113,NA,NA,1.9507,195,NA,NA,"Bckg135.jpg",299,41,32,1,1,1,40,299,113,108,23,299,"abacus1_tr.png",1,108,108,2.8008,1,2.2837,1,1.8004
"Sub054_ToD_Online","OA","Morning",1,"apple1_tr.png",347,347,NA,NA,2.0842,195,0.100769617,0.078729854,"Bckg81.jpg",114,62,3,1,1,1,34,114,347,32,264,114,"apple1_tr.png",1,52,52,10.8007,1,2.684,1,2.7343
"Sub054_ToD_Online","OA","Morning",1,"asparagus1_tr.png",290,290,NA,NA,7.5676,195,NA,NA,"Bckg134.jpg",263,47,61,2,1,1,42,263,290,137,190,263,"asparagus1_tr.png",1,137,137,2.8003,1,2.5667,1,2.0664
"Sub054_ToD_Online","OA","Morning",1,"bagel1_tr.png",243,243,NA,NA,1.8012,195,NA,NA,"Bckg43.jpg",246,20,119,3,1,1,83,246,243,284,250,246,"bagel1_tr.png",1,284,284,3.2832,1,1.9839,1,3.0339
"Sub054_ToD_Online","OA","Morning",1,"bandaid1_tr.png",143,143,NA,NA,1.751,195,NA,NA,"Bckg45.jpg",246,107,6,1,1,1,8,246,143,243,11,246,"bandaid1_tr.png",1,243,243,3.317,1,2.7176,1,2.6998
"Sub054_ToD_Online","OA","Morning",1,"basket1_tr.png",14,14,NA,NA,2.5006,195,NA,NA,"Bckg24.jpg",110,8,93,3,1,1,95,110,14,332,96,110,"basket1_tr.png",1,332,332,3.0169,1,2.1506,1,1.6674
"Sub054_ToD_Online","OA","Morning",1,"bathroomscale1_tr.png",235,235,NA,NA,2.4674,195,-0.07695919,-0.102128295,"Bckg17.jpg",226,17,98,3,1,1,115,226,235,285,318,226,"bathroomscale1_tr.png",1,217,217,5.918,1,2.6004,1,1.684
"Sub054_ToD_Online","OA","Morning",1,"bell1_tr.png",287,287,NA,NA,3.8341,195,NA,NA,"Bckg36.jpg",349,78,26,1,1,1,11,349,287,282,294,349,"bell1_tr.png",1,282,282,6.2178,1,2.2738,1,3.4173
"Sub054_ToD_Online","OA","Morning",1,"binder1_tr.png",236,236,NA,NA,3.0673,195,-0.127566974,0.008920352,"Bckg82.jpg",91,21,20,1,1,1,3,91,236,320,312,91,"binder1_tr.png",1,274,274,5.8512,1,2.4511,1,4.4677
"Sub054_ToD_Online","OA","Morning",1,"bottleofwine1_tr.png",55,55,NA,NA,1.7841,195,0.127859003,0.002231787,"Bckg29.jpg",126,71,111,3,1,1,112,126,55,131,270,126,"bottleofwine1_tr.png",1,89,89,10.3341,1,2.3837,1,1.8674
"Sub054_ToD_Online","OA","Morning",1,"bow1_tr.png",311,311,NA,NA,2.0166,195,-0.087212914,0.0935244,"Bckg54.jpg",172,67,54,2,1,1,73,172,311,5,258,172,"bow1_tr.png",1,-43,317,5.7176,1,2.6508,1,1.6183
"Sub054_ToD_Online","OA","Morning",1,"bowls1_tr.png",238,238,NA,NA,7.0671,195,NA,NA,"Bckg103.jpg",76,79,37,1,1,1,32,76,238,207,139,76,"bowls1_tr.png",1,207,207,6.4672,1,2.9012,1,4.3175
"Sub054_ToD_Online","OA","Morning",1,"breakfast1_tr.png",348,348,NA,NA,1.684,195,-0.073348083,0.104751918,"Bckg89.jpg",300,3,70,2,1,1,53,300,348,149,173,300,"breakfast1_tr.png",1,-35,325,7.868,1,4.3505,1,2.0345
"Sub054_ToD_Online","OA","Morning",1,"cabinet1_tr.png",291,291,NA,NA,2.0999,195,-0.008920352,0.127566974,"Bckg13.jpg",355,110,107,3,1,1,108,355,291,250,164,355,"cabinet1_tr.png",1,356,356,5.3672,1,2.0006,1,1.4178
"Sub054_ToD_Online","OA","Morning",1,"cakemixer1_tr.png",108,108,NA,NA,2.9328,195,-0.12787848,-1.56606e-17,"Bckg12.jpg",255,117,25,1,1,1,27,255,108,314,330,255,"cakemixer1_tr.png",1,270,270,5.9003,1,4.5179,1,5.6175
"Sub054_ToD_Online","OA","Morning",1,"christmasstocking1_tr.png",322,322,NA,NA,1.9001,195,7.8303e-18,-0.12787848,"Bckg136.jpg",165,50,1,1,1,1,37,165,322,246,121,165,"christmasstocking1_tr.png",1,180,180,9.9509,1,2.4331,1,1.8673
"Sub054_ToD_Online","OA","Morning",1,"cucumber1_tr.png",286,286,NA,NA,2.351,195,0.120166464,0.043737016,"Bckg92.jpg",82,87,104,3,1,1,107,82,286,332,303,82,"cucumber1_tr.png",1,430,70,7.3179,1,2.4852,1,1.6842
"Sub054_ToD_Online","OA","Morning",1,"dog1_tr.png",16,16,NA,NA,1.6016,195,0.004462895,-0.12780058,"Bckg23.jpg",167,111,85,3,1,1,105,167,16,26,214,167,"dog1_tr.png",1,178,178,7.3838,1,2.884,1,1.8846
"Sub054_ToD_Online","OA","Morning",1,"dress1_tr.png",239,239,NA,NA,5.2845,195,NA,NA,"Bckg96.jpg",83,51,22,1,1,1,24,83,239,71,9,83,"dress1_tr.png",1,71,71,2.3344,1,2.8678,1,2.3166
"Sub054_ToD_Online","OA","Morning",1,"eggs1_tr.png",124,124,NA,NA,1.1342,195,0.119384846,0.045827549,"Bckg132.jpg",84,28,106,3,1,1,100,84,124,265,170,84,"eggs1_tr.png",1,429,69,6.201,1,2.151,1,1.4839
"Sub054_ToD_Online","OA","Morning",1,"grater1_tr.png",183,183,NA,NA,3.9825,195,-0.028766399,-0.124600963,"Bckg118.jpg",227,108,10,1,1,1,1,227,183,311,225,227,"grater1_tr.png",1,193,193,8.2677,1,5.6005,1,3.6841
"Sub054_ToD_Online","OA","Morning",1,"hairdryer1_tr.png",52,52,NA,NA,1.235,195,0.127703227,0.006692643,"Bckg79.jpg",63,73,50,2,1,1,46,63,52,27,90,63,"hairdryer1_tr.png",1,87,87,11.2682,1,2.5844,1,1.7012
"Sub054_ToD_Online","OA","Morning",1,"hammer1_tr.png",139,139,NA,NA,2.1668,195,0.127859003,-0.002231787,"Bckg138.jpg",237,118,81,3,1,1,117,237,139,321,245,237,"hammer1_tr.png",1,451,91,8.3005,1,2.2597,1,1.4175
"Sub054_ToD_Online","OA","Morning",1,"handbag1_tr.png",275,275,NA,NA,2.6678,195,NA,NA,"Bckg97.jpg",66,94,80,2,1,1,65,66,275,244,269,66,"handbag1_tr.png",1,244,244,2.0676,1,2.4677,1,1.6339
"Sub054_ToD_Online","OA","Morning",1,"hat1_tr.png",251,251,NA,NA,1.4841,195,-0.118566862,0.047904122,"Bckg133.jpg",235,68,86,3,1,1,89,235,251,330,13,235,"hat1_tr.png",1,292,292,192.5684,1,2.2005,1,3.5519
"Sub054_ToD_Online","OA","Morning",1,"highheel1_tr.png",108,108,NA,NA,2.5008,195,0.106016065,-0.071508739,"Bckg57.jpg",128,77,69,2,1,1,61,128,108,34,194,128,"highheel1_tr.png",1,124,124,5.0845,1,2.7342,1,1.6007
"Sub054_ToD_Online","OA","Morning",1,"hotdog1_tr.png",327,327,NA,NA,1.8507,195,-0.102128295,-0.07695919,"Bckg126.jpg",152,42,53,2,1,1,59,152,327,275,320,152,"hotdog1_tr.png",1,233,233,6.0848,1,2.5506,1,1.6333
"Sub054_ToD_Online","OA","Morning",1,"iceskates1_tr.png",280,280,NA,NA,1.1343,195,NA,NA,"Bckg27.jpg",186,64,55,2,1,1,77,186,280,131,293,186,"iceskates1_tr.png",1,131,131,4.7842,1,2.6173,1,1.6513
"Sub054_ToD_Online","OA","Morning",1,"jackolantern1_tr.png",161,161,NA,NA,2.984,195,0.12780058,0.004462895,"Bckg21.jpg",51,93,14,1,1,1,7,51,161,66,118,51,"jackolantern1_tr.png",1,88,88,8.2002,1,2.8846,1,3.8179
"Sub054_ToD_Online","OA","Morning",1,"jellybeans1_tr.png",347,347,NA,NA,1.9011,195,-0.06393924,0.110746012,"Bckg46.jpg",235,49,120,3,1,1,88,235,347,110,157,235,"jellybeans1_tr.png",1,-30,330,9.5512,1,2.601,1,2.4515
"Sub054_ToD_Online","OA","Morning",1,"kite1_tr.png",59,59,NA,NA,1.5843,195,NA,NA,"Bckg128.jpg",181,115,66,2,1,1,66,181,59,221,177,181,"kite1_tr.png",1,221,221,2.2838,1,2.718,1,1.8011
"Sub054_ToD_Online","OA","Morning",1,"lemon1_tr.png",265,265,NA,NA,1.417,195,0.09042374,0.09042374,"Bckg99.jpg",20,66,88,3,1,1,90,20,265,285,180,20,"lemon1_tr.png",1,405,45,4.9839,1,2.5011,1,1.6665
"Sub054_ToD_Online","OA","Morning",1,"motorcycle1_tr.png",342,342,NA,NA,4.6008,195,-0.061996717,0.111845039,"Bckg100.jpg",260,4,97,3,1,1,102,260,342,17,98,260,"motorcycle1_tr.png",1,-29,331,6.2508,1,2.4169,1,1.5346
"Sub054_ToD_Online","OA","Morning",1,"paintpalette1_tr.png",311,311,NA,NA,2.0836,195,-0.085567405,-0.095032231,"Bckg56.jpg",259,16,8,1,1,1,18,259,311,154,192,259,"paintpalette1_tr.png",1,222,222,7.3446,1,3.8346,1,9.0938
"Sub054_ToD_Online","OA","Morning",1,"penguin1_tr.png",333,333,NA,NA,1.4341,195,-0.078729854,0.100769617,"Bckg114.jpg",71,7,83,3,1,1,109,71,333,350,66,71,"penguin1_tr.png",1,322,322,9.3342,1,2.1343,1,1.6335
"Sub054_ToD_Online","OA","Morning",1,"pickle1_tr.png",65,65,NA,NA,1.9901,195,NA,NA,"Bckg66.jpg",150,83,44,2,1,1,64,150,65,78,256,150,"pickle1_tr.png",1,78,78,2.0508,1,2.2834,1,1.8181
"Sub054_ToD_Online","OA","Morning",1,"pin1_tr.png",260,260,NA,NA,7.2841,195,-0.118566862,-0.047904122,"Bckg59.jpg",300,82,16,1,1,1,16,300,260,88,40,300,"pin1_tr.png",1,-112,248,8.0681,1,2.6013,1,3.2671
"Sub054_ToD_Online","OA","Morning",1,"pizza1_tr.png",153,153,NA,NA,2.3508,195,0.104751918,0.073348083,"Bckg83.jpg",31,80,42,2,1,1,78,31,153,237,175,31,"pizza1_tr.png",1,415,55,7.234,1,2.0841,1,3.0503
"Sub054_ToD_Online","OA","Morning",1,"podium1_tr.png",73,73,NA,NA,5.2838,195,0.108447102,0.06776527,"Bckg75.jpg",356,113,31,1,1,1,35,356,73,322,182,356,"podium1_tr.png",1,418,58,7.5834,1,3.8343,1,3.2507
"Sub054_ToD_Online","OA","Morning",1,"pokerchips1_tr.png",51,51,NA,NA,3.6503,195,0.11394056,-0.058055615,"Bckg127.jpg",11,88,67,2,1,1,43,11,51,229,63,11,"pokerchips1_tr.png",1,117,117,9.3839,1,4.768,1,1.5341
"Sub054_ToD_Online","OA","Morning",1,"popcorn1_tr.png",211,211,NA,NA,1.7666,195,-0.06393924,-0.110746012,"Bckg76.jpg",144,15,79,2,1,1,57,144,211,30,310,144,"popcorn1_tr.png",1,-150,210,6.218,1,3.0351,1,1.6177
"Sub054_ToD_Online","OA","Morning",1,"qtips1_tr.png",235,235,NA,NA,2.3505,195,NA,NA,"Bckg129.jpg",171,92,15,1,1,1,17,171,235,155,124,171,"qtips1_tr.png",1,155,155,4.4495,1,3.0511,1,2.9002
"Sub054_ToD_Online","OA","Morning",1,"radish1_tr.png",203,203,NA,NA,2.25,195,-0.110746012,-0.06393924,"Bckg112.jpg",221,14,39,1,1,1,20,221,203,64,59,221,"radish1_tr.png",1,-120,240,7.9009,1,3.0668,1,2.0012
"Sub054_ToD_Online","OA","Morning",1,"scarf1_tr.png",231,231,NA,NA,1.3841,195,0.108447102,-0.06776527,"Bckg51.jpg",276,59,100,3,1,1,92,276,231,56,236,276,"scarf1_tr.png",1,122,122,10.4006,1,2.051,1,1.5352
"Sub054_ToD_Online","OA","Morning",1,"scrabble1_tr.png",152,152,NA,NA,1.9174,195,NA,NA,"Bckg91.jpg",15,39,11,1,1,1,31,15,152,156,110,15,"scrabble1_tr.png",1,156,156,3.1836,1,3.2515,1,1.9841
"Sub054_ToD_Online","OA","Morning",1,"sink1_tr.png",267,267,NA,NA,1.5011,195,0.006692643,-0.127703227,"Bckg32.jpg",178,112,92,3,1,1,93,178,267,137,336,178,"sink1_tr.png",1,177,177,8.9673,1,2.3181,1,1.4177
"Sub054_ToD_Online","OA","Morning",1,"spoon1_tr.png",301,301,NA,NA,3.7675,195,0.045827549,-0.119384846,"Bckg67.jpg",161,10,5,1,1,1,4,161,301,195,183,161,"spoon1_tr.png",1,159,159,8.684,1,2.9012,1,4.0345
"Sub054_ToD_Online","OA","Morning",1,"starfish1_tr.png",197,197,NA,NA,1.457,195,0.127859003,0.002231787,"Bckg106.jpg",77,54,62,2,1,1,47,77,197,61,78,77,"starfish1_tr.png",1,89,89,8.4508,1,3.3335,1,2.8007
"Sub054_ToD_Online","OA","Morning",1,"stoplights1_tr.png",214,214,NA,NA,5.4334,195,-0.100769617,0.078729854,"Bckg53.jpg",219,60,115,3,1,1,81,219,214,124,240,219,"stoplights1_tr.png",1,-52,308,7.6681,1,2.0513,1,1.6399
"Sub054_ToD_Online","OA","Morning",1,"sunglasses1_tr.png",287,287,NA,NA,1.9672,195,0.073348083,0.104751918,"Bckg11.jpg",27,29,87,3,1,1,113,27,287,111,147,27,"sunglasses1_tr.png",1,35,35,7.2014,1,2.1178,1,1.6179
"Sub054_ToD_Online","OA","Morning",1,"toad1_tr.png",278,278,NA,NA,2.9726,195,-0.106016065,-0.071508739,"Bckg65.jpg",25,27,99,3,1,1,84,25,278,24,220,25,"toad1_tr.png",1,-124,236,7.1336,1,3.051,1,1.468
"Sub054_ToD_Online","OA","Morning",1,"towels1_tr.png",106,106,NA,NA,2.0172,195,NA,NA,"Bckg115.jpg",193,37,41,2,1,1,71,193,106,21,53,193,"towels1_tr.png",1,21,21,2.7673,1,2.2679,1,1.784
"Sub054_ToD_Online","OA","Morning",1,"train1_tr.png",71,71,NA,NA,3.2014,195,0.096511114,0.083895831,"Bckg61.jpg",127,104,73,2,1,1,69,127,71,191,165,127,"train1_tr.png",1,409,49,7.4564,1,3.3837,1,2.6165
"Sub054_ToD_Online","OA","Morning",1,"turtle1_tr.png",185,185,NA,NA,1.6837,195,-0.088831857,-0.09198808,"Bckg44.jpg",223,61,65,2,1,1,50,223,185,158,305,223,"turtle1_tr.png",1,-136,224,9.4347,1,4.4839,1,1.5175
"Sub054_ToD_Online","OA","Morning",1,"umbrella1_tr.png",64,64,NA,NA,2.0342,195,-0.06003531,-0.112909996,"Bckg50.jpg",134,101,72,2,1,1,72,134,64,344,85,134,"umbrella1_tr.png",1,208,208,7.9831,1,2.184,1,1.4009
"Sub054_ToD_Online","OA","Morning",1,"vacuum1_tr.png",327,327,NA,NA,1.9141,195,0.082198702,0.097960599,"Bckg60.jpg",108,97,52,2,1,1,56,108,327,356,335,108,"vacuum1_tr.png",1,400,40,6.1343,1,2.1341,1,3.2671
"Sub054_ToD_Online","OA","Morning",1,"valentinesdaycard1_tr.png",234,234,NA,NA,4.1846,195,NA,NA,"Bckg111.jpg",338,26,12,1,1,1,21,338,234,203,108,338,"valentinesdaycard1_tr.png",1,203,203,2.4342,1,2.3007,1,1.7681
"Sub054_ToD_Online","OA","Morning",1,"watch1_tr.png",181,181,NA,NA,3.0509,195,0.087212914,-0.0935244,"Bckg117.jpg",119,43,7,1,1,1,12,119,181,237,158,119,"watch1_tr.png",1,137,137,7.5673,1,2.5672,1,1.9672
"Sub054_ToD_Online","OA","Morning",1,"waterfilter1_tr.png",280,280,NA,NA,2.434,195,0.12780058,0.004462895,"Bckg123.jpg",115,56,113,3,1,1,98,115,280,232,286,115,"waterfilter1_tr.png",1,448,88,6.7009,1,2.3174,1,1.4349
"Sub054_ToD_Online","OA","Morning",1,"wheelchair1_tr.png",180,180,NA,NA,2.1846,195,0.106016065,-0.071508739,"Bckg80.jpg",171,52,51,2,1,1,79,171,180,294,263,171,"wheelchair1_tr.png",1,124,124,8.9347,1,4.6007,1,2.351
"Sub055_ToD_Online","OA","Morning",1,"abacus1_tr.png",307,307,-0.217547259,0.163933618,6.4773,110,NA,NA,"Bckg135.jpg",299,41,110,3,1,1,94,299,113,108,23,299,"abacus1_tr.png",1,108,108,1.267,1,1.7614,2,1.1867
"Sub055_ToD_Online","OA","Morning",1,"asparagus1_tr.png",258,258,-0.266446115,-0.05663487,6.0808,110,NA,NA,"Bckg134.jpg",263,47,59,2,1,1,73,263,290,137,190,263,"asparagus1_tr.png",1,137,137,1.2705,1,1.4326,2,0.8838
"Sub055_ToD_Online","OA","Morning",1,"bathroomscale1_tr.png",229,229,-0.205581893,-0.178709613,4.686,110,NA,NA,"Bckg17.jpg",226,17,48,2,1,1,59,226,235,285,318,226,"bathroomscale1_tr.png",1,285,285,1.9131,1,2.1977,2,0.6555
"Sub055_ToD_Online","OA","Morning",1,"bike1_tr.png",155,155,0.115120657,-0.246877045,8.0509,110,NA,NA,"Bckg39.jpg",135,2,95,3,1,1,114,135,209,107,240,135,"bike1_tr.png",1,107,107,1.3815,1,1.4639,2,0.7012
"Sub055_ToD_Online","OA","Morning",1,"binder1_tr.png",446,86,0.271735131,0.019001571,12.3678,110,NA,NA,"Bckg82.jpg",91,21,104,3,1,1,120,91,236,320,312,91,"binder1_tr.png",1,320,320,1.1133,1,1.2155,2,0.8189
"Sub055_ToD_Online","OA","Morning",1,"bottleofwine1_tr.png",137,137,0.185775453,-0.199219783,4.7514,110,NA,NA,"Bckg29.jpg",126,71,82,3,1,1,115,126,55,131,270,126,"bottleofwine1_tr.png",1,131,131,2.4157,1,1.4802,1,1.0888
"Sub055_ToD_Online","OA","Morning",1,"bow1_tr.png",161,161,0.088684336,-0.257558012,5.7984,110,NA,NA,"Bckg54.jpg",172,67,29,1,1,1,3,172,311,5,258,172,"bow1_tr.png",1,5,5,3.1223,1,2.7141,1,0.8441
"Sub055_ToD_Online","OA","Morning",1,"bowls1_tr.png",442,82,0.269747715,0.037910569,5.6349,110,NA,NA,"Bckg103.jpg",76,79,78,2,1,1,52,76,238,207,139,76,"bowls1_tr.png",1,207,207,1.9467,1,3.142,1,0.9179
"Sub055_ToD_Online","OA","Morning",1,"boxinggloves1_tr.png",287,287,-0.260496153,0.079641666,4.4005,110,NA,NA,"Bckg131.jpg",276,95,109,3,1,1,100,276,159,125,149,276,"boxinggloves1_tr.png",1,125,125,1.7502,1,1.6931,2,0.7703
"Sub055_ToD_Online","OA","Morning",1,"cabinet1_tr.png",349,349,-0.051976118,0.267393949,8.4416,110,NA,NA,"Bckg13.jpg",355,110,26,1,1,1,6,355,291,250,164,355,"cabinet1_tr.png",1,250,250,4.1846,1,3.3402,1,1.8348
"Sub055_ToD_Online","OA","Morning",1,"cakemixer1_tr.png",262,262,-0.269747715,-0.037910569,7.116,110,NA,NA,"Bckg12.jpg",255,117,55,2,1,1,78,255,108,314,330,255,"cakemixer1_tr.png",1,314,314,2.9128,1,1.7969,2,0.7742
"Sub055_ToD_Online","OA","Morning",1,"coffeemug1_tr.png",317,317,-0.185775453,0.199219783,6.518,110,NA,NA,"Bckg20.jpg",325,70,11,1,1,1,30,325,253,113,22,325,"coffeemug1_tr.png",1,113,113,4.0012,1,1.6681,1,1.9341
"Sub055_ToD_Online","OA","Morning",1,"cow1_tr.png",340,340,-0.093165836,0.25597103,5.9038,110,NA,NA,"Bckg113.jpg",352,24,114,3,1,1,110,352,172,11,137,352,"cow1_tr.png",1,11,11,2.1817,1,1.4819,1,0.8996
"Sub055_ToD_Online","OA","Morning",1,"crayon1_tr.png",260,260,-0.268260332,-0.047301534,7.5518,110,NA,NA,"Bckg87.jpg",267,33,115,3,1,1,117,267,220,22,283,267,"crayon1_tr.png",1,22,22,1.3651,1,1.3324,2,1.0688
"Sub055_ToD_Online","OA","Morning",1,"dog1_tr.png",178,178,0.009506577,-0.272232742,8.635,110,NA,NA,"Bckg23.jpg",167,111,38,1,1,1,28,167,16,26,214,167,"dog1_tr.png",1,26,26,3.2685,1,3.1016,1,0.7349
"Sub055_ToD_Online","OA","Morning",1,"dress1_tr.png",87,87,0.272025367,0.014256245,5.7645,110,NA,NA,"Bckg96.jpg",83,51,1,1,1,1,39,83,239,71,9,83,"dress1_tr.png",1,71,71,4.4679,1,2.7019,1,0.6015
"Sub055_ToD_Online","OA","Morning",1,"eggs1_tr.png",78,78,0.266446115,0.05663487,9.3522,110,NA,NA,"Bckg132.jpg",84,28,117,3,1,1,104,84,124,265,170,84,"eggs1_tr.png",1,265,265,2.5688,1,2.1114,2,0.9503
"Sub055_ToD_Online","OA","Morning",1,"encyclopedia1_tr.png",277,277,-0.270368262,0.033197048,4.0225,110,NA,NA,"Bckg72.jpg",286,11,42,2,1,1,43,286,151,110,236,286,"encyclopedia1_tr.png",1,110,110,2.5461,1,1.494,2,0.8513
"Sub055_ToD_Online","OA","Morning",1,"fantacan1_tr.png",140,140,0.175094496,-0.208669495,7.1515,110,NA,NA,"Bckg86.jpg",126,84,53,2,1,1,54,126,32,278,53,126,"fantacan1_tr.png",1,278,278,1.8297,1,1.6068,2,1.8501
"Sub055_ToD_Online","OA","Morning",1,"granola1_tr.png",188,188,-0.037910569,-0.269747715,3.5654,110,NA,NA,"Bckg49.jpg",191,103,80,2,1,1,77,191,262,206,48,191,"granola1_tr.png",1,206,206,1.9213,1,1.9637,1,1.3343
"Sub055_ToD_Online","OA","Morning",1,"grater1_tr.png",223,223,-0.185775453,-0.199219783,6.3004,110,NA,NA,"Bckg118.jpg",227,108,101,3,1,1,98,227,183,311,225,227,"grater1_tr.png",1,311,311,1.449,1,1.6077,2,1.3515
"Sub055_ToD_Online","OA","Morning",1,"hairdryer1_tr.png",68,68,0.252563658,0.102042342,4.4102,110,NA,NA,"Bckg79.jpg",63,73,96,3,1,1,113,63,52,27,90,63,"hairdryer1_tr.png",1,27,27,3.2301,1,3.1477,2,3.7018
"Sub055_ToD_Online","OA","Morning",1,"hat1_tr.png",237,237,-0.228452756,-0.148358954,5.4054,110,NA,NA,"Bckg133.jpg",235,68,58,2,1,1,67,235,251,330,13,235,"hat1_tr.png",1,330,330,1.5146,1,1.3142,2,1.0313
"Sub055_ToD_Online","OA","Morning",1,"hotdog1_tr.png",521,161,0.088684336,-0.257558012,5.6365,110,NA,NA,"Bckg126.jpg",152,42,51,2,1,1,63,152,327,275,320,152,"hotdog1_tr.png",1,275,275,2.0315,1,1.6648,2,1.2188
"Sub055_ToD_Online","OA","Morning",1,"jackolantern1_tr.png",413,53,0.217547259,0.163933618,5.7278,110,NA,NA,"Bckg21.jpg",51,93,66,2,1,1,50,51,161,66,118,51,"jackolantern1_tr.png",1,66,66,2.1289,1,3.9415,1,2.8707
"Sub055_ToD_Online","OA","Morning",1,"jellybeans1_tr.png",223,223,-0.185775453,-0.199219783,4.6844,110,NA,NA,"Bckg46.jpg",235,49,7,1,1,1,15,235,347,110,157,235,"jellybeans1_tr.png",1,110,110,1.9503,1,2.0756,2,5.9888
"Sub055_ToD_Online","OA","Morning",1,"kite1_tr.png",213,213,-0.148358954,-0.228452756,8.4558,110,NA,NA,"Bckg128.jpg",181,115,90,3,1,1,83,181,59,221,177,181,"kite1_tr.png",1,221,221,1.8519,1,1.6806,1,2.585
"Sub055_ToD_Online","OA","Morning",1,"lemon1_tr.png",19,19,0.088684336,0.257558012,6.9016,110,NA,NA,"Bckg99.jpg",20,66,85,3,1,1,105,20,265,285,180,20,"lemon1_tr.png",1,285,285,1.5458,1,2.7195,2,0.7861
"Sub055_ToD_Online","OA","Morning",1,"loaf1_tr.png",469,109,0.257558012,-0.088684336,6.2513,110,NA,NA,"Bckg90.jpg",101,25,5,1,1,1,12,101,357,138,325,101,"loaf1_tr.png",1,138,138,4.0298,1,3.6571,1,0.6518
"Sub055_ToD_Online","OA","Morning",1,"paintpalette1_tr.png",249,249,-0.254306076,-0.097618956,12.735,110,NA,NA,"Bckg56.jpg",259,16,102,3,1,1,97,259,311,154,192,259,"paintpalette1_tr.png",1,154,154,1.5311,1,1.4912,2,0.8677
"Sub055_ToD_Online","OA","Morning",1,"partyhats1_tr.png",39,39,0.171426044,0.211693534,6.3661,110,NA,NA,"Bckg110.jpg",52,18,63,2,1,1,69,52,175,231,196,52,"partyhats1_tr.png",1,231,231,1.6979,1,2.4227,1,1.2532
"Sub055_ToD_Online","OA","Morning",1,"penguin1_tr.png",445,85,0.271362121,0.023741109,3.4872,110,NA,NA,"Bckg114.jpg",71,7,97,3,1,1,92,71,333,350,66,71,"penguin1_tr.png",1,350,350,1.1139,1,2.9764,2,1.1511
"Sub055_ToD_Online","OA","Morning",1,"pizza1_tr.png",27,27,0.123666413,0.242709001,4.2078,110,NA,NA,"Bckg83.jpg",31,80,105,3,1,1,107,31,153,237,175,31,"pizza1_tr.png",1,237,237,1.7925,1,1.7146,2,0.7363
"Sub055_ToD_Online","OA","Morning",1,"rollingpin1_tr.png",226,226,-0.195947212,-0.189224023,7.7332,110,NA,NA,"Bckg69.jpg",228,89,68,2,1,1,62,228,12,120,126,228,"rollingpin1_tr.png",1,120,120,3.4299,1,2.3696,2,0.8873
"Sub055_ToD_Online","OA","Morning",1,"rubikscube1_tr.png",128,128,0.214653089,-0.167705373,4.2321,110,NA,NA,"Bckg122.jpg",113,105,24,1,1,1,23,113,4,222,200,113,"rubikscube1_tr.png",1,222,222,4.7522,1,2.9941,2,3.5268
"Sub055_ToD_Online","OA","Morning",1,"scarf1_tr.png",281,281,-0.267393949,0.051976118,2.8154,110,NA,NA,"Bckg51.jpg",276,59,99,3,1,1,88,276,231,56,236,276,"scarf1_tr.png",1,56,56,1.2808,1,1.6097,2,1.0305
"Sub055_ToD_Online","OA","Morning",1,"scrabble1_tr.png",396,36,0.160111927,0.220375161,5.7477,110,NA,NA,"Bckg91.jpg",15,39,119,3,1,1,89,15,152,156,110,15,"scrabble1_tr.png",1,156,156,2.364,1,3.0457,2,1.5872
"Sub055_ToD_Online","OA","Morning",1,"soccerball1_tr.png",40,40,0.175094496,0.208669495,8.1461,110,NA,NA,"Bckg101.jpg",43,53,56,2,1,1,71,43,86,145,39,43,"soccerball1_tr.png",1,145,145,1.6148,1,2.1658,2,2.3349
"Sub055_ToD_Online","OA","Morning",1,"starfish1_tr.png",455,95,0.271362121,-0.023741109,8.6894,110,NA,NA,"Bckg106.jpg",77,54,16,1,1,1,1,77,197,61,78,77,"starfish1_tr.png",1,61,61,4.9349,1,1.6513,2,1.4181
"Sub055_ToD_Online","OA","Morning",1,"steeringwheel1_tr.png",222,222,-0.182270294,-0.20243167,6.0179,110,NA,NA,"Bckg62.jpg",229,90,41,2,1,1,55,229,132,225,181,229,"steeringwheel1_tr.png",1,225,225,1.7978,1,4.3455,1,0.7236
"Sub055_ToD_Online","OA","Morning",1,"streamer1_tr.png",-17,343,-0.079641666,0.260496153,4.0995,110,NA,NA,"Bckg4.jpg",338,35,84,3,1,1,86,338,69,290,195,338,"streamer1_tr.png",1,290,290,3.1317,1,1.676,2,0.6336
"Sub055_ToD_Online","OA","Morning",1,"telephonebooth1_tr.png",216,216,-0.160111927,-0.220375161,3.9158,110,NA,NA,"Bckg107.jpg",214,63,77,2,1,1,66,214,64,281,300,214,"telephonebooth1_tr.png",1,281,281,2.5037,1,1.2081,2,0.8998
"Sub055_ToD_Online","OA","Morning",1,"tennisball1_tr.png",396,36,0.160111927,0.220375161,10.6017,110,NA,NA,"Bckg125.jpg",15,31,37,1,1,1,20,15,270,276,311,15,"tennisball1_tr.png",1,276,276,2.1686,1,1.9563,2,0.9679
"Sub055_ToD_Online","OA","Morning",1,"toad1_tr.png",392,32,0.144349308,0.231007182,7.7189,110,NA,NA,"Bckg65.jpg",25,27,92,3,1,1,95,25,278,24,220,25,"toad1_tr.png",1,24,24,2.2074,1,2.228,2,1.0181
"Sub055_ToD_Online","OA","Morning",1,"toaster1_tr.png",367,7,0.033197048,0.270368262,6.2159,110,NA,NA,"Bckg104.jpg",358,119,14,1,1,1,34,358,291,211,356,358,"toaster1_tr.png",1,211,211,2.2847,1,1.9172,2,1.2201
"Sub055_ToD_Online","OA","Morning",1,"tractor1_tr.png",-38,322,-0.167705373,0.214653089,5.5849,110,NA,NA,"Bckg63.jpg",316,86,4,1,1,1,9,316,132,20,87,316,"tractor1_tr.png",1,20,20,1.4034,1,3.2901,2,1.0047
"Sub055_ToD_Online","OA","Morning",1,"trophy1_tr.png",74,74,0.261846417,0.075083252,5.5833,110,NA,NA,"Bckg68.jpg",75,99,87,3,1,1,81,75,66,178,228,75,"trophy1_tr.png",1,178,178,1.9648,1,1.8625,2,4.533
"Sub055_ToD_Online","OA","Morning",1,"vacuum1_tr.png",139,139,0.178709613,-0.205581893,6.7504,110,NA,NA,"Bckg60.jpg",108,97,2,1,1,1,5,108,327,356,335,108,"vacuum1_tr.png",1,356,356,1.6678,1,2.8183,2,1.1392
"Sub055_ToD_Online","OA","Morning",1,"vegeplatter1_tr.png",242,242,-0.240513759,-0.127883434,4.767,110,NA,NA,"Bckg70.jpg",246,30,18,1,1,1,40,246,122,321,75,246,"vegeplatter1_tr.png",1,321,321,8.8856,1,3.0839,2,4.485
"Sub055_ToD_Online","OA","Morning",1,"watch1_tr.png",147,147,0.148358954,-0.228452756,6.6684,110,NA,NA,"Bckg117.jpg",119,43,23,1,1,1,17,119,181,237,158,119,"watch1_tr.png",1,237,237,4.316,1,2.6668,2,1.4306
"Sub055_ToD_Online","OA","Morning",1,"wreath1_tr.png",579,219,-0.171426044,-0.211693534,4.8937,110,NA,NA,"Bckg71.jpg",229,98,73,2,1,1,47,229,357,97,101,229,"wreath1_tr.png",1,97,97,2.1079,1,1.8777,2,1.3681
"Sub056_ToD_Online","OA","Morning",1,"airfreshener1_tr.png",0,0,1.35555e-17,0.22137867,6.191,169,0.003863591,0.221344953,"Bckg42.jpg",2,91,117,3,1,1,119,2,156,345,88,2,"airfreshener1_tr.png",1,361,1,5.0358,1,1.2706,1,1.1679
"Sub056_ToD_Online","OA","Morning",1,"apple1_tr.png",479,119,0.193622148,-0.107326509,3.8673,169,0.210543627,-0.068409771,"Bckg81.jpg",114,62,106,3,1,1,117,114,347,32,264,114,"apple1_tr.png",1,108,108,7.4901,1,1.5388,1,1.3617
"Sub056_ToD_Online","OA","Morning",1,"asparagus1_tr.png",264,264,-0.220165934,-0.023140372,8.2081,169,-0.220536257,0.019294422,"Bckg134.jpg",263,47,55,2,1,1,52,263,290,137,190,263,"asparagus1_tr.png",1,275,275,8.0007,1,1.9501,1,0.6099
"Sub056_ToD_Online","OA","Morning",1,"banana1_tr.png",407,47,0.16190611,0.15097989,4.8557,169,0.007726004,0.221243812,"Bckg93.jpg",44,114,30,1,1,1,36,44,233,78,338,44,"banana1_tr.png",1,2,2,10.2807,1,1.3157,1,0.8258
"Sub056_ToD_Online","OA","Morning",1,"bed1_tr.png",-116,244,-0.198973831,-0.097046021,9.834,169,NA,NA,"Bckg77.jpg",245,120,74,2,1,1,78,245,138,143,160,245,"bed1_tr.png",1,143,143,0.4666,1,2.0226,2,0.9014
"Sub056_ToD_Online","OA","Morning",1,"binder1_tr.png",450,90,0.22137867,5.42221e-17,6.6666,169,NA,NA,"Bckg82.jpg",91,21,112,3,1,1,110,91,236,320,312,91,"binder1_tr.png",1,320,320,1.3972,1,1.2925,2,1.5858
"Sub056_ToD_Online","OA","Morning",1,"bottleofwine1_tr.png",125,125,0.18134279,-0.126977589,5.8759,169,NA,NA,"Bckg29.jpg",126,71,114,3,1,1,85,126,55,131,270,126,"bottleofwine1_tr.png",1,131,131,1.1459,1,1.2944,2,1.1845
"Sub056_ToD_Online","OA","Morning",1,"bow1_tr.png",171,171,0.034631254,-0.218653131,4.8005,169,NA,NA,"Bckg54.jpg",172,67,97,3,1,1,105,172,311,5,258,172,"bow1_tr.png",1,5,5,1.2951,1,1.6329,2,0.8006
"Sub056_ToD_Online","OA","Morning",1,"bowlingpin1_tr.png",301,301,-0.189758557,0.114018444,5.5546,169,-0.213835375,0.057297016,"Bckg34.jpg",301,48,36,1,1,1,39,301,219,51,324,301,"bowlingpin1_tr.png",1,-75,285,6.1425,1,1.2225,1,2.0456
"Sub056_ToD_Online","OA","Morning",1,"boxinggloves1_tr.png",-101,259,-0.21731132,-0.042241042,10.7398,169,NA,NA,"Bckg131.jpg",276,95,59,2,1,1,54,276,159,125,149,276,"boxinggloves1_tr.png",1,125,125,4.1096,1,1.9205,2,0.7533
"Sub056_ToD_Online","OA","Morning",1,"clock1_tr.png",130,130,0.1695859,-0.142299466,6.0459,169,NA,NA,"Bckg137.jpg",133,76,72,2,1,1,45,133,128,1,280,133,"clock1_tr.png",1,1,1,0.9145,1,1.5304,2,1.1353
"Sub056_ToD_Online","OA","Morning",1,"coat1_tr.png",457,97,0.219728547,-0.026979273,4.1995,169,NA,NA,"Bckg108.jpg",94,102,27,1,1,1,26,94,309,13,198,94,"coat1_tr.png",1,13,13,1.4425,1,1.9969,2,2.1543
"Sub056_ToD_Online","OA","Morning",1,"coffeemug1_tr.png",325,325,-0.126977589,0.18134279,4.6008,169,NA,NA,"Bckg20.jpg",325,70,101,3,1,1,103,325,253,113,22,325,"coffeemug1_tr.png",1,113,113,0.8047,1,1.3662,2,2.2094
"Sub056_ToD_Online","OA","Morning",1,"cookie1_tr.png",194,194,-0.053556347,-0.214802777,4.0504,169,NA,NA,"Bckg1.jpg",196,109,45,2,1,1,57,196,142,307,242,196,"cookie1_tr.png",1,307,307,0.6542,1,1.6261,2,1.1082
"Sub056_ToD_Online","OA","Morning",1,"dress1_tr.png",447,87,0.221075278,0.011586064,7.6039,169,NA,NA,"Bckg96.jpg",83,51,6,1,1,1,34,83,239,71,9,83,"dress1_tr.png",1,71,71,3.4978,1,1.2509,1,1.6732
"Sub056_ToD_Online","OA","Morning",1,"fireextinguisher1_tr.png",-64,296,-0.198973831,0.097046021,8.5738,169,NA,NA,"Bckg88.jpg",294,85,52,2,1,1,56,294,212,94,215,294,"fireextinguisher1_tr.png",1,94,94,1.6088,1,1.4519,2,0.979
"Sub056_ToD_Online","OA","Morning",1,"goggle1_tr.png",39,39,0.139318111,0.172043539,12.513,169,NA,NA,"Bckg120.jpg",25,96,23,1,1,1,1,25,157,292,131,25,"goggle1_tr.png",1,292,292,3.8604,1,2.0032,2,1.8126
"Sub056_ToD_Online","OA","Morning",1,"granola1_tr.png",192,192,-0.046027214,-0.216541015,4.4844,169,NA,NA,"Bckg49.jpg",191,103,88,3,1,1,102,191,262,206,48,191,"granola1_tr.png",1,206,206,1.4419,1,1.386,2,1.384
"Sub056_ToD_Online","OA","Morning",1,"grater1_tr.png",229,229,-0.167076603,-0.145237475,3.2309,169,NA,NA,"Bckg118.jpg",227,108,7,1,1,1,17,227,183,311,225,227,"grater1_tr.png",1,311,311,1.8492,1,1.2969,2,1.5659
"Sub056_ToD_Online","OA","Morning",1,"hotdog1_tr.png",511,151,0.107326509,-0.193622148,5.5846,169,NA,NA,"Bckg126.jpg",152,42,47,2,1,1,46,152,327,275,320,152,"hotdog1_tr.png",1,275,275,1.6088,1,3.1543,2,0.5578
"Sub056_ToD_Online","OA","Morning",1,"iceskates1_tr.png",184,184,-0.015442595,-0.220839403,3.9974,169,NA,NA,"Bckg27.jpg",186,64,42,2,1,1,60,186,280,131,293,186,"iceskates1_tr.png",1,131,131,1.7502,1,1.5511,2,0.518
"Sub056_ToD_Online","OA","Morning",1,"jackolantern1_tr.png",413,53,0.176800867,0.133229009,6.4368,169,NA,NA,"Bckg21.jpg",51,93,96,3,1,1,91,51,161,66,118,51,"jackolantern1_tr.png",1,66,66,2.4698,1,1.5155,2,1.443
"Sub056_ToD_Online","OA","Morning",1,"kite1_tr.png",-179,181,-0.003863591,-0.221344953,5.2094,169,-0.057297016,0.213835375,"Bckg128.jpg",181,115,100,3,1,1,95,181,59,221,177,181,"kite1_tr.png",1,345,345,7.2419,1,1.9993,1,1.1004
"Sub056_ToD_Online","OA","Morning",1,"motorcycle1_tr.png",258,258,-0.216541015,-0.046027214,4.9411,169,NA,NA,"Bckg100.jpg",260,4,61,2,1,1,65,260,342,17,98,260,"motorcycle1_tr.png",1,17,17,0.8904,1,3.8808,2,1.3496
"Sub056_ToD_Online","OA","Morning",1,"mouthwash1_tr.png",-9,351,-0.034631254,0.218653131,6.7493,169,NA,NA,"Bckg109.jpg",352,100,65,2,1,1,62,352,115,250,226,352,"mouthwash1_tr.png",1,250,250,2.0676,1,2.1561,2,0.5523
"Sub056_ToD_Online","OA","Morning",1,"nailpolish1_tr.png",-60,300,-0.191719552,0.110689335,8.525,169,NA,NA,"Bckg84.jpg",301,32,113,3,1,1,120,301,148,320,226,301,"nailpolish1_tr.png",1,320,320,2.051,1,1.7915,2,1.1009
"Sub056_ToD_Online","OA","Morning",1,"partyhats1_tr.png",51,51,0.172043539,0.139318111,7.1658,169,0.185663775,-0.120571465,"Bckg110.jpg",52,18,43,2,1,1,42,52,175,231,196,52,"partyhats1_tr.png",1,483,123,12.4685,1,1.8807,1,1.162
"Sub056_ToD_Online","OA","Morning",1,"penguin1_tr.png",429,69,0.206674793,0.07933502,5.3177,169,NA,NA,"Bckg114.jpg",71,7,22,1,1,1,22,71,333,350,66,71,"penguin1_tr.png",1,350,350,2.228,1,1.516,2,1.5095
"Sub056_ToD_Online","OA","Morning",1,"pickle1_tr.png",151,151,0.107326509,-0.193622148,6.2277,169,0.159246488,-0.153782546,"Bckg66.jpg",150,83,28,1,1,1,31,150,65,78,256,150,"pickle1_tr.png",1,134,134,6.8445,1,2.6389,1,1.7164
"Sub056_ToD_Online","OA","Morning",1,"pin1_tr.png",300,300,-0.191719552,0.110689335,4.3007,169,NA,NA,"Bckg59.jpg",300,82,95,3,1,1,88,300,260,88,40,300,"pin1_tr.png",1,88,88,1.1006,1,1.2805,2,1.0666
"Sub056_ToD_Online","OA","Morning",1,"plant1_tr.png",233,233,-0.176800867,-0.133229009,4.4597,169,0.133229009,-0.176800867,"Bckg116.jpg",229,75,10,1,1,1,11,229,191,233,122,229,"plant1_tr.png",1,143,143,5.9418,1,1.5603,1,1.3216
"Sub056_ToD_Online","OA","Morning",1,"pokerchips1_tr.png",9,9,0.034631254,0.218653131,4.1576,169,NA,NA,"Bckg127.jpg",11,88,57,2,1,1,64,11,51,229,63,11,"pokerchips1_tr.png",1,229,229,1.7434,1,1.4479,2,0.7006
"Sub056_ToD_Online","OA","Morning",1,"ricecooker1_tr.png",376,16,0.061020231,0.212802836,4.6932,169,NA,NA,"Bckg102.jpg",14,19,115,3,1,1,101,14,178,267,92,14,"ricecooker1_tr.png",1,267,267,0.5257,1,2.2741,2,1.362
"Sub056_ToD_Online","OA","Morning",1,"rubikscube1_tr.png",116,116,0.198973831,-0.097046021,7.1174,169,NA,NA,"Bckg122.jpg",113,105,70,2,1,1,48,113,4,222,200,113,"rubikscube1_tr.png",1,222,222,2.1942,1,1.5501,2,0.801
"Sub056_ToD_Online","OA","Morning",1,"scarf1_tr.png",273,273,-0.221075278,0.011586064,5.5263,169,1.35555e-17,0.22137867,"Bckg51.jpg",276,59,35,1,1,1,25,276,231,56,236,276,"scarf1_tr.png",1,0,0,6.0214,1,2.262,1,2.1355
"Sub056_ToD_Online","OA","Morning",1,"silvertray1_tr.png",289,289,-0.209317645,0.072073845,8.764,169,-0.011586064,0.221075278,"Bckg64.jpg",288,6,11,1,1,1,23,288,241,343,248,288,"silvertray1_tr.png",1,357,357,5.6508,1,1.7831,1,1.0528
"Sub056_ToD_Online","OA","Morning",1,"sink1_tr.png",539,179,0.003863591,-0.221344953,10.3077,169,0.221075278,-0.011586064,"Bckg32.jpg",178,112,91,3,1,1,112,178,267,137,336,178,"sink1_tr.png",1,93,93,6.9596,1,1.3693,1,0.9562
"Sub056_ToD_Online","OA","Morning",1,"sippycup1_tr.png",102,102,0.216541015,-0.046027214,5.5286,169,NA,NA,"Bckg105.jpg",107,106,90,3,1,1,89,107,24,15,204,107,"sippycup1_tr.png",1,15,15,1.3196,1,1.461,2,2.218
"Sub056_ToD_Online","OA","Morning",1,"steeringwheel1_tr.png",226,226,-0.159246488,-0.153782546,6.3603,169,-0.003863591,-0.221344953,"Bckg62.jpg",229,90,18,1,1,1,20,229,132,225,181,229,"steeringwheel1_tr.png",1,181,181,8.5497,1,1.3972,1,1.0512
"Sub056_ToD_Online","OA","Morning",1,"sunglasses1_tr.png",387,27,0.100503813,0.197249839,4.4511,169,NA,NA,"Bckg11.jpg",27,29,110,3,1,1,111,27,287,111,147,27,"sunglasses1_tr.png",1,111,111,1.7186,1,1.4445,2,0.9508
"Sub056_ToD_Online","OA","Morning",1,"telephonebooth1_tr.png",-146,214,-0.123793381,-0.183531235,5.5006,169,NA,NA,"Bckg107.jpg",214,63,56,2,1,1,71,214,64,281,300,214,"telephonebooth1_tr.png",1,281,281,2.0651,1,4.2786,2,1.6584
"Sub056_ToD_Online","OA","Morning",1,"toad1_tr.png",386,26,0.097046021,0.198973831,3.3747,169,-0.082929909,0.205258729,"Bckg65.jpg",25,27,86,3,1,1,116,25,278,24,220,25,"toad1_tr.png",1,-22,338,5.3921,1,1.383,1,0.7798
"Sub056_ToD_Online","OA","Morning",1,"toaster1_tr.png",357,357,-0.011586064,0.221075278,4.1726,169,NA,NA,"Bckg104.jpg",358,119,98,3,1,1,98,358,291,211,356,358,"toaster1_tr.png",1,211,211,2.0736,1,1.0609,2,1.6444
"Sub056_ToD_Online","OA","Morning",1,"trophy1_tr.png",74,74,0.212802836,0.061020231,4.2831,169,NA,NA,"Bckg68.jpg",75,99,108,3,1,1,84,75,66,178,228,75,"trophy1_tr.png",1,178,178,0.8998,1,1.2813,2,0.7961
"Sub056_ToD_Online","OA","Morning",1,"trumpet1_tr.png",355,355,-0.019294422,0.220536257,4.7006,169,-0.003863591,0.221344953,"Bckg130.jpg",355,58,31,1,1,1,18,355,313,133,32,355,"trumpet1_tr.png",1,-1,359,9.3651,1,2.0192,1,1.8065
"Sub056_ToD_Online","OA","Morning",1,"turtle1_tr.png",223,223,-0.15097989,-0.16190611,5.8755,169,-0.130123117,-0.179099106,"Bckg44.jpg",223,61,62,2,1,1,79,223,185,158,305,223,"turtle1_tr.png",1,216,216,5.9501,1,1.6924,1,0.5302
"Sub056_ToD_Online","OA","Morning",1,"wagon1_tr.png",93,93,0.221075278,-0.011586064,3.6383,169,0.179099106,-0.130123117,"Bckg47.jpg",95,38,105,3,1,1,97,95,87,36,143,95,"wagon1_tr.png",1,126,126,4.1002,1,1.4423,1,1.6
"Sub056_ToD_Online","OA","Morning",1,"watch1_tr.png",121,121,0.189758557,-0.114018444,4.5311,169,NA,NA,"Bckg117.jpg",119,43,51,2,1,1,68,119,181,237,158,119,"watch1_tr.png",1,237,237,2.9423,1,2.1978,2,0.9952
"Sub056_ToD_Online","OA","Morning",1,"wheelchair1_tr.png",174,174,0.023140372,-0.220165934,6.3156,169,NA,NA,"Bckg80.jpg",171,52,78,2,1,1,75,171,180,294,263,171,"wheelchair1_tr.png",1,294,294,0.8105,1,1.4195,2,1.0938
"Sub056_ToD_Online","OA","Morning",1,"wisk1_tr.png",-40,320,-0.142299466,0.1695859,6.3436,169,NA,NA,"Bckg95.jpg",315,23,60,2,1,1,77,315,150,163,135,315,"wisk1_tr.png",1,163,163,2.6997,1,1.0505,2,1.1265
"Sub057_ToD_Online","OA","Morning",1,"abacus1_tr.png",-57,303,-0.140487426,0.091233601,5.274,92,-0.124485713,-0.11208744,"Bckg135.jpg",299,41,49,2,1,1,77,299,113,108,23,299,"abacus1_tr.png",1,228,228,5.632,1,1.515,1,1.137
"Sub057_ToD_Online","OA","Morning",1,"airfreshener1_tr.png",362,2,0.005846086,0.167410006,7.424,92,-0.002923488,0.167486537,"Bckg42.jpg",2,91,24,1,1,1,1,2,156,345,88,2,"airfreshener1_tr.png",1,359,359,6.901,1,2.184,1,1.491
"Sub057_ToD_Online","OA","Morning",1,"basket1_tr.png",148,148,0.088767862,-0.142058275,3.948,92,0.116363648,-0.120498085,"Bckg24.jpg",110,8,37,1,1,1,2,110,14,332,96,110,"basket1_tr.png",1,496,136,4.934,1,2.151,2,2.116
"Sub057_ToD_Online","OA","Morning",1,"bed1_tr.png",222,222,-0.11208744,-0.124485713,4.372,92,-0.114242943,-0.122510558,"Bckg77.jpg",245,120,119,3,1,1,112,245,138,143,160,245,"bed1_tr.png",1,223,223,3.848,1,1.849,2,1.106
"Sub057_ToD_Online","OA","Morning",1,"bell1_tr.png",349,349,-0.031962806,0.164434382,2.946,92,-0.09367155,0.138873783,"Bckg36.jpg",349,78,61,2,1,1,76,349,287,282,294,349,"bell1_tr.png",1,326,326,4.254,1,3.564,2,2.261
"Sub057_ToD_Online","OA","Morning",1,"bow1_tr.png",159,159,0.06003095,-0.156385971,4.198,92,0.086275084,-0.143585852,"Bckg54.jpg",172,67,74,2,1,1,68,172,311,5,258,172,"bow1_tr.png",1,149,149,5.984,1,1.66,1,0.899
"Sub057_ToD_Online","OA","Morning",1,"boxinggloves1_tr.png",269,269,-0.167486537,-0.002923488,6.858,92,-0.167486537,-0.002923488,"Bckg131.jpg",276,95,10,1,1,1,15,276,159,125,149,276,"boxinggloves1_tr.png",1,269,269,6.648,1,0.989,1,1.234
"Sub057_ToD_Online","OA","Morning",1,"breakfast1_tr.png",302,302,-0.142058275,0.088767862,2.416,92,-0.158385755,-0.054536589,"Bckg89.jpg",300,3,104,3,1,1,119,300,348,149,173,300,"breakfast1_tr.png",1,251,251,6.653,1,1.392,1,1.403
"Sub057_ToD_Online","OA","Morning",1,"christmasstocking1_tr.png",228,228,-0.124485713,-0.11208744,10.821,92,-0.164967166,0.029088162,"Bckg136.jpg",165,50,26,1,1,1,9,165,322,246,121,165,"christmasstocking1_tr.png",1,280,280,4.321,1,1.488,1,1.766
"Sub057_ToD_Online","OA","Morning",1,"clock1_tr.png",128,128,NA,NA,2.4,92,0.100811268,-0.133781071,"Bckg137.jpg",133,76,12,1,1,1,33,133,128,1,280,133,"clock1_tr.png",1,143,143,6.354,1,2.063,1,1.149
"Sub057_ToD_Online","OA","Morning",1,"coat1_tr.png",465,105,0.161804215,-0.043355309,8.864,92,0.167282481,0.008766903,"Bckg108.jpg",94,102,106,3,1,1,82,94,309,13,198,94,"coat1_tr.png",1,87,87,3.804,1,1.884,1,1.27
"Sub057_ToD_Online","OA","Morning",1,"coke1_tr.png",-37,323,-0.100811268,0.133781071,3.668,92,NA,NA,"Bckg78.jpg",322,74,56,2,1,1,53,322,31,323,307,322,"coke1_tr.png",1,323,323,2.167,1,1.552,1,1.701
"Sub057_ToD_Online","OA","Morning",1,"cookie1_tr.png",214,214,-0.09367155,-0.138873783,3.513,92,NA,NA,"Bckg1.jpg",196,109,109,3,1,1,87,196,142,307,242,196,"cookie1_tr.png",1,307,307,1.761,1,1.52,2,0.617
"Sub057_ToD_Online","OA","Morning",1,"cow1_tr.png",-16,344,-0.046172579,0.161022917,6.043,92,0.002923488,0.167486537,"Bckg113.jpg",352,24,34,1,1,1,31,352,172,11,137,352,"cow1_tr.png",1,1,1,5.299,1,2.984,1,1.334
"Sub057_ToD_Online","OA","Morning",1,"cucumber1_tr.png",444,84,0.166594401,0.017509777,7.567,92,0.128321675,0.10767467,"Bckg92.jpg",82,87,113,3,1,1,100,82,286,332,303,82,"cucumber1_tr.png",1,410,50,3.216,1,1.967,1,1.172
"Sub057_ToD_Online","OA","Morning",1,"dog1_tr.png",-202,158,0.062751118,-0.155314468,7.3,92,NA,NA,"Bckg23.jpg",167,111,11,1,1,1,13,167,16,26,214,167,"dog1_tr.png",1,26,26,1.361,1,1.644,2,1.407
"Sub057_ToD_Online","OA","Morning",1,"dress1_tr.png",87,87,0.167282481,0.008766903,4.711,92,-0.114242943,-0.122510558,"Bckg96.jpg",83,51,17,1,1,1,39,83,239,71,9,83,"dress1_tr.png",1,223,223,6.251,1,2.936,2,1.55
"Sub057_ToD_Online","OA","Morning",1,"granola1_tr.png",204,204,-0.068133289,-0.153029872,3.248,92,0.138873783,-0.09367155,"Bckg49.jpg",191,103,98,3,1,1,118,191,262,206,48,191,"granola1_tr.png",1,484,124,6.782,1,1.913,2,1.068
"Sub057_ToD_Online","OA","Morning",1,"grater1_tr.png",215,215,-0.096080965,-0.137217838,3.517,92,NA,NA,"Bckg118.jpg",227,108,70,2,1,1,62,227,183,311,225,227,"grater1_tr.png",1,311,311,1.467,1,2.969,2,1.401
"Sub057_ToD_Online","OA","Morning",1,"hat1_tr.png",221,221,-0.109897793,-0.126422949,3.307,92,-0.124485713,-0.11208744,"Bckg133.jpg",235,68,16,1,1,1,18,235,251,330,13,235,"hat1_tr.png",1,228,228,3.795,1,1.667,1,0.967
"Sub057_ToD_Online","OA","Morning",1,"jellybeans1_tr.png",229,229,-0.126422949,-0.109897793,4.438,92,-0.023313171,-0.165881834,"Bckg46.jpg",235,49,33,1,1,1,10,235,347,110,157,235,"jellybeans1_tr.png",1,188,188,4.253,1,1.761,2,1.74
"Sub057_ToD_Online","OA","Morning",1,"lemon1_tr.png",399,39,0.105418749,0.130181313,4.568,92,0.076048879,0.149254329,"Bckg99.jpg",20,66,65,2,1,1,64,20,265,285,180,20,"lemon1_tr.png",1,387,27,4.551,1,3.382,2,0.933
"Sub057_ToD_Online","OA","Morning",1,"lipstick1_tr.png",482,122,0.142058275,-0.088767862,5.392,92,NA,NA,"Bckg22.jpg",106,22,87,3,1,1,105,106,284,129,228,106,"lipstick1_tr.png",1,129,129,0.95,1,3.547,2,0.683
"Sub057_ToD_Online","OA","Morning",1,"partyhats1_tr.png",53,53,0.133781071,0.100811268,5.215,92,0.14650934,-0.081211453,"Bckg110.jpg",52,18,103,3,1,1,115,52,175,231,196,52,"partyhats1_tr.png",1,479,119,7.371,1,2.467,2,1.926
"Sub057_ToD_Online","OA","Morning",1,"penguin1_tr.png",423,63,0.149254329,0.076048879,4.055,92,0.142058275,0.088767862,"Bckg114.jpg",71,7,114,3,1,1,116,71,333,350,66,71,"penguin1_tr.png",1,418,58,4.249,1,1.915,1,1.774
"Sub057_ToD_Online","OA","Morning",1,"pickle1_tr.png",143,143,0.100811268,-0.133781071,3.567,92,0.098461113,-0.135520095,"Bckg66.jpg",150,83,100,3,1,1,101,150,65,78,256,150,"pickle1_tr.png",1,144,144,3.057,1,2.112,1,1.25
"Sub057_ToD_Online","OA","Morning",1,"pokerchips1_tr.png",11,11,0.031962806,0.164434382,3.624,92,NA,NA,"Bckg127.jpg",11,88,54,2,1,1,72,11,51,229,63,11,"pokerchips1_tr.png",1,229,229,1.618,1,2.197,2,0.684
"Sub057_ToD_Online","OA","Morning",1,"popcorn1_tr.png",135,135,0.118448906,-0.118448906,5.685,92,0.120498085,-0.116363648,"Bckg76.jpg",144,15,6,1,1,1,22,144,211,30,310,144,"popcorn1_tr.png",1,134,134,4.365,1,2.203,2,0.64
"Sub057_ToD_Online","OA","Morning",1,"present1_tr.png",195,195,-0.043355309,-0.161804215,4.068,92,-0.068133289,-0.153029872,"Bckg121.jpg",184,46,58,2,1,1,78,184,45,118,188,184,"present1_tr.png",1,204,204,5.038,1,1.717,2,1.638
"Sub057_ToD_Online","OA","Morning",1,"radish1_tr.png",225,225,-0.118448906,-0.118448906,2.924,92,-0.062751118,-0.155314468,"Bckg112.jpg",221,14,73,2,1,1,80,221,203,64,59,221,"radish1_tr.png",1,202,202,8.207,1,1.537,1,1.699
"Sub057_ToD_Online","OA","Morning",1,"ricecooker1_tr.png",376,16,0.046172579,0.161022917,6.422,92,NA,NA,"Bckg102.jpg",14,19,97,3,1,1,85,14,178,267,92,14,"ricecooker1_tr.png",1,267,267,2.271,1,4.036,2,1.109
"Sub057_ToD_Online","OA","Morning",1,"rubikscube1_tr.png",114,114,0.153029872,-0.068133289,4.348,92,0.088767862,-0.142058275,"Bckg122.jpg",113,105,13,1,1,1,40,113,4,222,200,113,"rubikscube1_tr.png",1,508,148,7.267,1,2.336,1,1.569
"Sub057_ToD_Online","OA","Morning",1,"skippingrope1_tr.png",67,67,0.154195655,0.065452172,2.823,92,0.100811268,0.133781071,"Bckg7.jpg",60,45,62,2,1,1,50,60,87,213,277,60,"skippingrope1_tr.png",1,397,37,5.887,1,2.436,1,2.327
"Sub057_ToD_Online","OA","Morning",1,"telephonebooth1_tr.png",228,228,-0.124485713,-0.11208744,5.552,92,0.140487426,0.091233601,"Bckg107.jpg",214,63,85,3,1,1,94,214,64,281,300,214,"telephonebooth1_tr.png",1,417,57,4.195,1,3.935,1,0.868
"Sub057_ToD_Online","OA","Morning",1,"tennisball1_tr.png",386,26,0.073432449,0.150558833,4.867,92,-0.068133289,-0.153029872,"Bckg125.jpg",15,31,38,1,1,1,23,15,270,276,311,15,"tennisball1_tr.png",1,204,204,3.618,1,2.548,2,1.219
"Sub057_ToD_Online","OA","Morning",1,"train1_tr.png",129,129,0.130181313,-0.105418749,3.308,92,-0.091233601,0.140487426,"Bckg61.jpg",127,104,95,3,1,1,98,127,71,191,165,127,"train1_tr.png",1,327,327,4.554,1,2.211,2,1.018
"Sub057_ToD_Online","OA","Morning",1,"trophy1_tr.png",66,66,NA,NA,0.928,92,NA,NA,"Bckg68.jpg",75,99,76,2,1,1,41,75,66,178,228,75,"trophy1_tr.png",1,178,178,2.783,1,1.467,2,0.955
"Sub057_ToD_Online","OA","Morning",1,"trumpet1_tr.png",361,1,0.002923488,0.167486537,3.433,92,0.002923488,0.167486537,"Bckg130.jpg",355,58,19,1,1,1,5,355,313,133,32,355,"trumpet1_tr.png",1,1,1,5.934,1,2.268,1,1.935
"Sub057_ToD_Online","OA","Morning",1,"woodenbox1_tr.png",339,339,-0.06003095,0.156385971,5.554,92,-0.037682012,0.163218727,"Bckg9.jpg",346,69,32,1,1,1,25,346,209,115,175,346,"woodenbox1_tr.png",1,-13,347,5.994,1,3.136,1,1.873
"Sub058_ToD_Online","OA","Morning",1,"bandaid1_tr.png",143,143,NA,NA,6.2332,94,0.086475957,-0.225277569,"Bckg45.jpg",246,107,13,1,1,1,7,246,143,243,11,246,"bandaid1_tr.png",1,159,159,10.9329,1,2.0455,2,1.5669
"Sub058_ToD_Online","OA","Morning",1,"basket1_tr.png",14,14,NA,NA,1.7325,94,0.161464521,0.179324518,"Bckg24.jpg",110,8,59,2,1,1,77,110,14,332,96,110,"basket1_tr.png",1,402,42,6.064,1,1.5851,1,1.3504
"Sub058_ToD_Online","OA","Morning",1,"bell1_tr.png",287,287,NA,NA,1.2672,94,-0.204638195,0.127872136,"Bckg36.jpg",349,78,47,2,1,1,54,349,287,282,294,349,"bell1_tr.png",1,302,302,8.9805,1,2.0535,1,1.6698
"Sub058_ToD_Online","OA","Morning",1,"bike1_tr.png",209,209,NA,NA,3.6796,94,0.070550737,-0.230761062,"Bckg39.jpg",135,2,18,1,1,1,4,135,209,107,240,135,"bike1_tr.png",1,163,163,10.7475,1,3.6413,1,1.4023
"Sub058_ToD_Online","OA","Morning",1,"bow1_tr.png",311,311,NA,NA,5.9808,94,0.230761062,0.070550737,"Bckg54.jpg",172,67,45,2,1,1,75,172,311,5,258,172,"bow1_tr.png",1,73,73,5.5654,1,1.4671,2,6.7014
"Sub058_ToD_Online","OA","Morning",1,"bowlingpin1_tr.png",219,219,NA,NA,5.543,94,-0.158310285,-0.18211515,"Bckg34.jpg",301,48,83,3,1,1,86,301,219,51,324,301,"bowlingpin1_tr.png",1,221,221,9.6108,1,1.6137,1,1.4678
"Sub058_ToD_Online","OA","Morning",1,"cakemixer1_tr.png",108,108,NA,NA,0.948,94,-0.13493601,0.200050862,"Bckg12.jpg",255,117,43,2,1,1,47,255,108,314,330,255,"cakemixer1_tr.png",1,326,326,3.882,1,4.7287,2,2.8555
"Sub058_ToD_Online","OA","Morning",1,"coffeemug1_tr.png",253,253,NA,NA,2.3493,94,0.116986956,0.211050056,"Bckg20.jpg",325,70,42,2,1,1,65,325,253,113,22,325,"coffeemug1_tr.png",1,29,29,6.3073,1,1.5118,2,2.4458
"Sub058_ToD_Online","OA","Morning",1,"coke1_tr.png",31,31,NA,NA,1.8157,94,NA,NA,"Bckg78.jpg",322,74,120,3,1,1,119,322,31,323,307,322,"coke1_tr.png",1,323,323,6.3985,1,2.2828,1,1.3683
"Sub058_ToD_Online","OA","Morning",1,"cucumber1_tr.png",286,286,NA,NA,2.4666,94,-0.200050862,0.13493601,"Bckg92.jpg",82,87,37,1,1,1,20,82,286,332,303,82,"cucumber1_tr.png",1,304,304,5.316,1,1.5163,2,3.6006
"Sub058_ToD_Online","OA","Morning",1,"dog1_tr.png",16,16,NA,NA,1.8842,94,NA,NA,"Bckg23.jpg",167,111,32,1,1,1,31,167,16,26,214,167,"dog1_tr.png",1,26,26,4.6843,1,2.283,1,2.1021
"Sub058_ToD_Online","OA","Morning",1,"eggs1_tr.png",124,124,NA,NA,5.6538,94,0.241268188,-0.004211352,"Bckg132.jpg",84,28,48,2,1,1,46,84,124,265,170,84,"eggs1_tr.png",1,451,91,11.1489,1,2.4293,1,1.5496
"Sub058_ToD_Online","OA","Morning",1,"fireextinguisher1_tr.png",212,212,NA,NA,1.3814,94,0.240717133,0.016832582,"Bckg88.jpg",294,85,66,2,1,1,66,294,212,94,215,294,"fireextinguisher1_tr.png",1,86,86,4.5492,1,1.8285,2,1.5168
"Sub058_ToD_Online","OA","Morning",1,"goggle1_tr.png",157,157,NA,NA,4.6175,94,NA,NA,"Bckg120.jpg",25,96,113,3,1,1,102,25,157,292,131,25,"goggle1_tr.png",1,292,292,3.1974,1,1.8817,2,1.4511
"Sub058_ToD_Online","OA","Morning",1,"hairdryer1_tr.png",52,52,NA,NA,1.2001,94,0.170628359,0.170628359,"Bckg79.jpg",63,73,15,1,1,1,26,63,52,27,90,63,"hairdryer1_tr.png",1,45,45,5.0197,1,2.1474,1,2.9217
"Sub058_ToD_Online","OA","Morning",1,"hammer1_tr.png",139,139,NA,NA,4.007,94,0.176479261,0.164569573,"Bckg138.jpg",237,118,115,3,1,1,111,237,139,321,245,237,"hammer1_tr.png",1,407,47,7.4307,1,1.8468,2,2.0829
"Sub058_ToD_Online","OA","Morning",1,"handbag1_tr.png",275,275,NA,NA,5.9643,94,-0.240717133,-0.016832582,"Bckg97.jpg",66,94,8,1,1,1,12,66,275,244,269,66,"handbag1_tr.png",1,266,266,5.5649,1,7.495,2,2.002
"Sub058_ToD_Online","OA","Morning",1,"hotdog1_tr.png",327,327,NA,NA,1.2647,94,0.012628925,-0.24097424,"Bckg126.jpg",152,42,54,2,1,1,57,152,327,275,320,152,"hotdog1_tr.png",1,177,177,8.5807,1,4.0999,2,2.5829
"Sub058_ToD_Online","OA","Morning",1,"jackolantern1_tr.png",161,161,NA,NA,5.4816,94,NA,NA,"Bckg21.jpg",51,93,82,3,1,1,112,51,161,66,118,51,"jackolantern1_tr.png",1,66,66,3.7522,1,3.2155,2,1.0679
"Sub058_ToD_Online","OA","Morning",1,"jellybeans1_tr.png",347,347,NA,NA,2.0311,94,0.141835485,-0.195219797,"Bckg46.jpg",235,49,28,1,1,1,9,235,347,110,157,235,"jellybeans1_tr.png",1,144,144,5.5647,1,3.5322,2,2.819
"Sub058_ToD_Online","OA","Morning",1,"lemon1_tr.png",265,265,NA,NA,1.8323,94,-0.218696546,-0.101979874,"Bckg99.jpg",20,66,44,2,1,1,72,20,265,285,180,20,"lemon1_tr.png",1,245,245,5.8979,1,2.45,2,4.0346
"Sub058_ToD_Online","OA","Morning",1,"loaf1_tr.png",357,357,NA,NA,6.1336,94,0.195219797,0.141835485,"Bckg90.jpg",101,25,114,3,1,1,100,101,357,138,325,101,"loaf1_tr.png",1,54,54,5.8191,1,1.2322,2,2.118
"Sub058_ToD_Online","OA","Morning",1,"motorcycle1_tr.png",342,342,NA,NA,2.9244,94,0.164569573,0.176479261,"Bckg100.jpg",260,4,74,2,1,1,56,260,342,17,98,260,"motorcycle1_tr.png",1,43,43,4.4479,1,5.9573,2,1.7203
"Sub058_ToD_Online","OA","Morning",1,"oven1_tr.png",305,305,NA,NA,9.2477,94,-0.18211515,0.158310285,"Bckg55.jpg",111,9,106,3,1,1,92,111,305,27,70,111,"oven1_tr.png",1,-49,311,6.3437,1,2.5807,1,1.234
"Sub058_ToD_Online","OA","Morning",1,"paintpalette1_tr.png",311,311,NA,NA,4.7168,94,0.041902163,-0.237638976,"Bckg56.jpg",259,16,71,2,1,1,64,259,311,154,192,259,"paintpalette1_tr.png",1,170,170,9.4487,1,4.0979,1,2.7678
"Sub058_ToD_Online","OA","Morning",1,"penguin1_tr.png",333,333,NA,NA,1.036,94,NA,NA,"Bckg114.jpg",71,7,25,1,1,1,29,71,333,350,66,71,"penguin1_tr.png",1,350,350,4.8976,1,2.3475,1,1.2014
"Sub058_ToD_Online","OA","Morning",1,"popcorn1_tr.png",211,211,NA,NA,9.2144,94,0.239983046,0.025223235,"Bckg76.jpg",144,15,4,1,1,1,3,144,211,30,310,144,"popcorn1_tr.png",1,84,84,7.4517,1,2.2279,2,1.8855
"Sub058_ToD_Online","OA","Morning",1,"present1_tr.png",45,45,NA,NA,1.365,94,0.208976208,0.12065247,"Bckg121.jpg",184,46,61,2,1,1,70,184,45,118,188,184,"present1_tr.png",1,60,60,6.2981,1,1.3674,2,2.3557
"Sub058_ToD_Online","OA","Morning",1,"qtips1_tr.png",235,235,NA,NA,1.7988,94,-0.138406828,-0.197665435,"Bckg129.jpg",171,92,23,1,1,1,19,171,235,155,124,171,"qtips1_tr.png",1,215,215,8.7344,1,1.4124,1,1.6516
"Sub058_ToD_Online","OA","Morning",1,"radish1_tr.png",203,203,NA,NA,1.1664,94,0.238956577,0.033583157,"Bckg112.jpg",221,14,9,1,1,1,34,221,203,64,59,221,"radish1_tr.png",1,82,82,9.3914,1,15.6667,2,4.0276
"Sub058_ToD_Online","OA","Morning",1,"rubikscube1_tr.png",4,4,NA,NA,6.4989,94,0.066512656,0.231957196,"Bckg122.jpg",113,105,105,3,1,1,82,113,4,222,200,113,"rubikscube1_tr.png",1,376,16,18.8485,1,4.2467,1,0.9676
"Sub058_ToD_Online","OA","Morning",1,"scrabble1_tr.png",152,152,NA,NA,1.253,94,NA,NA,"Bckg91.jpg",15,39,97,3,1,1,120,15,152,156,110,15,"scrabble1_tr.png",1,156,156,2.4826,1,2.5803,1,1.4504
"Sub058_ToD_Online","OA","Morning",1,"sink1_tr.png",267,267,NA,NA,1.4877,94,0.215004276,-0.10955015,"Bckg32.jpg",178,112,117,3,1,1,96,178,267,137,336,178,"sink1_tr.png",1,117,117,3.5326,1,1.2141,2,1.0535
"Sub058_ToD_Online","OA","Morning",1,"sippycup1_tr.png",24,24,NA,NA,2.9506,94,0.176479261,0.164569573,"Bckg105.jpg",107,106,62,2,1,1,73,107,24,15,204,107,"sippycup1_tr.png",1,47,47,4.2826,1,1.6314,1,1.95
"Sub058_ToD_Online","OA","Morning",1,"starfish1_tr.png",197,197,NA,NA,3.482,94,0.240386702,0.021031111,"Bckg106.jpg",77,54,103,3,1,1,115,77,197,61,78,77,"starfish1_tr.png",1,85,85,3.7479,1,1.2153,1,1.483
"Sub058_ToD_Online","OA","Morning",1,"steeringwheel1_tr.png",132,132,NA,NA,3.0759,94,0.158310285,-0.18211515,"Bckg62.jpg",229,90,6,1,1,1,23,229,132,225,181,229,"steeringwheel1_tr.png",1,139,139,8.6011,1,1.9168,1,1.6677
"Sub058_ToD_Online","OA","Morning",1,"stoplights1_tr.png",214,214,NA,NA,2.703,94,0.050170118,-0.236031848,"Bckg53.jpg",219,60,56,2,1,1,48,219,214,124,240,219,"stoplights1_tr.png",1,168,168,9.0365,1,2.7712,2,4.6075
"Sub058_ToD_Online","OA","Morning",1,"telephonebooth1_tr.png",64,64,NA,NA,2.6266,94,0.23950629,0.029407675,"Bckg107.jpg",214,63,30,1,1,1,37,214,64,281,300,214,"telephonebooth1_tr.png",1,443,83,12.6487,1,1.7805,1,1.4851
"Sub058_ToD_Online","OA","Morning",1,"tennisball1_tr.png",270,270,NA,NA,6.6842,94,-0.204638195,0.127872136,"Bckg125.jpg",15,31,20,1,1,1,17,15,270,276,311,15,"tennisball1_tr.png",1,302,302,5.5819,1,2.1622,2,1.7854
"Sub058_ToD_Online","OA","Morning",1,"tissuebox1_tr.png",95,95,NA,NA,1.5824,94,-0.200050862,-0.13493601,"Bckg98.jpg",1,12,118,3,1,1,85,1,95,272,311,1,"tissuebox1_tr.png",1,236,236,4.4675,1,4.8143,2,0.8354
"Sub058_ToD_Online","OA","Morning",1,"toothpaste1_tr.png",232,232,NA,NA,4.1492,94,-0.24097424,0.012628925,"Bckg38.jpg",259,1,99,3,1,1,89,259,232,85,230,259,"toothpaste1_tr.png",1,-87,273,10.0835,1,1.997,1,1.0051
"Sub058_ToD_Online","OA","Morning",1,"train1_tr.png",71,71,NA,NA,3.9257,94,0.124281232,-0.206838704,"Bckg61.jpg",127,104,107,3,1,1,106,127,71,191,165,127,"train1_tr.png",1,149,149,5.0485,1,3.0646,2,1.9611
"Sub058_ToD_Online","OA","Morning",1,"turtle1_tr.png",185,185,NA,NA,2.8308,94,-0.008421421,-0.241157944,"Bckg44.jpg",223,61,46,2,1,1,43,223,185,158,305,223,"turtle1_tr.png",1,182,182,11.4002,1,1.642,2,2.8018
"Sub058_ToD_Online","OA","Morning",1,"umbrella1_tr.png",64,64,NA,NA,1.2656,94,0.241157944,0.008421421,"Bckg50.jpg",134,101,7,1,1,1,27,134,64,344,85,134,"umbrella1_tr.png",1,448,88,7.9703,1,1.6496,1,1.427
"Sub058_ToD_Online","OA","Morning",1,"wagon1_tr.png",87,87,NA,NA,1.5668,94,0.223734044,-0.090394422,"Bckg47.jpg",95,38,108,3,1,1,87,95,87,36,143,95,"wagon1_tr.png",1,112,112,5.6005,1,1.6792,2,1.1609
"Sub058_ToD_Online","OA","Morning",1,"waterfilter1_tr.png",280,280,NA,NA,1.5497,94,0.179324518,-0.161464521,"Bckg123.jpg",115,56,93,3,1,1,97,115,280,232,286,115,"waterfilter1_tr.png",1,132,132,7.614,1,1.2087,1,1.0685
"Sub058_ToD_Online","OA","Morning",1,"wheelchair1_tr.png",180,180,NA,NA,8.5995,94,0.008421421,-0.241157944,"Bckg80.jpg",171,52,87,3,1,1,90,171,180,294,263,171,"wheelchair1_tr.png",1,178,178,11.6391,1,2.2378,1,1.7908
"Sub058_ToD_Online","OA","Morning",1,"wisk1_tr.png",150,150,NA,NA,2.9151,94,0.158310285,-0.18211515,"Bckg95.jpg",315,23,112,3,1,1,117,315,150,163,135,315,"wisk1_tr.png",1,139,139,3.6994,1,6.7748,2,1.4677
"Sub058_ToD_Online","OA","Morning",1,"woodenbox1_tr.png",209,209,NA,NA,3.23,94,0.18752916,0.151858119,"Bckg9.jpg",346,69,68,2,1,1,80,346,209,115,175,346,"woodenbox1_tr.png",1,51,51,6.0138,1,1.5633,2,2.767
"Sub058_ToD_Online","OA","Morning",1,"wreath1_tr.png",357,357,NA,NA,1.2509,94,-0.012628925,0.24097424,"Bckg71.jpg",229,98,85,3,1,1,116,229,357,97,101,229,"wreath1_tr.png",1,-3,357,8.5146,1,1.1817,1,0.9659
"Sub059_ToD_Online","OA","Morning",1,"airfreshener1_tr.png",360,0,-4.62175e-17,0.25159653,7.876,243,-0.004390965,0.251558211,"Bckg42.jpg",2,91,75,2,1,1,44,2,156,345,88,2,"airfreshener1_tr.png",1,359,359,3.62,1,1.872,1,1.2
"Sub059_ToD_Online","OA","Morning",1,"apple1_tr.png",471,111,0.234885596,-0.090164133,5.611,243,0.23327624,-0.094249719,"Bckg81.jpg",114,62,35,1,1,1,5,114,347,32,264,114,"apple1_tr.png",1,112,112,6.518,1,1.769,1,1.666
"Sub059_ToD_Online","OA","Morning",1,"asparagus1_tr.png",254,254,-0.241850107,-0.069349402,3.983,243,-0.245148127,-0.056596905,"Bckg134.jpg",263,47,54,2,1,1,61,263,290,137,190,263,"asparagus1_tr.png",1,-103,257,8.474,1,1.603,1,0.535
"Sub059_ToD_Online","OA","Morning",1,"bagel1_tr.png",247,247,-0.231595827,-0.098306596,4.905,243,-0.203545868,-0.14788473,"Bckg43.jpg",246,20,85,3,1,1,109,246,243,284,250,246,"bagel1_tr.png",1,234,234,4.29,1,1.96,1,0.451
"Sub059_ToD_Online","OA","Morning",1,"bandaid1_tr.png",245,245,-0.228023894,-0.106329288,5.598,243,-0.211006605,-0.137029291,"Bckg45.jpg",246,107,88,3,1,1,102,246,143,243,11,246,"bandaid1_tr.png",1,237,237,5.994,1,1.956,1,0.734
"Sub059_ToD_Online","OA","Morning",1,"basket1_tr.png",112,112,0.23327624,-0.094249719,4.212,243,0.222146551,-0.118117416,"Bckg24.jpg",110,8,120,3,1,1,84,110,14,332,96,110,"basket1_tr.png",1,478,118,5.65,1,1.539,1,0.484
"Sub059_ToD_Online","OA","Morning",1,"bbqmachine1_tr.png",171,171,0.039358369,-0.248498959,6.894,243,0.043689279,-0.247774213,"Bckg48.jpg",172,40,20,1,1,1,7,172,331,332,338,172,"bbqmachine1_tr.png",1,170,170,9.691,1,2.448,1,1.317
"Sub059_ToD_Online","OA","Morning",1,"bottleofwine1_tr.png",123,123,0.211006605,-0.137029291,3.431,243,0.177905612,-0.177905612,"Bckg29.jpg",126,71,50,2,1,1,55,126,55,131,270,126,"bottleofwine1_tr.png",1,135,135,4.913,1,1.239,1,0.547
"Sub059_ToD_Online","OA","Morning",1,"bow1_tr.png",529,169,0.048006881,-0.246973993,8.144,243,0.039358369,-0.248498959,"Bckg54.jpg",172,67,76,2,1,1,41,172,311,5,258,172,"bow1_tr.png",1,171,171,6.952,1,1.855,1,0.602
"Sub059_ToD_Online","OA","Morning",1,"bowlingpin1_tr.png",299,299,-0.220051283,0.121976418,4.229,243,-0.189882312,0.165062175,"Bckg34.jpg",301,48,99,3,1,1,94,301,219,51,324,301,"bowlingpin1_tr.png",1,-49,311,6.939,1,2.78,1,0.79
"Sub059_ToD_Online","OA","Morning",1,"breakfast1_tr.png",302,302,-0.213365958,0.133325848,4.929,243,-0.165062175,0.189882312,"Bckg89.jpg",300,3,73,2,1,1,78,300,348,149,173,300,"breakfast1_tr.png",1,319,319,7.4,1,2.435,1,0.601
"Sub059_ToD_Online","OA","Morning",1,"cabinet1_tr.png",357,357,-0.013167545,0.251251726,4.83,243,-0.017550487,0.250983653,"Bckg13.jpg",355,110,41,2,1,1,45,355,291,250,164,355,"cabinet1_tr.png",1,356,356,6.178,1,3.186,1,0.672
"Sub059_ToD_Online","OA","Morning",1,"cakemixer1_tr.png",256,256,-0.244123038,-0.060866709,7.294,243,-0.236423403,-0.086051081,"Bckg12.jpg",255,117,118,3,1,1,112,255,108,314,330,255,"cakemixer1_tr.png",1,250,250,4.085,1,1.412,1,0.96
"Sub059_ToD_Online","OA","Morning",1,"coat1_tr.png",449,89,0.251558211,0.004390965,5.029,243,0.251558211,0.004390965,"Bckg108.jpg",94,102,51,2,1,1,77,94,309,13,198,94,"coat1_tr.png",1,89,89,5.26,1,1.302,1,0.851
"Sub059_ToD_Online","OA","Morning",1,"coke1_tr.png",-29,331,-0.121976418,0.220051283,5.115,243,-0.165062175,0.189882312,"Bckg78.jpg",322,74,86,3,1,1,106,322,31,323,307,322,"coke1_tr.png",1,319,319,2.008,1,1.355,1,0.801
"Sub059_ToD_Online","OA","Morning",1,"cookie1_tr.png",198,198,-0.077747603,-0.239282519,2.697,243,-0.081911818,-0.237889193,"Bckg1.jpg",196,109,56,2,1,1,50,196,142,307,242,196,"cookie1_tr.png",1,199,199,7.035,1,3.111,1,0.582
"Sub059_ToD_Online","OA","Morning",1,"crayon1_tr.png",266,266,-0.250983653,-0.017550487,11.256,243,-0.251443264,-0.008780592,"Bckg87.jpg",267,33,39,1,1,1,3,267,220,22,283,267,"crayon1_tr.png",1,-92,268,6.435,1,2.338,1,1.133
"Sub059_ToD_Online","OA","Morning",1,"cucumber1_tr.png",450,90,0.25159653,6.16234e-17,6.644,243,0.250983653,0.017550487,"Bckg92.jpg",82,87,92,3,1,1,105,82,286,332,303,82,"cucumber1_tr.png",1,446,86,7.692,1,1.78,1,2.665
"Sub059_ToD_Online","OA","Morning",1,"dog1_tr.png",164,164,0.069349402,-0.241850107,5.679,243,0.060866709,-0.244123038,"Bckg23.jpg",167,111,68,2,1,1,74,167,16,26,214,167,"dog1_tr.png",1,166,166,6.85,1,1.539,1,0.551
"Sub059_ToD_Online","OA","Morning",1,"fireextinguisher1_tr.png",298,298,-0.222146551,0.118117416,3.482,243,-0.222146551,0.118117416,"Bckg88.jpg",294,85,22,1,1,1,10,294,212,94,215,294,"fireextinguisher1_tr.png",1,-62,298,8.423,1,1.92,1,0.736
"Sub059_ToD_Online","OA","Morning",1,"grater1_tr.png",221,221,-0.165062175,-0.189882312,3.103,243,-0.114222434,-0.22417415,"Bckg118.jpg",227,108,95,3,1,1,110,227,183,311,225,227,"grater1_tr.png",1,207,207,4.787,1,1.3,1,0.568
"Sub059_ToD_Online","OA","Morning",1,"hairdryer1_tr.png",68,68,0.23327624,0.094249719,5.762,243,0.231595827,0.098306596,"Bckg79.jpg",63,73,61,2,1,1,72,63,52,27,90,63,"hairdryer1_tr.png",1,67,67,8.382,1,1.534,1,0.719
"Sub059_ToD_Online","OA","Morning",1,"hammer1_tr.png",219,219,-0.158334827,-0.195527227,7.078,243,-0.171588421,-0.184006054,"Bckg138.jpg",237,118,1,1,1,1,11,237,139,321,245,237,"hammer1_tr.png",1,223,223,7.471,1,1.619,1,0.685
"Sub059_ToD_Online","OA","Morning",1,"highheel1_tr.png",118,118,0.222146551,-0.118117416,2.714,243,0.198260771,-0.154898291,"Bckg57.jpg",128,77,37,1,1,1,9,128,108,34,194,128,"highheel1_tr.png",1,128,128,6.027,1,2.28,1,1.051
"Sub059_ToD_Online","OA","Morning",1,"jackolantern1_tr.png",59,59,0.215660318,0.129581792,4.748,243,0.213365958,0.133325848,"Bckg21.jpg",51,93,105,3,1,1,103,51,161,66,118,51,"jackolantern1_tr.png",1,58,58,6.925,1,1.551,1,0.568
"Sub059_ToD_Online","OA","Morning",1,"jellybeans1_tr.png",593,233,-0.200933923,-0.151414572,6.611,243,-0.192734124,-0.161723132,"Bckg46.jpg",235,49,10,1,1,1,24,235,347,110,157,235,"jellybeans1_tr.png",1,230,230,6.942,1,2.461,1,1.434
"Sub059_ToD_Online","OA","Morning",1,"kite1_tr.png",181,181,-0.004390965,-0.251558211,4.83,243,-0.004390965,-0.251558211,"Bckg128.jpg",181,115,109,3,1,1,114,181,59,221,177,181,"kite1_tr.png",1,181,181,6.027,1,2.324,1,0.984
"Sub059_ToD_Online","OA","Morning",1,"mouthwash1_tr.png",-11,349,-0.048006881,0.246973993,6.568,243,-0.035015469,0.24914801,"Bckg109.jpg",352,100,93,3,1,1,81,352,115,250,226,352,"mouthwash1_tr.png",1,352,352,6.547,1,1.624,1,0.552
"Sub059_ToD_Online","OA","Morning",1,"oven1_tr.png",471,111,0.234885596,-0.090164133,5.924,243,0.231595827,-0.098306596,"Bckg55.jpg",111,9,4,1,1,1,38,111,305,27,70,111,"oven1_tr.png",1,113,113,6.091,1,2.415,1,0.816
"Sub059_ToD_Online","OA","Morning",1,"partyhats1_tr.png",411,51,0.195527227,0.158334827,7.244,243,0.129581792,0.215660318,"Bckg110.jpg",52,18,58,2,1,1,64,52,175,231,196,52,"partyhats1_tr.png",1,391,31,5.428,1,1.548,1,0.689
"Sub059_ToD_Online","OA","Morning",1,"penguin1_tr.png",433,73,0.240602958,0.073559706,4.929,243,0.236423403,0.086051081,"Bckg114.jpg",71,7,72,2,1,1,71,71,333,350,66,71,"penguin1_tr.png",1,430,70,4.848,1,2.704,1,0.638
"Sub059_ToD_Online","OA","Morning",1,"pickle1_tr.png",143,143,0.151414572,-0.200933923,4.046,243,0.102333528,-0.229844867,"Bckg66.jpg",150,83,36,1,1,1,28,150,65,78,256,150,"pickle1_tr.png",1,156,156,7.242,1,1.58,1,0.819
"Sub059_ToD_Online","OA","Morning",1,"pin1_tr.png",298,298,-0.222146551,0.118117416,2.698,243,-0.180983398,0.174773636,"Bckg59.jpg",300,82,15,1,1,1,31,300,260,88,40,300,"pin1_tr.png",1,-46,314,6.729,1,4.944,1,0.752
"Sub059_ToD_Online","OA","Morning",1,"pinecone1_tr.png",166,166,0.060866709,-0.244123038,4.113,243,0.039358369,-0.248498959,"Bckg10.jpg",167,55,11,1,1,1,39,167,204,167,102,167,"pinecone1_tr.png",1,171,171,4.446,1,1.623,1,0.869
"Sub059_ToD_Online","OA","Morning",1,"pizza1_tr.png",385,25,0.106329288,0.228023894,6.887,243,0.098306596,0.231595827,"Bckg83.jpg",31,80,14,1,1,1,21,31,153,237,175,31,"pizza1_tr.png",1,383,23,6.765,1,1.637,1,0.784
"Sub059_ToD_Online","OA","Morning",1,"podium1_tr.png",1,1,0.004390965,0.251558211,5.285,243,0.008780592,0.251443264,"Bckg75.jpg",356,113,103,3,1,1,108,356,73,322,182,356,"podium1_tr.png",1,362,2,3.431,1,2.453,1,1.001
"Sub059_ToD_Online","OA","Morning",1,"pokerchips1_tr.png",13,13,0.056596905,0.245148127,4.165,243,0.048006881,0.246973993,"Bckg127.jpg",11,88,52,2,1,1,67,11,51,229,63,11,"pokerchips1_tr.png",1,371,11,6.434,1,2.844,1,0.667
"Sub059_ToD_Online","OA","Morning",1,"popcorn1_tr.png",139,139,0.165062175,-0.189882312,5.995,243,0.110292659,-0.226133463,"Bckg76.jpg",144,15,38,1,1,1,14,144,211,30,310,144,"popcorn1_tr.png",1,154,154,4.679,1,1.927,1,0.517
"Sub059_ToD_Online","OA","Morning",1,"potatochips1_tr.png",374,14,0.060866709,0.244123038,5.646,243,0.077747603,0.239282519,"Bckg124.jpg",13,81,115,3,1,1,90,13,164,112,355,13,"potatochips1_tr.png",1,18,18,5.482,1,1.474,1,0.6
"Sub059_ToD_Online","OA","Morning",1,"present1_tr.png",181,181,-0.004390965,-0.251558211,5.546,243,1.54058e-17,-0.25159653,"Bckg121.jpg",184,46,87,3,1,1,118,184,45,118,188,184,"present1_tr.png",1,180,180,4.676,1,1.472,1,0.402
"Sub059_ToD_Online","OA","Morning",1,"scarf1_tr.png",269,269,-0.251558211,-0.004390965,5.279,243,-0.251443264,-0.008780592,"Bckg51.jpg",276,59,16,1,1,1,30,276,231,56,236,276,"scarf1_tr.png",1,268,268,10.023,1,2.038,1,0.668
"Sub059_ToD_Online","OA","Morning",1,"scrabble1_tr.png",380,20,0.086051081,0.236423403,6.891,243,0.077747603,0.239282519,"Bckg91.jpg",15,39,63,2,1,1,56,15,152,156,110,15,"scrabble1_tr.png",1,378,18,7.093,1,1.822,1,0.736
"Sub059_ToD_Online","OA","Morning",1,"seashell1_tr.png",198,198,-0.077747603,-0.239282519,2.883,243,-0.069349402,-0.241850107,"Bckg8.jpg",205,13,104,3,1,1,88,205,224,134,59,205,"seashell1_tr.png",1,196,196,7.494,1,1.979,1,0.477
"Sub059_ToD_Online","OA","Morning",1,"silvertray1_tr.png",287,287,-0.240602958,0.073559706,4.688,243,-0.243023586,-0.065117974,"Bckg64.jpg",288,6,55,2,1,1,54,288,241,343,248,288,"silvertray1_tr.png",1,255,255,5.208,1,6.462,1,1.291
"Sub059_ToD_Online","OA","Morning",1,"sink1_tr.png",181,181,-0.004390965,-0.251558211,5.18,243,-0.013167545,-0.251251726,"Bckg32.jpg",178,112,114,3,1,1,97,178,267,137,336,178,"sink1_tr.png",1,183,183,9.433,1,1.277,1,0.634
"Sub059_ToD_Online","OA","Morning",1,"sippycup1_tr.png",106,106,0.241850107,-0.069349402,3.412,243,0.246973993,-0.048006881,"Bckg105.jpg",107,106,67,2,1,1,42,107,24,15,204,107,"sippycup1_tr.png",1,101,101,4.179,1,2.951,1,1.44
"Sub059_ToD_Online","OA","Morning",1,"soccerball1_tr.png",48,48,0.186972659,0.168350939,3.815,243,0.171588421,0.184006054,"Bckg101.jpg",43,53,17,1,1,1,15,43,86,145,39,43,"soccerball1_tr.png",1,43,43,7.277,1,1.631,1,0.851
"Sub059_ToD_Online","OA","Morning",1,"spoon1_tr.png",523,163,0.073559706,-0.240602958,7.358,243,0.065117974,-0.243023586,"Bckg67.jpg",161,10,3,1,1,1,32,161,301,195,183,161,"spoon1_tr.png",1,165,165,7.243,1,3.306,1,0.569
"Sub059_ToD_Online","OA","Morning",1,"starfish1_tr.png",435,75,0.243023586,0.065117974,6.287,243,0.251251726,0.013167545,"Bckg106.jpg",77,54,59,2,1,1,80,77,197,61,78,77,"starfish1_tr.png",1,87,87,5.335,1,1.804,1,0.567
"Sub059_ToD_Online","OA","Morning",1,"steeringwheel1_tr.png",216,216,-0.14788473,-0.203545868,5.326,243,-0.177905612,-0.177905612,"Bckg62.jpg",229,90,101,3,1,1,82,229,132,225,181,229,"steeringwheel1_tr.png",1,225,225,3.147,1,1.307,1,0.701
"Sub059_ToD_Online","OA","Morning",1,"suit1_tr.png",265,265,-0.250639129,-0.021928082,3.98,243,-0.250639129,-0.021928082,"Bckg52.jpg",262,36,47,2,1,1,49,262,153,255,138,262,"suit1_tr.png",1,265,265,5.079,1,2.329,1,0.617
"Sub059_ToD_Online","OA","Morning",1,"telephonebooth1_tr.png",214,214,-0.140690994,-0.208582976,8.071,243,-0.121976418,-0.220051283,"Bckg107.jpg",214,63,31,1,1,1,2,214,64,281,300,214,"telephonebooth1_tr.png",1,209,209,7.439,1,1.73,1,1.052
"Sub059_ToD_Online","OA","Morning",1,"tractor1_tr.png",318,318,-0.168350939,0.186972659,5.677,243,-0.14788473,0.203545868,"Bckg63.jpg",316,86,65,2,1,1,75,316,132,20,87,316,"tractor1_tr.png",1,-36,324,4.054,1,1.526,1,0.785
"Sub059_ToD_Online","OA","Morning",1,"train1_tr.png",121,121,0.215660318,-0.129581792,7.043,243,0.211006605,-0.137029291,"Bckg61.jpg",127,104,110,3,1,1,113,127,71,191,165,127,"train1_tr.png",1,123,123,4.744,1,2.029,1,0.651
"Sub059_ToD_Online","OA","Morning",1,"trumpet1_tr.png",359,359,-0.004390965,0.251558211,3.564,243,-0.004390965,0.251558211,"Bckg130.jpg",355,58,2,1,1,1,34,355,313,133,32,355,"trumpet1_tr.png",1,-1,359,9.034,1,4.286,1,1.997
"Sub059_ToD_Online","OA","Morning",1,"umbrella1_tr.png",132,132,0.186972659,-0.168350939,3.03,243,0.161723132,-0.192734124,"Bckg50.jpg",134,101,70,2,1,1,59,134,64,344,85,134,"umbrella1_tr.png",1,500,140,6.496,1,1.729,1,0.651
"Sub059_ToD_Online","OA","Morning",1,"vacuum1_tr.png",477,117,0.22417415,-0.114222434,6.327,243,0.229844867,-0.102333528,"Bckg60.jpg",108,97,91,3,1,1,99,108,327,356,335,108,"vacuum1_tr.png",1,474,114,5.137,1,1.732,1,0.636
"Sub059_ToD_Online","OA","Morning",1,"washingmachine1_tr.png",336,336,-0.102333528,0.229844867,2.764,243,-0.106329288,0.228023894,"Bckg85.jpg",341,34,13,1,1,1,27,341,282,53,158,341,"washingmachine1_tr.png",1,-25,335,8.375,1,1.778,1,1.016
"Sub059_ToD_Online","OA","Morning",1,"watch1_tr.png",113,113,0.231595827,-0.098306596,5.13,243,0.220051283,-0.121976418,"Bckg117.jpg",119,43,100,3,1,1,92,119,181,237,158,119,"watch1_tr.png",1,119,119,6.266,1,1.899,1,0.535
"Sub060_ToD_Online","OA","Morning",1,"abacus1_tr.png",-65,295,-0.229413074,0.106977073,8.2032,116,NA,NA,"Bckg135.jpg",299,41,63,2,1,1,44,299,113,108,23,299,"abacus1_tr.png",1,108,108,1.419,1,2.1146,2,1.6338
"Sub060_ToD_Online","OA","Morning",1,"banana1_tr.png",51,51,0.196718429,0.159299443,7.7151,116,NA,NA,"Bckg93.jpg",44,114,73,2,1,1,61,44,233,78,338,44,"banana1_tr.png",1,78,78,4.5632,1,3.2182,1,1.8647
"Sub060_ToD_Online","OA","Morning",1,"bandaid1_tr.png",247,247,-0.233006768,-0.098905505,4.7362,116,-0.202158064,-0.152337028,"Bckg45.jpg",246,107,33,1,1,1,5,246,143,243,11,246,"bandaid1_tr.png",1,233,233,8.4816,1,3.3624,1,0.8807
"Sub060_ToD_Online","OA","Morning",1,"bathingsuit1_tr.png",303,303,-0.212292111,0.137864109,2.8808,116,-0.216974176,0.130371238,"Bckg19.jpg",288,65,53,2,1,1,49,288,311,51,176,288,"bathingsuit1_tr.png",1,-59,301,4.9801,1,1.6657,1,2.2569
"Sub060_ToD_Online","OA","Morning",1,"bell1_tr.png",323,323,-0.152337028,0.202158064,5.3294,116,-0.199468626,0.155841971,"Bckg36.jpg",349,78,4,1,1,1,8,349,287,282,294,349,"bell1_tr.png",1,308,308,8.9003,1,3.4739,1,0.9521
"Sub060_ToD_Online","OA","Morning",1,"binder1_tr.png",116,116,0.227511126,-0.11096459,6.0592,116,0.227511126,-0.11096459,"Bckg82.jpg",91,21,111,3,1,1,84,91,236,320,312,91,"binder1_tr.png",1,476,116,5.6872,1,4.3226,1,0.3646
"Sub060_ToD_Online","OA","Morning",1,"bird1_tr.png",52,52,0.199468626,0.155841971,4.0411,116,0.185127065,0.172633781,"Bckg2.jpg",39,72,82,3,1,1,94,39,118,137,33,39,"bird1_tr.png",1,47,47,5.9651,1,3.2756,1,0.549
"Sub060_ToD_Online","OA","Morning",1,"bow1_tr.png",161,161,0.082410846,-0.239338474,5.9916,116,-0.013247765,0.252782415,"Bckg54.jpg",172,67,2,1,1,1,27,172,311,5,258,172,"bow1_tr.png",1,-3,357,5.5772,1,2.0118,1,1.0999
"Sub060_ToD_Online","OA","Morning",1,"bowlingpin1_tr.png",303,303,-0.212292111,0.137864109,6.684,116,-0.225539876,-0.114918306,"Bckg34.jpg",301,48,36,1,1,1,30,301,219,51,324,301,"bowlingpin1_tr.png",1,-117,243,9.6606,1,4.1455,1,0.6697
"Sub060_ToD_Online","OA","Morning",1,"bowls1_tr.png",456,96,0.251742651,-0.026459219,7.6834,116,0.225539876,0.114918306,"Bckg103.jpg",76,79,76,2,1,1,80,76,238,207,139,76,"bowls1_tr.png",1,63,63,8.2509,1,1.8801,1,0.6816
"Sub060_ToD_Online","OA","Morning",1,"breakfast1_tr.png",286,286,-0.243323519,0.069771896,3.8457,116,-0.212292111,0.137864109,"Bckg89.jpg",300,3,94,3,1,1,115,300,348,149,173,300,"breakfast1_tr.png",1,303,303,7.3957,1,1.5649,1,0.3001
"Sub060_ToD_Online","OA","Morning",1,"cabinet1_tr.png",321,321,-0.159299443,0.196718429,3.1442,116,-0.134138103,0.214665838,"Bckg13.jpg",355,110,61,2,1,1,57,355,291,250,164,355,"cabinet1_tr.png",1,328,328,6.5458,1,1.5275,1,0.7033
"Sub060_ToD_Online","OA","Morning",1,"cakemixer1_tr.png",264,264,-0.251742651,-0.026459219,6.4528,116,NA,NA,"Bckg12.jpg",255,117,119,3,1,1,92,255,108,314,330,255,"cakemixer1_tr.png",1,314,314,1.603,1,2.2165,2,1.5197
"Sub060_ToD_Online","OA","Morning",1,"christmasstocking1_tr.png",498,138,0.169376575,-0.188111744,6.4154,116,NA,NA,"Bckg136.jpg",165,50,70,2,1,1,51,165,322,246,121,165,"christmasstocking1_tr.png",1,246,246,2.9646,1,1.9779,2,1.4884
"Sub060_ToD_Online","OA","Morning",1,"clock1_tr.png",136,136,0.175838401,-0.182085995,2.7005,116,NA,NA,"Bckg137.jpg",133,76,22,1,1,1,25,133,128,1,280,133,"clock1_tr.png",1,1,1,1.2159,1,2.2281,1,0.788
"Sub060_ToD_Online","OA","Morning",1,"coffeemug1_tr.png",311,311,-0.191039123,0.166067776,5.0354,116,NA,NA,"Bckg20.jpg",325,70,62,2,1,1,67,325,253,113,22,325,"coffeemug1_tr.png",1,113,113,2.4147,1,3.5118,2,0.3532
"Sub060_ToD_Online","OA","Morning",1,"coke1_tr.png",-39,321,-0.159299443,0.196718429,4.5465,116,-0.196718429,0.159299443,"Bckg78.jpg",322,74,25,1,1,1,3,322,31,323,307,322,"coke1_tr.png",1,309,309,4.2097,1,1.8873,1,1.1044
"Sub060_ToD_Online","OA","Morning",1,"cookie1_tr.png",210,210,-0.12656466,-0.219216422,6.6654,116,-0.178989459,-0.178989459,"Bckg1.jpg",196,109,47,2,1,1,65,196,142,307,242,196,"cookie1_tr.png",1,225,225,5.5579,1,2.3488,2,1.152
"Sub060_ToD_Online","OA","Morning",1,"cow1_tr.png",350,350,-0.043955445,0.249283717,7.1806,116,0.022061674,0.252166087,"Bckg113.jpg",352,24,104,3,1,1,82,352,172,11,137,352,"cow1_tr.png",1,5,5,3.6489,1,1.5513,1,0.333
"Sub060_ToD_Online","OA","Morning",1,"dress1_tr.png",441,81,0.250012878,0.03959815,7.3257,116,0.252782415,0.013247765,"Bckg96.jpg",83,51,1,1,1,1,29,83,239,71,9,83,"dress1_tr.png",1,87,87,5.3972,1,2.1488,1,0.7499
"Sub060_ToD_Online","OA","Morning",1,"eggs1_tr.png",86,86,0.25251271,0.017657409,6.9185,116,NA,NA,"Bckg132.jpg",84,28,37,1,1,1,22,84,124,265,170,84,"eggs1_tr.png",1,265,265,3.5131,1,3.1674,2,1.2032
"Sub060_ToD_Online","OA","Morning",1,"encyclopedia1_tr.png",-61,299,-0.221391892,0.12271953,8.2792,116,-0.209853717,-0.141548119,"Bckg72.jpg",286,11,57,2,1,1,76,286,151,110,236,286,"encyclopedia1_tr.png",1,236,236,8.3637,1,1.6239,2,1.1339
"Sub060_ToD_Online","OA","Morning",1,"fantacan1_tr.png",120,120,0.219216422,-0.12656466,5.3599,116,0.169376575,-0.188111744,"Bckg86.jpg",126,84,15,1,1,1,35,126,32,278,53,126,"fantacan1_tr.png",1,498,138,8.6175,1,4.0175,1,0.9018
"Sub060_ToD_Online","OA","Morning",1,"handsoap1_tr.png",432,72,0.240740289,0.078221262,4.8687,116,NA,NA,"Bckg73.jpg",74,57,67,2,1,1,70,74,352,41,5,74,"handsoap1_tr.png",1,41,41,2.1346,1,2.0171,1,0.5024
"Sub060_ToD_Online","OA","Morning",1,"hat1_tr.png",245,245,-0.229413074,-0.106977073,3.9843,116,-0.204785922,-0.148785681,"Bckg133.jpg",235,68,16,1,1,1,23,235,251,330,13,235,"hat1_tr.png",1,234,234,4.5481,1,2.2948,1,1.4484
"Sub060_ToD_Online","OA","Morning",1,"jackolantern1_tr.png",49,49,0.191039123,0.166067776,6.4052,116,0.188111744,0.169376575,"Bckg21.jpg",51,93,23,1,1,1,38,51,161,66,118,51,"jackolantern1_tr.png",1,48,48,5.7136,1,3.4725,1,1.2495
"Sub060_ToD_Online","OA","Morning",1,"mouthwash1_tr.png",-7,353,-0.030848704,0.251242532,7.5415,116,NA,NA,"Bckg109.jpg",352,100,116,3,1,1,86,352,115,250,226,352,"mouthwash1_tr.png",1,250,250,1.5031,1,2.1566,2,0.4709
"Sub060_ToD_Online","OA","Morning",1,"nailpolish1_tr.png",306,306,-0.204785922,0.148785681,7.2452,116,-0.188111744,0.169376575,"Bckg84.jpg",301,32,13,1,1,1,33,301,148,320,226,301,"nailpolish1_tr.png",1,312,312,5.8301,1,2.5075,2,2.7682
"Sub060_ToD_Online","OA","Morning",1,"oven1_tr.png",483,123,0.212292111,-0.137864109,6.8896,116,0.191039123,-0.166067776,"Bckg55.jpg",111,9,74,2,1,1,47,111,305,27,70,111,"oven1_tr.png",1,131,131,4.9976,1,1.6374,1,0.5019
"Sub060_ToD_Online","OA","Morning",1,"partyhats1_tr.png",47,47,0.185127065,0.172633781,5.9814,116,0.172633781,0.185127065,"Bckg110.jpg",52,18,77,2,1,1,55,52,175,231,196,52,"partyhats1_tr.png",1,43,43,7.0313,1,2.0866,1,0.4578
"Sub060_ToD_Online","OA","Morning",1,"penguin1_tr.png",425,65,0.229413074,0.106977073,4.2942,116,0.25251271,-0.017657409,"Bckg114.jpg",71,7,40,1,1,1,10,71,333,350,66,71,"penguin1_tr.png",1,454,94,6.1847,1,2.9538,1,0.6356
"Sub060_ToD_Online","OA","Morning",1,"pin1_tr.png",292,292,-0.234697419,0.094823912,5.3856,116,NA,NA,"Bckg59.jpg",300,82,30,1,1,1,14,300,260,88,40,300,"pin1_tr.png",1,88,88,1.8217,1,2.3599,2,1.1175
"Sub060_ToD_Online","OA","Morning",1,"pizza1_tr.png",45,45,0.178989459,0.178989459,5.1297,116,NA,NA,"Bckg83.jpg",31,80,101,3,1,1,83,31,153,237,175,31,"pizza1_tr.png",1,237,237,1.0706,1,1.7549,2,0.4848
"Sub060_ToD_Online","OA","Morning",1,"plant1_tr.png",227,227,-0.185127065,-0.172633781,5.0382,116,NA,NA,"Bckg116.jpg",229,75,107,3,1,1,107,229,191,233,122,229,"plant1_tr.png",1,233,233,0.957,1,1.8744,2,0.9498
"Sub060_ToD_Online","OA","Morning",1,"podium1_tr.png",-15,345,-0.065514689,0.244504148,4.6318,116,-0.12656466,0.219216422,"Bckg75.jpg",356,113,113,3,1,1,99,356,73,322,182,356,"podium1_tr.png",1,330,330,5.9978,1,2.0807,1,0.5517
"Sub060_ToD_Online","OA","Morning",1,"pokerchips1_tr.png",37,37,0.152337028,0.202158064,5.7866,116,-0.159299443,-0.196718429,"Bckg127.jpg",11,88,20,1,1,1,1,11,51,229,63,11,"pokerchips1_tr.png",1,219,219,6.1616,1,2.7127,2,0.8237
"Sub060_ToD_Online","OA","Morning",1,"popcorn1_tr.png",141,141,0.159299443,-0.196718429,6.6803,116,NA,NA,"Bckg76.jpg",144,15,118,3,1,1,111,144,211,30,310,144,"popcorn1_tr.png",1,30,30,1.3106,1,3.3024,2,0.4835
"Sub060_ToD_Online","OA","Morning",1,"present1_tr.png",185,185,-0.022061674,-0.252166087,7.9139,116,1.54997e-17,-0.25312932,"Bckg121.jpg",184,46,7,1,1,1,40,184,45,118,188,184,"present1_tr.png",1,180,180,8.26,1,5.6774,1,1.6196
"Sub060_ToD_Online","OA","Morning",1,"qtips1_tr.png",153,153,0.114918306,-0.225539876,5.9513,116,NA,NA,"Bckg129.jpg",171,92,46,2,1,1,53,171,235,155,124,171,"qtips1_tr.png",1,155,155,2.8468,1,1.6705,2,0.6252
"Sub060_ToD_Online","OA","Morning",1,"radish1_tr.png",217,217,-0.152337028,-0.202158064,5.0274,116,-0.162708391,-0.193908309,"Bckg112.jpg",221,14,93,3,1,1,117,221,203,64,59,221,"radish1_tr.png",1,-140,220,9.4313,1,3.0944,1,0.8514
"Sub060_ToD_Online","OA","Morning",1,"rubikscube1_tr.png",114,114,0.23124514,-0.10295697,4.6947,116,0.188111744,-0.169376575,"Bckg122.jpg",113,105,97,3,1,1,95,113,4,222,200,113,"rubikscube1_tr.png",1,132,132,5.9635,1,3.5396,1,0.4349
"Sub060_ToD_Online","OA","Morning",1,"scrabble1_tr.png",28,28,0.118837017,0.223499924,6.16,116,0.169376575,0.188111744,"Bckg91.jpg",15,39,85,3,1,1,102,15,152,156,110,15,"scrabble1_tr.png",1,402,42,13.0439,1,2.0454,1,0.672
"Sub060_ToD_Online","OA","Morning",1,"slide1_tr.png",42,42,0.169376575,0.188111744,3.3289,116,0.178989459,0.178989459,"Bckg94.jpg",44,44,52,2,1,1,62,44,4,217,28,44,"slide1_tr.png",1,405,45,6.9525,1,2.2375,1,0.4346
"Sub060_ToD_Online","OA","Morning",1,"soccerball1_tr.png",50,50,0.193908309,0.162708391,5.7468,116,0.185127065,0.172633781,"Bckg101.jpg",43,53,103,3,1,1,118,43,86,145,39,43,"soccerball1_tr.png",1,47,47,5.9068,1,1.8946,1,0.568
"Sub060_ToD_Online","OA","Morning",1,"starfish1_tr.png",81,81,0.250012878,0.03959815,5.9285,116,NA,NA,"Bckg106.jpg",77,54,102,3,1,1,88,77,197,61,78,77,"starfish1_tr.png",1,61,61,3.2796,1,1.6439,2,0.6851
"Sub060_ToD_Online","OA","Morning",1,"streamer1_tr.png",-21,339,-0.090713435,0.236316579,5.6129,116,-0.155841971,0.199468626,"Bckg4.jpg",338,35,89,3,1,1,104,338,69,290,195,338,"streamer1_tr.png",1,322,322,7.0656,1,2.7803,1,0.4868
"Sub060_ToD_Online","OA","Morning",1,"toad1_tr.png",386,26,0.11096459,0.227511126,5.0958,116,NA,NA,"Bckg65.jpg",25,27,80,2,1,1,77,25,278,24,220,25,"toad1_tr.png",1,24,24,1.9153,1,1.5863,2,0.505
"Sub060_ToD_Online","OA","Morning",1,"toaster1_tr.png",361,1,0.004417716,0.253090767,4.4171,116,NA,NA,"Bckg104.jpg",358,119,90,3,1,1,113,358,291,211,356,358,"toaster1_tr.png",1,211,211,0.9475,1,1.513,2,0.4956
"Sub060_ToD_Online","OA","Morning",1,"towels1_tr.png",204,204,-0.10295697,-0.23124514,4.5173,116,-0.202158064,-0.152337028,"Bckg115.jpg",193,37,69,2,1,1,78,193,106,21,53,193,"towels1_tr.png",1,-127,233,5.7915,1,2.3046,1,0.5034
"Sub060_ToD_Online","OA","Morning",1,"trophy1_tr.png",66,66,NA,NA,1.8912,116,NA,NA,"Bckg68.jpg",75,99,39,1,1,1,19,75,66,178,228,75,"trophy1_tr.png",1,178,178,5.9267,1,3.1784,2,3.3312
"Sub060_ToD_Online","OA","Morning",1,"trumpet1_tr.png",339,339,-0.090713435,0.236316579,3.5076,116,0.004417716,0.253090767,"Bckg130.jpg",355,58,55,2,1,1,43,355,313,133,32,355,"trumpet1_tr.png",1,361,1,8.5286,1,5.3486,1,0.8175
"Sub060_ToD_Online","OA","Morning",1,"valentinesdaycard1_tr.png",328,328,-0.134138103,0.214665838,6.3978,116,NA,NA,"Bckg111.jpg",338,26,50,2,1,1,72,338,234,203,108,338,"valentinesdaycard1_tr.png",1,203,203,1.4113,1,2.5159,2,0.6526
"Sub060_ToD_Online","OA","Morning",1,"vegeplatter1_tr.png",254,254,-0.243323519,-0.069771896,5.5845,116,-0.229413074,-0.106977073,"Bckg70.jpg",246,30,75,2,1,1,68,246,122,321,75,246,"vegeplatter1_tr.png",1,245,245,4.0895,1,2.378,1,0.3888
"Sub060_ToD_Online","OA","Morning",1,"wisk1_tr.png",-40,320,-0.162708391,0.193908309,7.8715,116,NA,NA,"Bckg95.jpg",315,23,120,3,1,1,103,315,150,163,135,315,"wisk1_tr.png",1,163,163,4.6988,1,1.229,2,0.5011
"Sub060_ToD_Online","OA","Morning",1,"woodenbox1_tr.png",333,333,-0.114918306,0.225539876,7.3672,116,-0.137864109,0.212292111,"Bckg9.jpg",346,69,99,3,1,1,106,346,209,115,175,346,"woodenbox1_tr.png",1,-33,327,6.9307,1,1.3236,1,0.395
"Sub061_ToD_Online","YA","Morning",1,"abacus1_tr.png",-69,291,-0.236929857,0.090948851,17.7551,132,-0.231845258,-0.103224159,"Bckg135.jpg",299,41,112,3,1,1,105,299,113,108,23,299,"abacus1_tr.png",1,-114,246,22.5591,1,1.0721,1,2.1562
"Sub061_ToD_Online","YA","Morning",1,"bagel1_tr.png",241,241,-0.221966438,-0.123038006,1.2613,132,-0.163130644,-0.194411531,"Bckg43.jpg",246,20,116,3,1,1,107,246,243,284,250,246,"bagel1_tr.png",1,220,220,6.656,1,1.2479,1,0.4049
"Sub061_ToD_Online","YA","Morning",1,"banana1_tr.png",407,47,0.185607499,0.173081793,17.5493,132,0.235306495,0.095069995,"Bckg93.jpg",44,114,36,1,1,1,4,44,233,78,338,44,"banana1_tr.png",1,68,68,2.2642,1,1.648,1,1.1991
"Sub061_ToD_Online","YA","Morning",1,"bathingsuit1_tr.png",293,293,-0.233611456,0.09916218,2.7365,132,-0.253747577,-0.00442918,"Bckg19.jpg",288,65,104,3,1,1,92,288,311,51,176,288,"bathingsuit1_tr.png",1,-91,269,13.9234,1,1.2395,1,0.4098
"Sub061_ToD_Online","YA","Morning",1,"bed1_tr.png",234,234,-0.205317373,-0.149171803,11.4483,132,-0.185607499,-0.173081793,"Bckg77.jpg",245,120,102,3,1,1,103,245,138,143,160,245,"bed1_tr.png",1,227,227,10.1561,1,1.4221,1,0.8287
"Sub061_ToD_Online","YA","Morning",1,"bell1_tr.png",331,331,-0.123038006,0.221966438,5.9903,132,-0.008857012,0.25363163,"Bckg36.jpg",349,78,43,2,1,1,80,349,287,282,294,349,"bell1_tr.png",1,358,358,9.4515,1,1.0518,1,0.7858
"Sub061_ToD_Online","YA","Morning",1,"bowls1_tr.png",418,58,0.215222929,0.134486212,17.4541,132,0.207889509,0.145565801,"Bckg103.jpg",76,79,44,2,1,1,63,76,238,207,139,76,"bowls1_tr.png",1,55,55,16.5783,1,1.2328,1,0.7877
"Sub061_ToD_Online","YA","Morning",1,"boxinggloves1_tr.png",261,261,-0.2506617,-0.039700913,12.4021,132,-0.253438425,-0.013282145,"Bckg131.jpg",276,95,1,1,1,1,32,276,159,125,149,276,"boxinggloves1_tr.png",1,267,267,17.0186,1,1.5475,1,0.842
"Sub061_ToD_Online","YA","Morning",1,"cabinet1_tr.png",353,353,-0.030928761,0.251894546,7.4014,132,-0.035320217,0.2513164,"Bckg13.jpg",355,110,9,1,1,1,2,355,291,250,164,355,"cabinet1_tr.png",1,352,352,10.2987,1,1.1202,1,0.391
"Sub061_ToD_Online","YA","Morning",1,"coat1_tr.png",109,109,0.239959595,-0.082624715,21.158,132,0.249123462,0.048424696,"Bckg108.jpg",94,102,45,2,1,1,73,94,309,13,198,94,"coat1_tr.png",1,79,79,8.8117,1,1.5123,1,0.4127
"Sub061_ToD_Online","YA","Morning",1,"coffeemug1_tr.png",315,315,-0.179453964,0.179453964,6.7094,132,-0.212843042,0.138221887,"Bckg20.jpg",325,70,26,1,1,1,19,325,253,113,22,325,"coffeemug1_tr.png",1,303,303,20.2808,1,1.5476,1,1.1901
"Sub061_ToD_Online","YA","Morning",1,"coke1_tr.png",-39,321,-0.15971285,0.197228944,7.2308,132,NA,NA,"Bckg78.jpg",322,74,117,3,1,1,83,322,31,323,307,322,"coke1_tr.png",1,323,323,0.5367,1,2.0035,2,0.5961
"Sub061_ToD_Online","YA","Morning",1,"cookie1_tr.png",208,208,-0.119145418,-0.224079941,8.3268,132,-0.00442918,-0.253747577,"Bckg1.jpg",196,109,83,3,1,1,120,196,142,307,242,196,"cookie1_tr.png",1,181,181,12.3193,1,1.268,1,0.7921
"Sub061_ToD_Online","YA","Morning",1,"crayon1_tr.png",270,270,-0.25378623,-3.10798e-17,11.542,132,-0.25363163,0.008857012,"Bckg87.jpg",267,33,46,2,1,1,72,267,220,22,283,267,"crayon1_tr.png",1,-88,272,12.8811,1,1.9456,1,0.3958
"Sub061_ToD_Online","YA","Morning",1,"fantacan1_tr.png",126,126,0.205317373,-0.149171803,9.5185,132,0.188599924,-0.169816134,"Bckg86.jpg",126,84,103,3,1,1,88,126,32,278,53,126,"fantacan1_tr.png",1,132,132,14.7385,1,0.8853,1,0.0126
"Sub061_ToD_Online","YA","Morning",1,"fireextinguisher1_tr.png",288,288,-0.241365048,0.078424258,9.9707,132,-0.219785322,0.126893115,"Bckg88.jpg",294,85,10,1,1,1,36,294,212,94,215,294,"fireextinguisher1_tr.png",1,-60,300,15.7688,1,1.6113,1,1.4373
"Sub061_ToD_Online","YA","Morning",1,"goggle1_tr.png",41,41,0.166498748,0.191534899,12.3938,132,0.21039832,0.141915459,"Bckg120.jpg",25,96,66,2,1,1,66,25,157,292,131,25,"goggle1_tr.png",1,416,56,12.6586,1,1.0851,2,1.1888
"Sub061_ToD_Online","YA","Morning",1,"granola1_tr.png",188,188,-0.035320217,-0.2513164,9.6327,132,-0.061396446,-0.246247694,"Bckg49.jpg",191,103,17,1,1,1,35,191,262,206,48,191,"granola1_tr.png",1,194,194,4.4821,1,0.9355,1,0.8139
"Sub061_ToD_Online","YA","Morning",1,"handbag1_tr.png",427,67,0.233611456,0.09916218,14.8373,132,0.228101553,0.111252561,"Bckg97.jpg",66,94,51,2,1,1,67,66,275,244,269,66,"handbag1_tr.png",1,424,64,18.1182,1,1.779,1,0.7817
"Sub061_ToD_Online","YA","Morning",1,"handsoap1_tr.png",428,68,0.235306495,0.095069995,8.978,132,0.252820497,0.022118927,"Bckg73.jpg",74,57,14,1,1,1,21,74,352,41,5,74,"handsoap1_tr.png",1,85,85,8.8873,1,1.6057,1,1.2002
"Sub061_ToD_Online","YA","Morning",1,"highheel1_tr.png",128,128,0.199986278,-0.156246405,3.7929,132,0.119145418,-0.224079941,"Bckg57.jpg",128,77,5,1,1,1,12,128,108,34,194,128,"highheel1_tr.png",1,152,152,12.1489,1,2.8693,1,0.7995
"Sub061_ToD_Online","YA","Morning",1,"hotdog1_tr.png",153,153,0.115216537,-0.226125187,16.7245,132,-0.145565801,-0.207889509,"Bckg126.jpg",152,42,108,3,1,1,115,152,327,275,320,152,"hotdog1_tr.png",1,215,215,6.5559,1,1.076,1,0.3988
"Sub061_ToD_Online","YA","Morning",1,"jackolantern1_tr.png",55,55,0.207889509,0.145565801,10.4635,132,0.205317373,0.149171803,"Bckg21.jpg",51,93,93,3,1,1,109,51,161,66,118,51,"jackolantern1_tr.png",1,54,54,2.0355,1,1.4325,1,0.5935
"Sub061_ToD_Online","YA","Morning",1,"kite1_tr.png",181,181,-0.00442918,-0.253747577,15.0017,132,-0.00442918,-0.253747577,"Bckg128.jpg",181,115,6,1,1,1,16,181,59,221,177,181,"kite1_tr.png",1,181,181,5.9725,1,1.4158,1,0.9918
"Sub061_ToD_Online","YA","Morning",1,"lei1_tr.png",46,46,0.182558536,0.176294729,16.4698,132,0.219785322,0.126893115,"Bckg119.jpg",49,5,3,1,1,1,17,49,174,32,226,49,"lei1_tr.png",1,60,60,4.1149,1,1.4164,1,1.4009
"Sub061_ToD_Online","YA","Morning",1,"lemon1_tr.png",393,33,0.138221887,0.212843042,12.694,132,0.09916218,-0.233611456,"Bckg99.jpg",20,66,86,3,1,1,112,20,265,285,180,20,"lemon1_tr.png",1,157,157,13.5799,1,1.2812,1,0.2075
"Sub061_ToD_Online","YA","Morning",1,"loaf1_tr.png",461,101,0.249123462,-0.048424696,12.1183,132,0.246247694,-0.061396446,"Bckg90.jpg",101,25,109,3,1,1,84,101,357,138,325,101,"loaf1_tr.png",1,104,104,6.6898,1,1.8031,1,0.403
"Sub061_ToD_Online","YA","Morning",1,"paintpalette1_tr.png",257,257,-0.247281705,-0.05708948,5.8144,132,-0.248240392,-0.052765124,"Bckg56.jpg",259,16,96,3,1,1,104,259,311,154,192,259,"paintpalette1_tr.png",1,258,258,14.0252,1,1.071,1,0.5964
"Sub061_ToD_Online","YA","Morning",1,"pan1_tr.png",131,131,0.191534899,-0.166498748,4.9918,132,0.176294729,-0.182558536,"Bckg58.jpg",133,116,53,2,1,1,52,133,89,30,229,133,"pan1_tr.png",1,136,136,10.7026,1,2.1418,1,0.9062
"Sub061_ToD_Online","YA","Morning",1,"partyhats1_tr.png",69,69,0.236929857,0.090948851,11.9745,132,-0.230008436,0.107254695,"Bckg110.jpg",52,18,70,2,1,1,59,52,175,231,196,52,"partyhats1_tr.png",1,295,295,6.3631,1,1.245,2,0.4074
"Sub061_ToD_Online","YA","Morning",1,"pin1_tr.png",294,294,-0.231845258,0.103224159,5.1646,132,-0.224079941,0.119145418,"Bckg59.jpg",300,82,21,1,1,1,40,300,260,88,40,300,"pin1_tr.png",1,-62,298,14.929,1,1.4222,1,1.0094
"Sub061_ToD_Online","YA","Morning",1,"pinecone1_tr.png",160,160,0.086800003,-0.238481048,5.7994,132,0.138221887,-0.212843042,"Bckg10.jpg",167,55,47,2,1,1,64,167,204,167,102,167,"pinecone1_tr.png",1,147,147,4.2685,1,1.2398,1,0.8642
"Sub061_ToD_Online","YA","Morning",1,"pizza1_tr.png",383,23,0.09916218,0.233611456,22.0842,132,-0.179453964,0.179453964,"Bckg83.jpg",31,80,31,1,1,1,11,31,153,237,175,31,"pizza1_tr.png",1,315,315,10.7624,1,1.0791,1,1.5721
"Sub061_ToD_Online","YA","Morning",1,"popcorn1_tr.png",137,137,0.173081793,-0.185607499,11.0597,132,0.061396446,-0.246247694,"Bckg76.jpg",144,15,30,1,1,1,33,144,211,30,310,144,"popcorn1_tr.png",1,166,166,13.3143,1,1.7711,2,1.0657
"Sub061_ToD_Online","YA","Morning",1,"present1_tr.png",185,185,-0.022118927,-0.252820497,13.524,132,-0.017703232,-0.253168019,"Bckg121.jpg",184,46,107,3,1,1,95,184,45,118,188,184,"present1_tr.png",1,184,184,9.9732,1,1.4661,1,0.6169
"Sub061_ToD_Online","YA","Morning",1,"sippycup1_tr.png",110,110,0.238481048,-0.086800003,8.5873,132,0.233611456,-0.09916218,"Bckg105.jpg",107,106,92,3,1,1,91,107,24,15,204,107,"sippycup1_tr.png",1,113,113,10.4257,1,1.5881,1,0.3924
"Sub061_ToD_Online","YA","Morning",1,"spoon1_tr.png",159,159,0.090948851,-0.236929857,15.4325,132,0.090948851,-0.236929857,"Bckg67.jpg",161,10,62,2,1,1,45,161,301,195,183,161,"spoon1_tr.png",1,159,159,7.2092,1,1.2373,1,1.2118
"Sub061_ToD_Online","YA","Morning",1,"starfish1_tr.png",77,77,0.247281705,0.05708948,14.3868,132,0.247281705,0.05708948,"Bckg106.jpg",77,54,76,2,1,1,71,77,197,61,78,77,"starfish1_tr.png",1,77,77,3.7494,1,1.2404,1,0.7985
"Sub061_ToD_Online","YA","Morning",1,"steeringwheel1_tr.png",216,216,-0.149171803,-0.205317373,9.4333,132,-0.207889509,-0.145565801,"Bckg62.jpg",229,90,13,1,1,1,9,229,132,225,181,229,"steeringwheel1_tr.png",1,235,235,3.9966,1,0.9423,1,0.5806
"Sub061_ToD_Online","YA","Morning",1,"sunglasses1_tr.png",393,33,0.138221887,0.212843042,10.4083,132,0.230008436,0.107254695,"Bckg11.jpg",27,29,119,3,1,1,87,27,287,111,147,27,"sunglasses1_tr.png",1,65,65,5.2058,1,1.8078,1,0.3946
"Sub061_ToD_Online","YA","Morning",1,"tennisball1_tr.png",382,22,0.095069995,0.235306495,11.4068,132,-0.026527885,0.252395962,"Bckg125.jpg",15,31,50,2,1,1,42,15,270,276,311,15,"tennisball1_tr.png",1,354,354,12.5454,1,1.2308,1,0.7721
"Sub061_ToD_Online","YA","Morning",1,"tissuebox1_tr.png",-7,353,-0.030928761,0.251894546,10.1165,132,-4.66198e-17,0.25378623,"Bckg98.jpg",1,12,81,3,1,1,116,1,95,272,311,1,"tissuebox1_tr.png",1,360,0,8.8822,1,0.8865,1,0.6716
"Sub061_ToD_Online","YA","Morning",1,"towels1_tr.png",202,202,-0.095069995,-0.235306495,12.1896,132,-0.197228944,0.15971285,"Bckg115.jpg",193,37,73,2,1,1,50,193,106,21,53,193,"towels1_tr.png",1,-51,309,7.965,1,1.2879,2,0.4291
"Sub061_ToD_Online","YA","Morning",1,"train1_tr.png",117,117,0.226125187,-0.115216537,5.4264,132,NA,NA,"Bckg61.jpg",127,104,56,2,1,1,48,127,71,191,165,127,"train1_tr.png",1,191,191,1.5078,1,1.9615,2,0.4174
"Sub061_ToD_Online","YA","Morning",1,"trumpet1_tr.png",353,353,-0.030928761,0.251894546,4.4511,132,0.013282145,0.253438425,"Bckg130.jpg",355,58,16,1,1,1,14,355,313,133,32,355,"trumpet1_tr.png",1,3,3,15.8909,1,1.4094,1,0.8202
"Sub061_ToD_Online","YA","Morning",1,"umbrella1_tr.png",126,126,0.205317373,-0.149171803,7.6372,132,0.194411531,-0.163130644,"Bckg50.jpg",134,101,35,1,1,1,28,134,64,344,85,134,"umbrella1_tr.png",1,490,130,17.2731,1,1.9734,1,0.7895
"Sub061_ToD_Online","YA","Morning",1,"wagon1_tr.png",93,93,0.253438425,-0.013282145,2.1808,132,0.169816134,0.188599924,"Bckg47.jpg",95,38,54,2,1,1,53,95,87,36,143,95,"wagon1_tr.png",1,42,42,2.5101,1,1.9459,2,0.5901
"Sub061_ToD_Online","YA","Morning",1,"watch1_tr.png",121,121,0.217537258,-0.130709571,6.8641,132,0.217537258,0.130709571,"Bckg117.jpg",119,43,77,2,1,1,77,119,181,237,158,119,"watch1_tr.png",1,419,59,18.1377,1,1.4164,1,1.1735
"Sub061_ToD_Online","YA","Morning",1,"wisk1_tr.png",316,316,-0.176294729,0.182558536,17.893,132,-0.130709571,-0.217537258,"Bckg95.jpg",315,23,113,3,1,1,89,315,150,163,135,315,"wisk1_tr.png",1,211,211,6.7769,1,1.3085,1,0.2043
"Sub062_ToD_Online","YA","Night",1,"airfreshener1_tr.png",-16,344,-0.063193058,0.220380385,4.8489,14,0.011998625,0.228947395,"Bckg42.jpg",2,91,60,2,1,1,49,2,156,345,88,2,"airfreshener1_tr.png",1,363,3,1.5465,1,0.9987,1,0.9035
"Sub062_ToD_Online","YA","Night",1,"apple1_tr.png",473,113,0.211036406,-0.08957964,2.9665,14,0.202425969,-0.107631797,"Bckg81.jpg",114,62,8,1,1,1,6,114,347,32,264,114,"apple1_tr.png",1,118,118,2.3953,1,1.4171,1,1.3195
"Sub062_ToD_Online","YA","Night",1,"asparagus1_tr.png",266,266,-0.22870312,-0.01599248,1.9006,14,-0.183096447,-0.137973069,"Bckg134.jpg",263,47,12,1,1,1,13,263,290,137,190,263,"asparagus1_tr.png",1,233,233,2.4514,1,1.1533,1,0.7043
"Sub062_ToD_Online","YA","Night",1,"bagel1_tr.png",245,245,-0.207781564,-0.096890135,0.7517,14,-0.224251674,-0.047666165,"Bckg43.jpg",246,20,71,2,1,1,77,246,243,284,250,246,"bagel1_tr.png",1,258,258,1.5346,1,1.0077,1,0.667
"Sub062_ToD_Online","YA","Night",1,"bandaid1_tr.png",251,251,-0.216771092,-0.074640273,3.0982,14,-0.150409136,-0.173025918,"Bckg45.jpg",246,107,24,1,1,1,20,246,143,243,11,246,"bandaid1_tr.png",1,221,221,1.8372,1,2.3009,1,0.6031
"Sub062_ToD_Online","YA","Night",1,"bbqmachine1_tr.png",165,165,0.059337266,-0.221449691,3.4257,14,-0.055463398,-0.222451541,"Bckg48.jpg",172,40,52,2,1,1,64,172,331,332,338,172,"bbqmachine1_tr.png",1,194,194,3.4079,1,1.1402,1,0.8013
"Sub062_ToD_Online","YA","Night",1,"bell1_tr.png",347,347,-0.051572636,0.22338563,1.68,14,-0.170374564,0.153405947,"Bckg36.jpg",349,78,2,1,1,1,32,349,287,282,294,349,"bell1_tr.png",1,312,312,1.6165,1,1.8159,1,1.1099
"Sub062_ToD_Online","YA","Night",1,"binder1_tr.png",88,88,0.22912193,0.008001114,3.8628,14,0.228005671,0.023964362,"Bckg82.jpg",91,21,117,3,1,1,99,91,236,320,312,91,"binder1_tr.png",1,444,84,3.1794,1,1.0037,1,0.7617
"Sub062_ToD_Online","YA","Night",1,"bottleofwine1_tr.png",123,123,0.192274948,-0.124864811,1.6714,14,0.22838918,-0.019981464,"Bckg29.jpg",126,71,4,1,1,1,27,126,55,131,270,126,"bottleofwine1_tr.png",1,95,95,1.6821,1,0.8704,2,0.6265
"Sub062_ToD_Online","YA","Night",1,"bow1_tr.png",169,169,0.043745174,-0.225049409,4.2916,14,-0.104082584,-0.204273572,"Bckg54.jpg",172,67,59,2,1,1,72,172,311,5,258,172,"bow1_tr.png",1,-153,207,3.4331,1,1.0004,1,0.6368
"Sub062_ToD_Online","YA","Night",1,"bowlingpin1_tr.png",287,287,-0.219243949,0.067029602,6.2496,14,-0.183096447,0.137973069,"Bckg34.jpg",301,48,96,3,1,1,120,301,219,51,324,301,"bowlingpin1_tr.png",1,-53,307,4.4183,1,1.4001,1,1.5289
"Sub062_ToD_Online","YA","Night",1,"breakfast1_tr.png",306,306,-0.185476522,0.134756582,1.54,14,-0.162112425,0.162112425,"Bckg89.jpg",300,3,16,1,1,1,7,300,348,149,173,300,"breakfast1_tr.png",1,315,315,3.8203,1,0.8817,1,0.6178
"Sub062_ToD_Online","YA","Night",1,"cakemixer1_tr.png",250,250,-0.215435424,-0.078412082,3.861,14,-0.222451541,-0.055463398,"Bckg12.jpg",255,117,108,3,1,1,111,255,108,314,330,255,"cakemixer1_tr.png",1,256,256,1.9809,1,1.0865,1,0.6123
"Sub062_ToD_Online","YA","Night",1,"coffeemug1_tr.png",321,321,-0.144278993,0.178169719,1.9076,14,NA,NA,"Bckg20.jpg",325,70,10,1,1,1,11,325,253,113,22,325,"coffeemug1_tr.png",1,113,113,0.88,1,1.1913,2,0.5372
"Sub062_ToD_Online","YA","Night",1,"cookie1_tr.png",206,206,-0.100501666,-0.206058952,1.5261,14,-0.067029602,-0.219243949,"Bckg1.jpg",196,109,7,1,1,1,24,196,142,307,242,196,"cookie1_tr.png",1,197,197,3.1115,1,1.3458,1,0.7089
"Sub062_ToD_Online","YA","Night",1,"cucumber1_tr.png",440,80,0.225778591,0.039810857,3.9117,14,0.22912193,-0.008001114,"Bckg92.jpg",82,87,18,1,1,1,36,82,286,332,303,82,"cucumber1_tr.png",1,452,92,3.1508,1,1.2163,1,0.9019
"Sub062_ToD_Online","YA","Night",1,"dress1_tr.png",89,89,0.229226672,0.004001166,3.7044,14,0.22338563,0.051572636,"Bckg96.jpg",83,51,104,3,1,1,110,83,239,71,9,83,"dress1_tr.png",1,77,77,1.8621,1,1.2169,1,0.725
"Sub062_ToD_Online","YA","Night",1,"fantacan1_tr.png",124,124,0.190066472,-0.128201454,1.7749,14,NA,NA,"Bckg86.jpg",126,84,47,2,1,1,48,126,32,278,53,126,"fantacan1_tr.png",1,278,278,0.6531,1,2.1967,2,0.3613
"Sub062_ToD_Online","YA","Night",1,"goggle1_tr.png",39,39,0.144278993,0.178169719,3.0018,14,0.107631797,0.202425969,"Bckg120.jpg",25,96,55,2,1,1,42,25,157,292,131,25,"goggle1_tr.png",1,388,28,2.9751,1,1.3035,1,0.7593
"Sub062_ToD_Online","YA","Night",1,"hammer1_tr.png",237,237,-0.192274948,-0.124864811,2.8297,14,-0.1878001,-0.131499046,"Bckg138.jpg",237,118,114,3,1,1,94,237,139,321,245,237,"hammer1_tr.png",1,235,235,2.5624,1,1.0634,1,0.7012
"Sub062_ToD_Online","YA","Night",1,"handsoap1_tr.png",432,72,0.218040729,0.070845727,2.1672,14,0.200516705,0.111148224,"Bckg73.jpg",74,57,11,1,1,1,2,74,352,41,5,74,"handsoap1_tr.png",1,61,61,1.8043,1,0.8624,1,0.8252
"Sub062_ToD_Online","YA","Night",1,"jackolantern1_tr.png",53,53,0.183096447,0.137973069,3.6815,14,0.190066472,0.128201454,"Bckg21.jpg",51,93,46,2,1,1,73,51,161,66,118,51,"jackolantern1_tr.png",1,56,56,1.357,1,2.7241,1,0.9656
"Sub062_ToD_Online","YA","Night",1,"kite1_tr.png",189,189,-0.035864414,-0.226438999,3.0157,14,NA,NA,"Bckg128.jpg",181,115,44,2,1,1,65,181,59,221,177,181,"kite1_tr.png",1,221,221,1.0914,1,1.1887,2,0.5982
"Sub062_ToD_Online","YA","Night",1,"motorcycle1_tr.png",258,258,-0.224251674,-0.047666165,2.4969,14,-0.22838918,-0.019981464,"Bckg100.jpg",260,4,73,2,1,1,50,260,342,17,98,260,"motorcycle1_tr.png",1,-95,265,2.7014,1,1.3578,1,0.5783
"Sub062_ToD_Online","YA","Night",1,"mouthwash1_tr.png",-5,355,-0.019981464,0.22838918,3.7496,14,0.215435424,0.078412082,"Bckg109.jpg",352,100,20,1,1,1,19,352,115,250,226,352,"mouthwash1_tr.png",1,70,70,3.9347,1,1.0713,1,0.7208
"Sub062_ToD_Online","YA","Night",1,"nailpolish1_tr.png",308,308,-0.180660598,0.141147529,3.4618,14,-0.202425969,0.107631797,"Bckg84.jpg",301,32,80,2,1,1,79,301,148,320,226,301,"nailpolish1_tr.png",1,298,298,1.4623,1,1.095,1,0.6198
"Sub062_ToD_Online","YA","Night",1,"pan1_tr.png",123,123,0.192274948,-0.124864811,1.9545,14,0.194424855,-0.121490133,"Bckg58.jpg",133,116,41,2,1,1,58,133,89,30,229,133,"pan1_tr.png",1,122,122,3.1447,1,1.0765,1,0.6464
"Sub062_ToD_Online","YA","Night",1,"partyhats1_tr.png",55,55,0.1878001,0.131499046,2.9772,14,0.178169719,0.144278993,"Bckg110.jpg",52,18,98,3,1,1,87,52,175,231,196,52,"partyhats1_tr.png",1,51,51,3.8006,1,1.6878,1,0.7868
"Sub062_ToD_Online","YA","Night",1,"pinecone1_tr.png",162,162,0.070845727,-0.218040729,2.254,14,0.051572636,-0.22338563,"Bckg10.jpg",167,55,35,1,1,1,12,167,204,167,102,167,"pinecone1_tr.png",1,167,167,1.5089,1,1.0818,2,0.5492
"Sub062_ToD_Online","YA","Night",1,"pizza1_tr.png",49,49,0.173025918,0.150409136,2.8654,14,0.167671312,0.156356028,"Bckg83.jpg",31,80,58,2,1,1,68,31,153,237,175,31,"pizza1_tr.png",1,47,47,4.1343,1,1.774,1,0.7057
"Sub062_ToD_Online","YA","Night",1,"potatochips1_tr.png",16,16,0.063193058,0.220380385,3.6611,14,0.100501666,0.206058952,"Bckg124.jpg",13,81,86,3,1,1,108,13,164,112,355,13,"potatochips1_tr.png",1,26,26,2.39,1,0.8852,1,0.6526
"Sub062_ToD_Online","YA","Night",1,"rollingpin1_tr.png",-136,224,-0.159258483,-0.164916986,3.3173,14,-0.190066472,-0.128201454,"Bckg69.jpg",228,89,94,3,1,1,84,228,12,120,126,228,"rollingpin1_tr.png",1,236,236,2.9508,1,1.1626,1,0.5868
"Sub062_ToD_Online","YA","Night",1,"skippingrope1_tr.png",65,65,0.207781564,0.096890135,1.5525,14,0.216771092,0.074640273,"Bckg7.jpg",60,45,17,1,1,1,34,60,87,213,277,60,"skippingrope1_tr.png",1,71,71,3.7957,1,1.0371,1,0.7147
"Sub062_ToD_Online","YA","Night",1,"steeringwheel1_tr.png",236,236,-0.190066472,-0.128201454,2.2902,14,NA,NA,"Bckg62.jpg",229,90,9,1,1,1,31,229,132,225,181,229,"steeringwheel1_tr.png",1,225,225,0.8478,1,1.4313,1,0.7073
"Sub062_ToD_Online","YA","Night",1,"stoplights1_tr.png",216,216,-0.134756582,-0.185476522,0.7152,14,-0.185476522,-0.134756582,"Bckg53.jpg",219,60,19,1,1,1,25,219,214,124,240,219,"stoplights1_tr.png",1,234,234,2.9031,1,0.916,1,0.8481
"Sub062_ToD_Online","YA","Night",1,"streamer1_tr.png",-25,335,-0.096890135,0.207781564,2.8026,14,-0.153405947,0.170374564,"Bckg4.jpg",338,35,38,1,1,1,28,338,69,290,195,338,"streamer1_tr.png",1,318,318,1.5243,1,1.2423,1,0.6198
"Sub062_ToD_Online","YA","Night",1,"telephonebooth1_tr.png",212,212,-0.121490133,-0.194424855,3.4167,14,-0.167671312,-0.156356028,"Bckg107.jpg",214,63,39,1,1,1,8,214,64,281,300,214,"telephonebooth1_tr.png",1,227,227,1.8666,1,2.4267,1,0.9527
"Sub062_ToD_Online","YA","Night",1,"tissuebox1_tr.png",-1,359,-0.004001166,0.229226672,2.4958,14,-0.22926159,-2.80764e-17,"Bckg98.jpg",1,12,61,2,1,1,41,1,95,272,311,1,"tissuebox1_tr.png",1,270,270,1.2483,1,3.0338,2,0.6933
"Sub062_ToD_Online","YA","Night",1,"toad1_tr.png",398,38,0.141147529,0.180660598,2.9154,14,0.164916986,0.159258483,"Bckg65.jpg",25,27,22,1,1,1,35,25,278,24,220,25,"toad1_tr.png",1,46,46,1.7233,1,0.9812,1,0.5924
"Sub062_ToD_Online","YA","Night",1,"toaster1_tr.png",357,357,-0.011998625,0.228947395,2.0316,14,-0.027939959,0.227552709,"Bckg104.jpg",358,119,107,3,1,1,95,358,291,211,356,358,"toaster1_tr.png",1,353,353,3.3723,1,1.0504,1,0.6804
"Sub062_ToD_Online","YA","Night",1,"train1_tr.png",117,117,0.204273572,-0.104082584,1.8375,14,0.162112425,-0.162112425,"Bckg61.jpg",127,104,6,1,1,1,38,127,71,191,165,127,"train1_tr.png",1,135,135,2.0496,1,0.8358,2,0.5434
"Sub062_ToD_Online","YA","Night",1,"trumpet1_tr.png",347,347,-0.051572636,0.22338563,1.9403,14,-0.104082584,0.204273572,"Bckg130.jpg",355,58,75,2,1,1,69,355,313,133,32,355,"trumpet1_tr.png",1,-27,333,3.666,1,1.3353,1,0.6486
"Sub062_ToD_Online","YA","Night",1,"valentinesdaycard1_tr.png",314,314,-0.164916986,0.159258483,1.9958,14,-0.156356028,0.167671312,"Bckg111.jpg",338,26,103,3,1,1,91,338,234,203,108,338,"valentinesdaycard1_tr.png",1,317,317,3.1678,1,0.9674,1,0.7391
"Sub062_ToD_Online","YA","Night",1,"vegeplatter1_tr.png",236,236,-0.190066472,-0.128201454,2.9335,14,-0.200516705,-0.111148224,"Bckg70.jpg",246,30,90,3,1,1,82,246,122,321,75,246,"vegeplatter1_tr.png",1,241,241,2.2829,1,1.05,1,0.6501
"Sub062_ToD_Online","YA","Night",1,"wagon1_tr.png",89,89,0.229226672,0.004001166,0.7986,14,NA,NA,"Bckg47.jpg",95,38,82,3,1,1,96,95,87,36,143,95,"wagon1_tr.png",1,36,36,0.6331,1,3.842,2,0.7482
"Sub062_ToD_Online","YA","Night",1,"wisk1_tr.png",316,316,-0.159258483,0.164916986,3.4084,14,NA,NA,"Bckg95.jpg",315,23,49,2,1,1,60,315,150,163,135,315,"wisk1_tr.png",1,163,163,0.8169,1,1.9756,1,0.7221
"Sub062_ToD_Online","YA","Night",1,"woodenbox1_tr.png",337,337,-0.08957964,0.211036406,5.3056,14,NA,NA,"Bckg9.jpg",346,69,83,3,1,1,116,346,209,115,175,346,"woodenbox1_tr.png",1,115,115,0.3372,1,3.4224,2,0.8906
"Sub062_ToD_Online","YA","Night",1,"wreath1_tr.png",223,223,-0.156356028,-0.167671312,2.9969,14,-0.162112425,-0.162112425,"Bckg71.jpg",229,98,66,2,1,1,44,229,357,97,101,229,"wreath1_tr.png",1,-135,225,4.354,1,1.164,1,0.7389
"Sub063_ToD_Online","YA","Night",1,"airfreshener1_tr.png",360,0,-4.19136e-17,0.22816674,4.7649,223,0.035693142,0.225357629,"Bckg42.jpg",2,91,55,2,1,1,63,2,156,345,88,2,"airfreshener1_tr.png",1,369,9,2.7852,1,2.2821,1,0.6171
"Sub063_ToD_Online","YA","Night",1,"apple1_tr.png",473,113,0.210028592,-0.089151848,3.748,223,0.205074907,-0.100021715,"Bckg81.jpg",114,62,99,3,1,1,111,114,347,32,264,114,"apple1_tr.png",1,116,116,5.2789,1,1.0694,1,0.4674
"Sub063_ToD_Online","YA","Night",1,"asparagus1_tr.png",258,258,-0.223180749,-0.047438533,4.1991,223,-0.096427431,-0.206789293,"Bckg134.jpg",263,47,109,3,1,1,82,263,290,137,190,263,"asparagus1_tr.png",1,205,205,3.5192,1,1.2703,2,0.5509
"Sub063_ToD_Online","YA","Night",1,"bandaid1_tr.png",249,249,-0.213012002,-0.081767647,3.4489,223,-0.096427431,-0.206789293,"Bckg45.jpg",246,107,6,1,1,1,27,246,143,243,11,246,"bandaid1_tr.png",1,205,205,4.4922,1,2.8095,2,0.9668
"Sub063_ToD_Online","YA","Night",1,"bed1_tr.png",244,244,-0.205074907,-0.100021715,8.0648,223,-0.213012002,-0.081767647,"Bckg77.jpg",245,120,38,1,1,1,36,245,138,143,160,245,"bed1_tr.png",1,249,249,4.0151,1,1.3915,1,0.5506
"Sub063_ToD_Online","YA","Night",1,"bell1_tr.png",339,339,-0.081767647,0.213012002,3.397,223,-0.047438533,0.223180749,"Bckg36.jpg",349,78,31,1,1,1,12,349,287,282,294,349,"bell1_tr.png",1,348,348,3.53,1,1.687,2,0.8661
"Sub063_ToD_Online","YA","Night",1,"coffeemug1_tr.png",321,321,-0.143589982,0.177318861,4.2982,223,-0.206789293,0.096427431,"Bckg20.jpg",325,70,30,1,1,1,18,325,253,113,22,325,"coffeemug1_tr.png",1,-65,295,4.4651,1,1.4205,2,1.1333
"Sub063_ToD_Online","YA","Night",1,"cookie1_tr.png",206,206,-0.100021715,-0.205074907,2.9643,223,-0.103585532,-0.203298054,"Bckg1.jpg",196,109,112,3,1,1,94,196,142,307,242,196,"cookie1_tr.png",1,207,207,3.7298,1,0.9016,1,0.7007
"Sub063_ToD_Online","YA","Night",1,"cow1_tr.png",-12,348,-0.047438533,0.223180749,5.9191,223,-0.096427431,0.206789293,"Bckg113.jpg",352,24,90,3,1,1,113,352,172,11,137,352,"cow1_tr.png",1,-25,335,4.4684,1,1.3875,1,0.6339
"Sub063_ToD_Online","YA","Night",1,"crayon1_tr.png",278,278,-0.225946237,0.031754673,2.6995,223,-0.227610937,0.015916107,"Bckg87.jpg",267,33,66,2,1,1,69,267,220,22,283,267,"crayon1_tr.png",1,-86,274,5.9638,1,1.0716,1,0.7046
"Sub063_ToD_Online","YA","Night",1,"cucumber1_tr.png",438,78,0.223180749,0.047438533,4.4372,223,0.224700375,0.039620739,"Bckg92.jpg",82,87,86,3,1,1,97,82,286,332,303,82,"cucumber1_tr.png",1,440,80,6.6972,1,0.8882,1,0.5168
"Sub063_ToD_Online","YA","Night",1,"encyclopedia1_tr.png",-67,293,-0.210028592,0.089151848,5.3152,223,-0.197598193,0.11408337,"Bckg72.jpg",286,11,113,3,1,1,117,286,151,110,236,286,"encyclopedia1_tr.png",1,-60,300,6.1316,1,1.0918,1,0.3504
"Sub063_ToD_Online","YA","Night",1,"fantacan1_tr.png",126,126,0.18459077,-0.134113045,3.082,223,0.152673349,-0.169560932,"Bckg86.jpg",126,84,70,2,1,1,61,126,32,278,53,126,"fantacan1_tr.png",1,138,138,4.7317,1,1.2597,1,0.6689
"Sub063_ToD_Online","YA","Night",1,"handsoap1_tr.png",428,68,0.211552517,0.085472765,4.182,223,0.22646602,0.027806531,"Bckg73.jpg",74,57,15,1,1,1,5,74,352,41,5,74,"handsoap1_tr.png",1,83,83,5.0315,1,1.4051,1,0.4995
"Sub063_ToD_Online","YA","Night",1,"hat1_tr.png",231,231,-0.177318861,-0.143589982,1.9809,223,-0.197598193,0.11408337,"Bckg133.jpg",235,68,77,2,1,1,54,235,251,330,13,235,"hat1_tr.png",1,300,300,2.6482,1,1.8546,2,0.4515
"Sub063_ToD_Online","YA","Night",1,"highheel1_tr.png",144,144,0.134113045,-0.18459077,3.9681,223,0.146662753,-0.174785863,"Bckg57.jpg",128,77,19,1,1,1,32,128,108,34,194,128,"highheel1_tr.png",1,140,140,3.7484,1,1.1548,1,0.5714
"Sub063_ToD_Online","YA","Night",1,"jellybeans1_tr.png",235,235,-0.186903252,-0.130871066,3.2651,223,-0.18459077,-0.134113045,"Bckg46.jpg",235,49,111,3,1,1,119,235,347,110,157,235,"jellybeans1_tr.png",1,-126,234,7.3316,1,0.7982,2,0.955
"Sub063_ToD_Online","YA","Night",1,"lei1_tr.png",46,46,0.164129417,0.158497936,3.9474,223,0.152673349,0.169560932,"Bckg119.jpg",49,5,87,3,1,1,101,49,174,32,226,49,"lei1_tr.png",1,42,42,1.5797,1,1.0364,1,0.5842
"Sub063_ToD_Online","YA","Night",1,"lipstick1_tr.png",476,116,0.205074907,-0.100021715,5.4142,223,0.206789293,-0.096427431,"Bckg22.jpg",106,22,88,3,1,1,85,106,284,129,228,106,"lipstick1_tr.png",1,115,115,2.9811,1,1.1592,1,0.7181
"Sub063_ToD_Online","YA","Night",1,"loaf1_tr.png",471,111,0.213012002,-0.081767647,3.9492,223,0.201459274,-0.107117796,"Bckg90.jpg",101,25,14,1,1,1,8,101,357,138,325,101,"loaf1_tr.png",1,118,118,5.0592,1,1.8837,1,1.436
"Sub063_ToD_Online","YA","Night",1,"pin1_tr.png",304,304,-0.1891588,0.127589222,3.5489,223,-0.205074907,0.100021715,"Bckg59.jpg",300,82,9,1,1,1,17,300,260,88,40,300,"pin1_tr.png",1,-64,296,5.1306,1,1.3864,1,0.6836
"Sub063_ToD_Online","YA","Night",1,"popcorn1_tr.png",139,139,0.14969085,-0.172199625,4.6169,223,0.158497936,-0.164129417,"Bckg76.jpg",144,15,84,3,1,1,110,144,211,30,310,144,"popcorn1_tr.png",1,136,136,3.8807,1,0.9882,1,0.6012
"Sub063_ToD_Online","YA","Night",1,"qtips1_tr.png",157,157,0.089151848,-0.210028592,2.6831,223,0.027806531,-0.22646602,"Bckg129.jpg",171,92,65,2,1,1,75,171,235,155,124,171,"qtips1_tr.png",1,173,173,3.5665,1,0.9522,1,0.6168
"Sub063_ToD_Online","YA","Night",1,"radish1_tr.png",231,231,-0.177318861,-0.143589982,2.3487,223,-0.152673349,-0.169560932,"Bckg112.jpg",221,14,45,2,1,1,65,221,203,64,59,221,"radish1_tr.png",1,222,222,5.7644,1,1.0748,1,0.6039
"Sub063_ToD_Online","YA","Night",1,"ricecooker1_tr.png",12,12,0.047438533,0.223180749,5.064,223,0.027806531,0.22646602,"Bckg102.jpg",14,19,67,2,1,1,79,14,178,267,92,14,"ricecooker1_tr.png",1,367,7,6.4477,1,0.9574,1,0.5347
"Sub063_ToD_Online","YA","Night",1,"rollingpin1_tr.png",-132,228,-0.169560932,-0.152673349,4.232,223,-0.146662753,-0.174785863,"Bckg69.jpg",228,89,76,2,1,1,70,228,12,120,126,228,"rollingpin1_tr.png",1,220,220,4.7497,1,1.6291,1,0.4507
"Sub063_ToD_Online","YA","Night",1,"rubikscube1_tr.png",114,114,0.208440689,-0.092803774,5.4643,223,0.219327947,-0.062891277,"Bckg122.jpg",113,105,96,3,1,1,96,113,4,222,200,113,"rubikscube1_tr.png",1,106,106,4.8641,1,0.8431,1,0.3339
"Sub063_ToD_Online","YA","Night",1,"scarf1_tr.png",281,281,-0.223974674,0.043536266,2.983,223,-0.228027747,0.007962904,"Bckg51.jpg",276,59,48,2,1,1,55,276,231,56,236,276,"scarf1_tr.png",1,-88,272,5.1653,1,1.2066,1,0.5677
"Sub063_ToD_Online","YA","Night",1,"silvertray1_tr.png",289,289,-0.215735891,0.074283824,2.7364,223,-0.223974674,0.043536266,"Bckg64.jpg",288,6,16,1,1,1,26,288,241,343,248,288,"silvertray1_tr.png",1,281,281,3.2465,1,1.2896,1,0.9842
"Sub063_ToD_Online","YA","Night",1,"sink1_tr.png",173,173,0.027806531,-0.22646602,4.4653,223,-0.043536266,0.223974674,"Bckg32.jpg",178,112,12,1,1,1,3,178,267,137,336,178,"sink1_tr.png",1,-11,349,5.6187,1,2.8496,1,0.9504
"Sub063_ToD_Online","YA","Night",1,"sippycup1_tr.png",108,108,0.216999465,-0.0705074,3.0638,223,0.155609343,-0.16687059,"Bckg105.jpg",107,106,57,2,1,1,72,107,24,15,204,107,"sippycup1_tr.png",1,137,137,4.6633,1,1.3359,2,0.3668
"Sub063_ToD_Online","YA","Night",1,"spoon1_tr.png",511,151,0.110617431,-0.199559127,7.0952,223,-0.003982059,0.228131989,"Bckg67.jpg",161,10,34,1,1,1,1,161,301,195,183,161,"spoon1_tr.png",1,359,359,5.0508,1,1.4029,2,1.5673
"Sub063_ToD_Online","YA","Night",1,"starfish1_tr.png",67,67,0.210028592,0.089151848,4.6865,223,0.227854045,0.011941325,"Bckg106.jpg",77,54,20,1,1,1,23,77,197,61,78,77,"starfish1_tr.png",1,87,87,4.1814,1,1.5559,1,0.7828
"Sub063_ToD_Online","YA","Night",1,"streamer1_tr.png",-25,335,-0.096427431,0.206789293,2.6858,223,-0.092803774,0.208440689,"Bckg4.jpg",338,35,60,2,1,1,53,338,69,290,195,338,"streamer1_tr.png",1,336,336,2.7038,1,3.1123,2,0.7527
"Sub063_ToD_Online","YA","Night",1,"tennisball1_tr.png",378,18,0.0705074,0.216999465,3.3329,223,0.11408337,0.197598193,"Bckg125.jpg",15,31,119,3,1,1,102,15,270,276,311,15,"tennisball1_tr.png",1,390,30,5.2326,1,1.0499,1,1.5148
"Sub063_ToD_Online","YA","Night",1,"toad1_tr.png",390,30,0.11408337,0.197598193,3.269,223,0.127589222,0.1891588,"Bckg65.jpg",25,27,58,2,1,1,41,25,278,24,220,25,"toad1_tr.png",1,34,34,2.9824,1,1.275,1,0.9177
"Sub063_ToD_Online","YA","Night",1,"towels1_tr.png",196,196,-0.062891277,-0.219327947,5.1488,223,-0.081767647,-0.213012002,"Bckg115.jpg",193,37,7,1,1,1,2,193,106,21,53,193,"towels1_tr.png",1,201,201,4.8132,1,1.2207,1,0.5875
"Sub063_ToD_Online","YA","Night",1,"train1_tr.png",135,135,0.161338249,-0.161338249,2.6386,223,-0.011941325,0.227854045,"Bckg61.jpg",127,104,105,3,1,1,108,127,71,191,165,127,"train1_tr.png",1,-3,357,4.9311,1,1.0529,1,1.0836
"Sub063_ToD_Online","YA","Night",1,"trumpet1_tr.png",359,359,-0.003982059,0.228131989,3.0184,223,0.019886042,0.227298497,"Bckg130.jpg",355,58,17,1,1,1,21,355,313,133,32,355,"trumpet1_tr.png",1,5,5,6.2563,1,2.0378,1,0.6502
"Sub063_ToD_Online","YA","Night",1,"turtle1_tr.png",233,233,-0.182222061,-0.137314172,4.5347,223,-0.169560932,-0.152673349,"Bckg44.jpg",223,61,5,1,1,1,15,223,185,158,305,223,"turtle1_tr.png",1,228,228,4.0798,1,1.6856,1,0.5831
"Sub063_ToD_Online","YA","Night",1,"vegeplatter1_tr.png",244,244,-0.205074907,-0.100021715,3.3992,223,-0.177318861,-0.143589982,"Bckg70.jpg",246,30,1,1,1,1,39,246,122,321,75,246,"vegeplatter1_tr.png",1,231,231,3.715,1,0.8719,1,0.689
"Sub063_ToD_Online","YA","Night",1,"washingmachine1_tr.png",346,346,-0.05519853,0.221389213,2.4336,223,-0.143589982,0.177318861,"Bckg85.jpg",341,34,8,1,1,1,30,341,282,53,158,341,"washingmachine1_tr.png",1,-39,321,4.7154,1,1.9549,2,0.5168
"Sub063_ToD_Online","YA","Night",1,"wisk1_tr.png",-40,320,-0.146662753,0.174785863,4.4315,223,-0.124268513,0.191356729,"Bckg95.jpg",315,23,46,2,1,1,59,315,150,163,135,315,"wisk1_tr.png",1,-33,327,5.7327,1,4.0461,1,0.4169
"Sub064_ToD_Online","YA","Night",1,"airfreshener1_tr.png",370,10,0.038670145,0.219309291,7.4195,169,0.057637058,-0.215104427,"Bckg42.jpg",2,91,117,3,1,1,119,2,156,345,88,2,"airfreshener1_tr.png",1,165,165,6.6024,1,1.1197,1,0.3187
"Sub064_ToD_Online","YA","Night",1,"apple1_tr.png",473,113,0.204989518,-0.087012888,3.8965,169,0.206476881,-0.083422075,"Bckg81.jpg",114,62,106,3,1,1,117,114,347,32,264,114,"apple1_tr.png",1,112,112,2.3523,1,1.3851,1,0.3519
"Sub064_ToD_Online","YA","Night",1,"asparagus1_tr.png",270,270,-0.22269249,-2.7272e-17,3.5682,169,-0.222387298,-0.011654824,"Bckg134.jpg",263,47,55,2,1,1,52,263,290,137,190,263,"asparagus1_tr.png",1,267,267,3.9674,1,0.9169,1,0.2523
"Sub064_ToD_Online","YA","Night",1,"banana1_tr.png",397,37,0.134019686,0.17785013,3.9134,169,-0.137103187,0.175484077,"Bckg93.jpg",44,114,30,1,1,1,36,44,233,78,338,44,"banana1_tr.png",1,-38,322,3.9854,1,1.2687,2,0.8019
"Sub064_ToD_Online","YA","Night",1,"bed1_tr.png",-110,250,-0.20926249,-0.076165317,5.6853,169,-0.087012888,-0.204989518,"Bckg77.jpg",245,120,74,2,1,1,78,245,138,143,160,245,"bed1_tr.png",1,203,203,3.8857,1,1.0107,1,0.3687
"Sub064_ToD_Online","YA","Night",1,"binder1_tr.png",450,90,0.22269249,5.45439e-17,4.8196,169,0.149010361,0.165492772,"Bckg82.jpg",91,21,112,3,1,1,110,91,236,320,312,91,"binder1_tr.png",1,402,42,2.6476,1,0.9016,2,0.5602
"Sub064_ToD_Online","YA","Night",1,"bow1_tr.png",515,155,0.094113913,-0.201827938,4.6858,169,0.190884721,-0.114695111,"Bckg54.jpg",172,67,97,3,1,1,105,172,311,5,258,172,"bow1_tr.png",1,121,121,3.8956,1,1.0344,2,0.5777
"Sub064_ToD_Online","YA","Night",1,"bowlingpin1_tr.png",299,299,-0.19477124,0.107963462,4.0849,169,0.140144925,-0.173064569,"Bckg34.jpg",301,48,36,1,1,1,39,301,219,51,324,301,"bowlingpin1_tr.png",1,141,141,5.9879,1,2.0022,1,0.6336
"Sub064_ToD_Online","YA","Night",1,"boxinggloves1_tr.png",273,273,-0.222387298,0.011654824,4.3116,169,0.011654824,0.222387298,"Bckg131.jpg",276,95,59,2,1,1,54,276,159,125,149,276,"boxinggloves1_tr.png",1,3,3,6.6705,1,1.7172,2,0.5518
"Sub064_ToD_Online","YA","Night",1,"clock1_tr.png",136,136,0.154695202,-0.160191571,1.7361,169,-0.140144925,-0.173064569,"Bckg137.jpg",133,76,72,2,1,1,45,133,128,1,280,133,"clock1_tr.png",1,-141,219,4.4976,1,1.535,2,3.6529
"Sub064_ToD_Online","YA","Night",1,"coat1_tr.png",465,105,0.215104427,-0.057637058,4.1021,169,0.221032574,-0.027139388,"Bckg108.jpg",94,102,27,1,1,1,26,94,309,13,198,94,"coat1_tr.png",1,97,97,4.4686,1,1.9681,1,0.8865
"Sub064_ToD_Online","YA","Night",1,"dress1_tr.png",425,65,0.201827938,0.094113913,5.236,169,0.15746737,0.15746737,"Bckg96.jpg",83,51,6,1,1,1,34,83,239,71,9,83,"dress1_tr.png",1,45,45,5.0479,1,1.5523,2,0.9188
"Sub064_ToD_Online","YA","Night",1,"eggs1_tr.png",84,84,0.221472557,0.023277704,3.3043,169,-0.019408929,0.221845078,"Bckg132.jpg",84,28,64,2,1,1,41,84,124,265,170,84,"eggs1_tr.png",1,355,355,2.6806,1,1.0759,2,0.3829
"Sub064_ToD_Online","YA","Night",1,"goggle1_tr.png",33,33,0.121287023,0.186765637,5.7291,169,-0.149010361,-0.165492772,"Bckg120.jpg",25,96,23,1,1,1,1,25,157,292,131,25,"goggle1_tr.png",1,222,222,2.8529,1,1.4179,2,0.7184
"Sub064_ToD_Online","YA","Night",1,"granola1_tr.png",190,190,-0.038670145,-0.219309291,2.787,169,0.030992804,-0.220525262,"Bckg49.jpg",191,103,88,3,1,1,102,191,262,206,48,191,"granola1_tr.png",1,172,172,3.5191,1,0.7557,2,0.3848
"Sub064_ToD_Online","YA","Night",1,"iceskates1_tr.png",182,182,-0.007771856,-0.222556832,5.6528,169,-0.05009491,-0.216984896,"Bckg27.jpg",186,64,42,2,1,1,60,186,280,131,293,186,"iceskates1_tr.png",1,193,193,5.0696,1,2.8187,1,0.8021
"Sub064_ToD_Online","YA","Night",1,"jackolantern1_tr.png",53,53,0.17785013,0.134019686,4.8224,169,0.154695202,0.160191571,"Bckg21.jpg",51,93,96,3,1,1,91,51,161,66,118,51,"jackolantern1_tr.png",1,44,44,2.6158,1,1.1686,1,0.5186
"Sub064_ToD_Online","YA","Night",1,"mouthwash1_tr.png",-17,343,-0.065108983,0.212961887,4.0832,169,0.090577196,-0.203439713,"Bckg109.jpg",352,100,65,2,1,1,62,352,115,250,226,352,"mouthwash1_tr.png",1,156,156,3.1505,1,1.2688,2,0.8024
"Sub064_ToD_Online","YA","Night",1,"nailpolish1_tr.png",300,300,-0.192857354,0.111346245,4.933,169,-0.076165317,0.20926249,"Bckg84.jpg",301,32,113,3,1,1,120,301,148,320,226,301,"nailpolish1_tr.png",1,340,340,2.4312,1,0.963,1,0.4354
"Sub064_ToD_Online","YA","Night",1,"partyhats1_tr.png",51,51,0.173064569,0.140144925,8.2869,169,0.065108983,-0.212961887,"Bckg110.jpg",52,18,43,2,1,1,42,52,175,231,196,52,"partyhats1_tr.png",1,163,163,2.6854,1,1.0153,2,0.9181
"Sub064_ToD_Online","YA","Night",1,"penguin1_tr.png",425,65,0.201827938,0.094113913,4.7694,169,0.015534243,0.222150022,"Bckg114.jpg",71,7,22,1,1,1,22,71,333,350,66,71,"penguin1_tr.png",1,364,4,4.8361,1,1.4685,2,0.8181
"Sub064_ToD_Online","YA","Night",1,"pickle1_tr.png",141,141,0.140144925,-0.173064569,2.4348,169,0.154695202,-0.160191571,"Bckg66.jpg",150,83,28,1,1,1,31,150,65,78,256,150,"pickle1_tr.png",1,136,136,3.9021,1,1.3289,1,1.5186
"Sub064_ToD_Online","YA","Night",1,"pin1_tr.png",296,296,-0.200154684,0.097621962,2.5689,169,-0.214065761,0.061382369,"Bckg59.jpg",300,82,95,3,1,1,88,300,260,88,40,300,"pin1_tr.png",1,286,286,5.6796,1,0.9473,2,0.3179
"Sub064_ToD_Online","YA","Night",1,"plant1_tr.png",243,243,-0.198420461,-0.101100275,3.7361,169,-0.151875913,-0.162866977,"Bckg116.jpg",229,75,10,1,1,1,11,229,191,233,122,229,"plant1_tr.png",1,223,223,2.6155,1,1.9297,1,0.8355
"Sub064_ToD_Online","YA","Night",1,"pokerchips1_tr.png",19,19,0.072501583,0.210559886,2.3002,169,0.168068156,0.146099419,"Bckg127.jpg",11,88,57,2,1,1,64,11,51,229,63,11,"pokerchips1_tr.png",1,409,49,4.4392,1,1.2024,1,0.3518
"Sub064_ToD_Online","YA","Night",1,"ricecooker1_tr.png",378,18,0.068815764,0.211793144,5.4856,169,0.072501583,0.210559886,"Bckg102.jpg",14,19,115,3,1,1,101,14,178,267,92,14,"ricecooker1_tr.png",1,379,19,3.252,1,0.9597,1,0.502
"Sub064_ToD_Online","YA","Night",1,"rubikscube1_tr.png",110,110,0.20926249,-0.076165317,5.019,169,0.221472557,-0.023277704,"Bckg122.jpg",113,105,70,2,1,1,48,113,4,222,200,113,"rubikscube1_tr.png",1,456,96,5.4844,1,0.9115,2,0.502
"Sub064_ToD_Online","YA","Night",1,"scarf1_tr.png",273,273,-0.222387298,0.011654824,3.2016,169,-0.038670145,-0.219309291,"Bckg51.jpg",276,59,35,1,1,1,25,276,231,56,236,276,"scarf1_tr.png",1,190,190,3.3184,1,1.9692,2,0.7683
"Sub064_ToD_Online","YA","Night",1,"seashell1_tr.png",220,220,-0.143143973,-0.170592344,2.6686,169,-0.154695202,0.160191571,"Bckg8.jpg",205,13,20,1,1,1,3,205,224,134,59,205,"seashell1_tr.png",1,-44,316,4.5038,1,1.3617,2,0.7346
"Sub064_ToD_Online","YA","Night",1,"silvertray1_tr.png",291,291,-0.20790135,0.079805851,6.6533,169,-0.182419008,0.127731165,"Bckg64.jpg",288,6,11,1,1,1,23,288,241,343,248,288,"silvertray1_tr.png",1,305,305,3.9159,1,1.4138,1,0.9854
"Sub064_ToD_Online","YA","Night",1,"sippycup1_tr.png",104,104,0.216077571,-0.053874189,3.1897,169,0.17785013,-0.134019686,"Bckg105.jpg",107,106,90,3,1,1,89,107,24,15,204,107,"sippycup1_tr.png",1,127,127,4.3428,1,0.882,1,0.6519
"Sub064_ToD_Online","YA","Night",1,"skippingrope1_tr.png",55,55,0.182419008,0.127731165,2.9842,169,0.146099419,-0.168068156,"Bckg7.jpg",60,45,79,2,1,1,43,60,87,213,277,60,"skippingrope1_tr.png",1,139,139,3.8867,1,1.2182,2,0.5697
"Sub064_ToD_Online","YA","Night",1,"steeringwheel1_tr.png",234,234,-0.180162009,-0.130895361,4.5021,169,-0.215104427,0.057637058,"Bckg62.jpg",229,90,18,1,1,1,20,229,132,225,181,229,"steeringwheel1_tr.png",1,285,285,3.2184,1,2.251,2,0.6511
"Sub064_ToD_Online","YA","Night",1,"stoplights1_tr.png",222,222,-0.149010361,-0.165492772,2.3188,169,-0.149010361,-0.165492772,"Bckg53.jpg",219,60,24,1,1,1,29,219,214,124,240,219,"stoplights1_tr.png",1,-138,222,8.1695,1,1.1368,1,0.8979
"Sub064_ToD_Online","YA","Night",1,"streamer1_tr.png",-29,331,-0.107963462,0.19477124,3.7369,169,0.076165317,0.20926249,"Bckg4.jpg",338,35,9,1,1,1,7,338,69,290,195,338,"streamer1_tr.png",1,380,20,2.6015,1,2.2349,2,0.7185
"Sub064_ToD_Online","YA","Night",1,"sunglasses1_tr.png",395,35,0.127731165,0.182419008,3.3524,169,-0.087012888,0.204989518,"Bckg11.jpg",27,29,110,3,1,1,111,27,287,111,147,27,"sunglasses1_tr.png",1,-23,337,3.6352,1,1.151,2,0.436
"Sub064_ToD_Online","YA","Night",1,"telephonebooth1_tr.png",228,228,-0.165492772,-0.149010361,5.0028,169,0.198420461,-0.101100275,"Bckg107.jpg",214,63,56,2,1,1,71,214,64,281,300,214,"telephonebooth1_tr.png",1,477,117,4.8661,1,3.2611,2,0.5354
"Sub064_ToD_Online","YA","Night",1,"toad1_tr.png",394,34,0.12452806,0.184620441,4.1853,169,0.149010361,0.165492772,"Bckg65.jpg",25,27,86,3,1,1,116,25,278,24,220,25,"toad1_tr.png",1,42,42,1.5849,1,0.7674,1,0.4019
"Sub064_ToD_Online","YA","Night",1,"trophy1_tr.png",154,154,0.097621962,-0.200154684,9.8375,169,0.200154684,0.097621962,"Bckg68.jpg",75,99,108,3,1,1,84,75,66,178,228,75,"trophy1_tr.png",1,64,64,4.5045,1,0.9492,1,0.5165
"Sub064_ToD_Online","YA","Night",1,"trumpet1_tr.png",357,357,-0.011654824,0.222387298,4.2519,169,-0.027139388,0.221032574,"Bckg130.jpg",355,58,31,1,1,1,18,355,313,133,32,355,"trumpet1_tr.png",1,-7,353,4.9696,1,1.8116,1,1.0019
"Sub064_ToD_Online","YA","Night",1,"turtle1_tr.png",231,231,-0.173064569,-0.140144925,3.3853,169,-0.160191571,-0.154695202,"Bckg44.jpg",223,61,62,2,1,1,79,223,185,158,305,223,"turtle1_tr.png",1,226,226,3.6117,1,1.1528,1,0.3347
"Sub064_ToD_Online","YA","Night",1,"vegeplatter1_tr.png",-116,244,-0.200154684,-0.097621962,9.2839,169,-0.218601002,0.04249173,"Bckg70.jpg",246,30,15,1,1,1,6,246,122,321,75,246,"vegeplatter1_tr.png",1,281,281,5.9037,1,4.3197,2,1.379
"Sub064_ToD_Online","YA","Night",1,"watch1_tr.png",113,113,0.204989518,-0.087012888,3.9025,169,0.190884721,-0.114695111,"Bckg117.jpg",119,43,51,2,1,1,68,119,181,237,158,119,"watch1_tr.png",1,121,121,4.6274,1,1.0691,1,0.5028
"Sub064_ToD_Online","YA","Night",1,"wisk1_tr.png",-42,318,-0.149010361,0.165492772,4.508,169,-0.15746737,0.15746737,"Bckg95.jpg",315,23,60,2,1,1,77,315,150,163,135,315,"wisk1_tr.png",1,315,315,4.4022,1,1.027,1,0.6685
"Sub065_ToD_Online","YA","Night",1,"airfreshener1_tr.png",364,4,0.016282697,0.232853416,5.0006,182,NA,NA,"Bckg42.jpg",2,91,118,3,1,1,87,2,156,345,88,2,"airfreshener1_tr.png",1,345,345,1.15,1,1.1841,1,0.8087
"Sub065_ToD_Online","YA","Night",1,"asparagus1_tr.png",244,244,-0.209798322,-0.102325479,3.1514,182,-0.207980543,-0.10597138,"Bckg134.jpg",263,47,35,1,1,1,25,263,290,137,190,263,"asparagus1_tr.png",1,243,243,7.2718,1,1.5015,1,0.4019
"Sub065_ToD_Online","YA","Night",1,"bagel1_tr.png",245,245,-0.211552194,-0.098648408,1.0177,182,-0.137202021,0.188842381,"Bckg43.jpg",246,20,99,3,1,1,91,246,243,284,250,246,"bagel1_tr.png",1,324,324,3.2806,1,1.6882,1,0.4707
"Sub065_ToD_Online","YA","Night",1,"bird1_tr.png",30,30,0.11671101,0.202149399,2.5295,182,0.186419114,0.140476878,"Bckg2.jpg",39,72,97,3,1,1,114,39,118,137,33,39,"bird1_tr.png",1,53,53,5.0678,1,1.7679,2,1.6687
"Sub065_ToD_Online","YA","Night",1,"bow1_tr.png",165,165,0.060414064,-0.225468358,4.8667,182,0.146897237,0.18140298,"Bckg54.jpg",172,67,5,1,1,1,32,172,311,5,258,172,"bow1_tr.png",1,39,39,3.2975,1,1.3474,1,0.4166
"Sub065_ToD_Online","YA","Night",1,"breakfast1_tr.png",288,288,-0.221997533,0.072131371,3.7668,182,0.231682128,0.028446988,"Bckg89.jpg",300,3,88,3,1,1,96,300,348,149,173,300,"breakfast1_tr.png",1,83,83,5.3007,1,1.4511,1,0.8843
"Sub065_ToD_Online","YA","Night",1,"cabinet1_tr.png",331,331,-0.113165241,0.204155499,2.5172,182,-0.137202021,0.188842381,"Bckg13.jpg",355,110,106,3,1,1,104,355,291,250,164,355,"cabinet1_tr.png",1,324,324,3.6519,1,1.4684,1,0.2452
"Sub065_ToD_Online","YA","Night",1,"cakemixer1_tr.png",220,220,-0.150040782,-0.178811641,5.517,182,-0.209798322,0.102325479,"Bckg12.jpg",255,117,15,1,1,1,22,255,108,314,330,255,"cakemixer1_tr.png",1,296,296,4.6503,1,1.3132,2,1.0516
"Sub065_ToD_Online","YA","Night",1,"coffeemug1_tr.png",317,317,-0.159193435,0.170714058,2.7708,182,-0.165054293,0.165054293,"Bckg20.jpg",325,70,84,3,1,1,113,325,253,113,22,325,"coffeemug1_tr.png",1,-45,315,4.2141,1,1.4337,1,0.5528
"Sub065_ToD_Online","YA","Night",1,"crayon1_tr.png",264,264,-0.23214331,-0.024399245,2.4346,182,-0.167909749,0.16214856,"Bckg87.jpg",267,33,117,3,1,1,107,267,220,22,283,267,"crayon1_tr.png",1,314,314,7.4314,1,7.2481,1,0.9373
"Sub065_ToD_Online","YA","Night",1,"dog1_tr.png",154,154,0.102325479,-0.209798322,4.5823,182,NA,NA,"Bckg23.jpg",167,111,9,1,1,1,33,167,16,26,214,167,"dog1_tr.png",1,218,218,6.5298,1,1.5241,2,1.053
"Sub065_ToD_Online","YA","Night",1,"eggs1_tr.png",82,82,0.231150373,0.032486066,2.5232,182,0.195764178,0.127130744,"Bckg132.jpg",84,28,46,2,1,1,52,84,124,265,170,84,"eggs1_tr.png",1,417,57,4.8679,1,1.7508,1,0.7016
"Sub065_ToD_Online","YA","Night",1,"fireextinguisher1_tr.png",294,294,-0.213241626,0.094941289,3.8343,182,-0.209798322,-0.102325479,"Bckg88.jpg",294,85,31,1,1,1,36,294,212,94,215,294,"fireextinguisher1_tr.png",1,244,244,4.6759,1,1.95,1,0.7676
"Sub065_ToD_Online","YA","Night",1,"grater1_tr.png",233,233,-0.186419114,-0.140476878,1.8831,182,-0.191208125,-0.13388537,"Bckg118.jpg",227,108,86,3,1,1,105,227,183,311,225,227,"grater1_tr.png",1,235,235,2.9822,1,1.3988,1,0.6505
"Sub065_ToD_Online","YA","Night",1,"hairdryer1_tr.png",60,60,0.202149399,0.11671101,3.7022,182,0.207980543,0.10597138,"Bckg79.jpg",63,73,64,2,1,1,79,63,52,27,90,63,"hairdryer1_tr.png",1,63,63,2.8346,1,1.267,1,0.3515
"Sub065_ToD_Online","YA","Night",1,"handbag1_tr.png",423,63,0.207980543,0.10597138,3.5903,182,-0.048531167,-0.228321189,"Bckg97.jpg",66,94,101,3,1,1,83,66,275,244,269,66,"handbag1_tr.png",1,192,192,3.9922,1,1.2526,2,1.4842
"Sub065_ToD_Online","YA","Night",1,"handsoap1_tr.png",442,82,0.231150373,0.032486066,2.6499,182,-0.127130744,0.195764178,"Bckg73.jpg",74,57,71,2,1,1,50,74,352,41,5,74,"handsoap1_tr.png",1,-33,327,3.0651,1,1.2968,1,0.6836
"Sub065_ToD_Online","YA","Night",1,"hotdog1_tr.png",503,143,0.140476878,-0.186419114,4.8171,182,0.127130744,-0.195764178,"Bckg126.jpg",152,42,4,1,1,1,23,152,327,275,320,152,"hotdog1_tr.png",1,147,147,6.0659,1,1.7302,1,1.0698
"Sub065_ToD_Online","YA","Night",1,"jackolantern1_tr.png",65,65,0.211552194,0.098648408,3.4487,182,0.188842381,0.137202021,"Bckg21.jpg",51,93,107,3,1,1,112,51,161,66,118,51,"jackolantern1_tr.png",1,54,54,2.966,1,0.8293,1,0.5673
"Sub065_ToD_Online","YA","Night",1,"kite1_tr.png",185,185,-0.02034407,-0.232533779,3.6926,182,0.165054293,0.165054293,"Bckg128.jpg",181,115,74,2,1,1,72,181,59,221,177,181,"kite1_tr.png",1,405,45,5.1512,1,1.2835,1,0.4022
"Sub065_ToD_Online","YA","Night",1,"lei1_tr.png",58,58,0.1979531,0.123694825,5.0796,182,0.188842381,0.137202021,"Bckg119.jpg",49,5,1,1,1,1,17,49,174,32,226,49,"lei1_tr.png",1,54,54,3.6186,1,1.5512,1,1.1186
"Sub065_ToD_Online","YA","Night",1,"lemon1_tr.png",423,63,0.207980543,0.10597138,9.3876,182,0.227439429,0.05250853,"Bckg99.jpg",20,66,38,1,1,1,6,20,265,285,180,20,"lemon1_tr.png",1,437,77,11.3153,1,3.641,2,3.9292
"Sub065_ToD_Online","YA","Night",1,"lipstick1_tr.png",464,104,0.226488388,-0.056469898,4.6984,182,-0.165054293,-0.165054293,"Bckg22.jpg",106,22,58,2,1,1,66,106,284,129,228,106,"lipstick1_tr.png",1,225,225,8.6555,1,2.5439,2,1.9729
"Sub065_ToD_Online","YA","Night",1,"loaf1_tr.png",481,121,0.200081723,-0.120221228,4.9974,182,0.137202021,0.188842381,"Bckg90.jpg",101,25,57,2,1,1,54,101,357,138,325,101,"loaf1_tr.png",1,36,36,4.1174,1,2.5151,1,0.9027
"Sub065_ToD_Online","YA","Night",1,"mouthwash1_tr.png",337,337,-0.091205249,0.214866102,5.2313,182,-0.056469898,0.226488388,"Bckg109.jpg",352,100,39,1,1,1,10,352,115,250,226,352,"mouthwash1_tr.png",1,346,346,6.2217,1,1.6981,1,0.4173
"Sub065_ToD_Online","YA","Night",1,"nailpolish1_tr.png",294,294,-0.213241626,0.094941289,3.4839,182,NA,NA,"Bckg84.jpg",301,32,75,2,1,1,63,301,148,320,226,301,"nailpolish1_tr.png",1,320,320,3.6631,1,0.147,1,0.867
"Sub065_ToD_Online","YA","Night",1,"oven1_tr.png",471,111,0.217918229,-0.083650971,3.9162,182,NA,NA,"Bckg55.jpg",111,9,113,3,1,1,118,111,305,27,70,111,"oven1_tr.png",1,27,27,2.6395,1,1.2573,1,1.2018
"Sub065_ToD_Online","YA","Night",1,"pan1_tr.png",139,139,0.153138624,-0.176165835,2.2124,182,0.16214856,0.167909749,"Bckg58.jpg",133,116,93,3,1,1,109,133,89,30,229,133,"pan1_tr.png",1,44,44,1.7967,1,1.1946,1,0.4751
"Sub065_ToD_Online","YA","Night",1,"pickle1_tr.png",147,147,0.127130744,-0.195764178,4.0473,182,0.064339828,-0.224379647,"Bckg66.jpg",150,83,18,1,1,1,9,150,65,78,256,150,"pickle1_tr.png",1,164,164,3.2818,1,1.5621,1,0.4681
"Sub065_ToD_Online","YA","Night",1,"pin1_tr.png",304,304,-0.193515625,0.130527937,1.9489,182,0.094941289,0.213241626,"Bckg59.jpg",300,82,95,3,1,1,93,300,260,88,40,300,"pin1_tr.png",1,24,24,3.4499,1,1.9304,1,0.9191
"Sub065_ToD_Online","YA","Night",1,"pinecone1_tr.png",170,170,0.040533308,-0.229875815,3.5153,182,0.068245994,-0.223222588,"Bckg10.jpg",167,55,73,2,1,1,78,167,204,167,102,167,"pinecone1_tr.png",1,163,163,4.0824,1,1.6988,1,0.7016
"Sub065_ToD_Online","YA","Night",1,"pizza1_tr.png",39,39,0.146897237,0.18140298,4.265,182,-0.060414064,-0.225468358,"Bckg83.jpg",31,80,69,2,1,1,47,31,153,237,175,31,"pizza1_tr.png",1,195,195,4.8531,1,1.6041,1,0.6196
"Sub065_ToD_Online","YA","Night",1,"pokerchips1_tr.png",11,11,0.044539021,0.2291334,2.3988,182,0.140476878,0.186419114,"Bckg127.jpg",11,88,80,2,1,1,76,11,51,229,63,11,"pokerchips1_tr.png",1,37,37,5.1009,1,1.0951,1,0.5342
"Sub065_ToD_Online","YA","Night",1,"radish1_tr.png",231,231,-0.18140298,-0.146897237,2.6485,182,0.150040782,-0.178811641,"Bckg112.jpg",221,14,6,1,1,1,31,221,203,64,59,221,"radish1_tr.png",1,140,140,4.1683,1,3.1017,1,1.3352
"Sub065_ToD_Online","YA","Night",1,"ricecooker1_tr.png",14,14,0.056469898,0.226488388,5.2613,182,0.170714058,0.159193435,"Bckg102.jpg",14,19,76,2,1,1,41,14,178,267,92,14,"ricecooker1_tr.png",1,407,47,5.3679,1,1.536,1,0.3604
"Sub065_ToD_Online","YA","Night",1,"rollingpin1_tr.png",-130,230,-0.178811641,-0.150040782,3.9154,182,-0.156189818,-0.173466366,"Bckg69.jpg",228,89,22,1,1,1,40,228,12,120,126,228,"rollingpin1_tr.png",1,222,222,3.3818,1,1.5984,1,0.9098
"Sub065_ToD_Online","YA","Night",1,"scarf1_tr.png",279,279,-0.230548208,0.036515249,3.018,182,-0.226488388,0.056469898,"Bckg51.jpg",276,59,62,2,1,1,61,276,231,56,236,276,"scarf1_tr.png",1,-76,284,4.1324,1,1.3662,2,0.9332
"Sub065_ToD_Online","YA","Night",1,"scrabble1_tr.png",376,16,0.064339828,0.224379647,5.8842,182,-0.188842381,0.137202021,"Bckg91.jpg",15,39,12,1,1,1,37,15,152,156,110,15,"scrabble1_tr.png",1,-54,306,7.5176,1,2.2659,1,0.3503
"Sub065_ToD_Online","YA","Night",1,"seashell1_tr.png",204,204,-0.094941289,-0.213241626,2.433,182,-0.008146311,-0.233279826,"Bckg8.jpg",205,13,52,2,1,1,70,205,224,134,59,205,"seashell1_tr.png",1,182,182,3.5686,1,2.0188,1,0.7179
"Sub065_ToD_Online","YA","Night",1,"sippycup1_tr.png",102,102,0.228321189,-0.048531167,2.4131,182,0.140476878,0.186419114,"Bckg105.jpg",107,106,96,3,1,1,100,107,24,15,204,107,"sippycup1_tr.png",1,37,37,2.5965,1,1.908,1,0.4359
"Sub065_ToD_Online","YA","Night",1,"steeringwheel1_tr.png",230,230,-0.178811641,-0.150040782,1.8961,182,-0.230548208,-0.036515249,"Bckg62.jpg",229,90,65,2,1,1,55,229,132,225,181,229,"steeringwheel1_tr.png",1,261,261,4.1379,1,1.3967,1,0.3532
"Sub065_ToD_Online","YA","Night",1,"streamer1_tr.png",-33,327,-0.127130744,0.195764178,4.6477,182,0.156189818,0.173466366,"Bckg4.jpg",338,35,28,1,1,1,12,338,69,290,195,338,"streamer1_tr.png",1,402,42,5.7286,1,1.7774,1,1.0103
"Sub065_ToD_Online","YA","Night",1,"sunglasses1_tr.png",395,35,0.13388537,0.191208125,3.7521,182,0.120221228,0.200081723,"Bckg11.jpg",27,29,36,1,1,1,15,27,287,111,147,27,"sunglasses1_tr.png",1,31,31,3.8811,1,1.7482,1,1.0604
"Sub065_ToD_Online","YA","Night",1,"telephonebooth1_tr.png",198,198,-0.072131371,-0.221997533,4.2681,182,-0.146897237,-0.18140298,"Bckg107.jpg",214,63,14,1,1,1,3,214,64,281,300,214,"telephonebooth1_tr.png",1,219,219,4.4167,1,1.5449,1,0.8186
"Sub065_ToD_Online","YA","Night",1,"tissuebox1_tr.png",7,7,0.028446988,0.231682128,3.4015,182,-0.130527937,0.193515625,"Bckg98.jpg",1,12,21,1,1,1,29,1,95,272,311,1,"tissuebox1_tr.png",1,326,326,3.6487,1,2.2135,1,0.4089
"Sub065_ToD_Online","YA","Night",1,"toothpaste1_tr.png",262,262,-0.231150373,-0.032486066,2.0839,182,0.05250853,0.227439429,"Bckg38.jpg",259,1,61,2,1,1,58,259,232,85,230,259,"toothpaste1_tr.png",1,13,13,4.4348,1,1.3347,1,0.7521
"Sub065_ToD_Online","YA","Night",1,"towels1_tr.png",212,212,-0.123694825,-0.1979531,12.2091,182,-0.13388537,-0.191208125,"Bckg115.jpg",193,37,78,2,1,1,56,193,106,21,53,193,"towels1_tr.png",1,215,215,6.6675,1,1.3997,1,0.451
"Sub065_ToD_Online","YA","Night",1,"train1_tr.png",137,137,0.159193435,-0.170714058,2.5153,182,-0.170714058,0.159193435,"Bckg61.jpg",127,104,54,2,1,1,43,127,71,191,165,127,"train1_tr.png",1,313,313,4.735,1,1.8025,2,1.0683
"Sub065_ToD_Online","YA","Night",1,"trophy1_tr.png",70,70,0.21934495,0.079835033,4.6408,182,-0.193515625,0.130527937,"Bckg68.jpg",75,99,2,1,1,1,18,75,66,178,228,75,"trophy1_tr.png",1,304,304,5.3492,1,2.0468,1,0.4286
"Sub065_ToD_Online","YA","Night",1,"turtle1_tr.png",225,225,-0.165054293,-0.165054293,1.8008,182,-0.229875815,0.040533308,"Bckg44.jpg",223,61,98,3,1,1,89,223,185,158,305,223,"turtle1_tr.png",1,280,280,4.3179,1,0.982,1,0.8933
"Sub065_ToD_Online","YA","Night",1,"vacuum1_tr.png",473,113,0.214866102,-0.091205249,3.8168,182,0.178811641,-0.150040782,"Bckg60.jpg",108,97,24,1,1,1,14,108,327,356,335,108,"vacuum1_tr.png",1,490,130,5.4824,1,2.3974,1,1.1349
"Sub065_ToD_Online","YA","Night",1,"wisk1_tr.png",312,312,-0.173466366,0.156189818,4.6443,182,-0.165054293,0.165054293,"Bckg95.jpg",315,23,45,2,1,1,59,315,150,163,135,315,"wisk1_tr.png",1,-45,315,5.2001,1,1.5283,2,0.5518
"Sub065_ToD_Online","YA","Night",1,"wreath1_tr.png",217,217,-0.140476878,-0.186419114,4.1213,182,-0.165054293,-0.165054293,"Bckg71.jpg",229,98,94,3,1,1,110,229,357,97,101,229,"wreath1_tr.png",1,225,225,4.3513,1,1.1335,1,0.668
"Sub066_ToD_Online","YA","Night",1,"apple1_tr.png",483,123,0.202558995,-0.131543349,3.326,282,0.204823892,-0.127988173,"Bckg81.jpg",114,62,30,1,1,1,38,114,347,32,264,114,"apple1_tr.png",1,122,122,2.4273,1,1.0407,1,0.9538
"Sub066_ToD_Online","YA","Night",1,"asparagus1_tr.png",268,268,-0.24137678,-0.008429063,2.051,282,0.138532424,-0.197844805,"Bckg134.jpg",263,47,120,3,1,1,103,263,290,137,190,263,"asparagus1_tr.png",1,145,145,1.4364,1,0.9664,2,0.288
"Sub066_ToD_Online","YA","Night",1,"banana1_tr.png",401,41,0.158453942,0.182280409,4.2839,282,0.16161104,-0.179487244,"Bckg93.jpg",44,114,61,2,1,1,54,44,233,78,338,44,"banana1_tr.png",1,138,138,2.4887,1,1.8476,1,0.334
"Sub066_ToD_Online","YA","Night",1,"bandaid1_tr.png",247,247,-0.222323931,-0.09437091,3.5986,282,-0.192889571,-0.145352717,"Bckg45.jpg",246,107,3,1,1,1,34,246,143,243,11,246,"bandaid1_tr.png",1,233,233,1.7669,1,1.2977,1,0.6008
"Sub066_ToD_Online","YA","Night",1,"bathingsuit1_tr.png",281,281,-0.237086436,0.046084935,1.9576,282,-0.240604839,-0.021050196,"Bckg19.jpg",288,65,113,3,1,1,84,288,311,51,176,288,"bathingsuit1_tr.png",1,-95,265,3.1814,1,1.1591,1,0.3197
"Sub066_ToD_Online","YA","Night",1,"bathroomscale1_tr.png",221,221,-0.158453942,-0.182280409,3.1649,282,-0.192889571,-0.145352717,"Bckg17.jpg",226,17,35,1,1,1,4,226,235,285,318,226,"bathroomscale1_tr.png",1,233,233,2.6439,1,2.5494,1,0.6829
"Sub066_ToD_Online","YA","Night",1,"bed1_tr.png",254,254,-0.232167683,-0.066573012,3.5823,282,0.158453942,0.182280409,"Bckg77.jpg",245,120,1,1,1,1,13,245,138,143,160,245,"bed1_tr.png",1,41,41,4.8182,1,1.2159,1,1.3212
"Sub066_ToD_Online","YA","Night",1,"bike1_tr.png",133,133,0.176639406,-0.164718911,2.4959,282,0.164718911,-0.176639406,"Bckg39.jpg",135,2,26,1,1,1,23,135,209,107,240,135,"bike1_tr.png",1,137,137,3.4298,1,1.2266,2,0.4221
"Sub066_ToD_Online","YA","Night",1,"binder1_tr.png",440,80,0.237854619,0.041940187,4.7338,282,-0.229702888,0.074634993,"Bckg82.jpg",91,21,79,2,1,1,61,91,236,320,312,91,"binder1_tr.png",1,288,288,1.8508,1,1.9862,2,0.2877
"Sub066_ToD_Online","YA","Night",1,"bird1_tr.png",42,42,0.16161104,0.179487244,2.4453,282,0.004215173,-0.241487125,"Bckg2.jpg",39,72,39,1,1,1,31,39,118,137,33,39,"bird1_tr.png",1,179,179,3.3787,1,1.0664,1,0.9336
"Sub066_ToD_Online","YA","Night",1,"boxinggloves1_tr.png",299,299,-0.211241571,0.117093115,4.0342,282,-0.062510988,-0.233294182,"Bckg131.jpg",276,95,106,3,1,1,113,276,159,125,149,276,"boxinggloves1_tr.png",1,195,195,4.5545,1,3.8717,2,0.9011
"Sub066_ToD_Online","YA","Night",1,"christmasstocking1_tr.png",528,168,0.050215645,-0.236246033,4.5017,282,0.135058456,-0.200232396,"Bckg136.jpg",165,50,2,1,1,1,5,165,322,246,121,165,"christmasstocking1_tr.png",1,146,146,3.4216,1,2.1965,1,0.7517
"Sub066_ToD_Online","YA","Night",1,"clock1_tr.png",136,136,0.167776606,-0.173737761,1.4669,282,0.131543349,-0.202558995,"Bckg137.jpg",133,76,41,2,1,1,75,133,128,1,280,133,"clock1_tr.png",1,147,147,3.569,1,1.9382,1,0.3885
"Sub066_ToD_Online","YA","Night",1,"coffeemug1_tr.png",331,331,-0.117093115,0.211241571,3.2355,282,-0.228365343,-0.078632494,"Bckg20.jpg",325,70,95,3,1,1,106,325,253,113,22,325,"coffeemug1_tr.png",1,251,251,3.7569,1,1.1555,2,0.2666
"Sub066_ToD_Online","YA","Night",1,"coke1_tr.png",-31,329,-0.12439401,0.207026398,2.4565,282,-0.131543349,0.202558995,"Bckg78.jpg",322,74,86,3,1,1,115,322,31,323,307,322,"coke1_tr.png",1,327,327,1.6526,1,0.9295,1,0.8021
"Sub066_ToD_Online","YA","Night",1,"crayon1_tr.png",274,274,-0.24093557,0.016847856,2.9011,282,-0.24137678,-0.008429063,"Bckg87.jpg",267,33,46,2,1,1,80,267,220,22,283,267,"crayon1_tr.png",1,-92,268,4.7171,1,1.6046,1,0.4205
"Sub066_ToD_Online","YA","Night",1,"cucumber1_tr.png",450,90,0.24152391,5.91563e-17,3.8171,282,0.213252955,-0.113388607,"Bckg92.jpg",82,87,68,2,1,1,62,82,286,332,303,82,"cucumber1_tr.png",1,478,118,4.4678,1,2.4488,2,0.4676
"Sub066_ToD_Online","YA","Night",1,"dress1_tr.png",435,75,0.233294182,0.062510988,10.5523,282,0.211241571,-0.117093115,"Bckg96.jpg",83,51,74,2,1,1,60,83,239,71,9,83,"dress1_tr.png",1,119,119,1.9682,1,1.1145,1,0.4585
"Sub066_ToD_Online","YA","Night",1,"fantacan1_tr.png",120,120,0.209165842,-0.120761955,2.7086,282,0.204823892,-0.127988173,"Bckg86.jpg",126,84,107,3,1,1,97,126,32,278,53,126,"fantacan1_tr.png",1,482,122,5.5037,1,4.0478,1,1.4345
"Sub066_ToD_Online","YA","Night",1,"fireextinguisher1_tr.png",298,298,-0.213252955,0.113388607,2.8,282,-0.240200817,0.025246123,"Bckg88.jpg",294,85,77,2,1,1,71,294,212,94,215,294,"fireextinguisher1_tr.png",1,-84,276,3.8173,1,1.2809,1,0.4036
"Sub066_ToD_Online","YA","Night",1,"goggle1_tr.png",29,29,0.117093115,0.211241571,3.5931,282,0.135058456,0.200232396,"Bckg120.jpg",25,96,99,3,1,1,91,25,157,292,131,25,"goggle1_tr.png",1,394,34,2.9838,1,1.3507,1,0.8862
"Sub066_ToD_Online","YA","Night",1,"hairdryer1_tr.png",56,56,0.200232396,0.135058456,1.8139,282,0.240604839,0.021050196,"Bckg79.jpg",63,73,119,3,1,1,109,63,52,27,90,63,"hairdryer1_tr.png",1,85,85,1.9208,1,0.8659,2,0.253
"Sub066_ToD_Online","YA","Night",1,"hat1_tr.png",245,245,-0.218895,-0.102072415,2.3002,282,0.155248577,0.185018049,"Bckg133.jpg",235,68,12,1,1,1,8,235,251,330,13,235,"hat1_tr.png",1,400,40,2.2172,1,1.8281,2,0.32
"Sub066_ToD_Online","YA","Night",1,"iceskates1_tr.png",170,170,0.041940187,-0.237854619,3.1632,282,-0.078632494,-0.228365343,"Bckg27.jpg",186,64,104,3,1,1,82,186,280,131,293,186,"iceskates1_tr.png",1,199,199,2.6648,1,1.0224,1,0.4264
"Sub066_ToD_Online","YA","Night",1,"jackolantern1_tr.png",45,45,0.170783195,0.170783195,3.2263,282,0.141964192,-0.195396948,"Bckg21.jpg",51,93,80,2,1,1,47,51,161,66,118,51,"jackolantern1_tr.png",1,144,144,3.8311,1,1.1133,2,0.3177
"Sub066_ToD_Online","YA","Night",1,"jellybeans1_tr.png",227,227,-0.176639406,-0.164718911,3.1851,282,-0.226958236,-0.082606042,"Bckg46.jpg",235,49,18,1,1,1,3,235,347,110,157,235,"jellybeans1_tr.png",1,250,250,4.2467,1,1.847,2,0.6061
"Sub066_ToD_Online","YA","Night",1,"kite1_tr.png",191,191,-0.046084935,-0.237086436,3.2315,282,-0.012640385,-0.24119291,"Bckg128.jpg",181,115,31,1,1,1,11,181,59,221,177,181,"kite1_tr.png",1,183,183,1.95,1,1.0174,1,0.4231
"Sub066_ToD_Online","YA","Night",1,"lipstick1_tr.png",474,114,0.220643071,-0.098236624,4.2195,282,-0.046084935,-0.237086436,"Bckg22.jpg",106,22,50,2,1,1,69,106,284,129,228,106,"lipstick1_tr.png",1,191,191,3.25,1,1.4173,1,0.9017
"Sub066_ToD_Online","YA","Night",1,"paintpalette1_tr.png",243,243,-0.21519938,-0.109649561,3.1209,282,-0.240200817,-0.025246123,"Bckg56.jpg",259,16,59,2,1,1,41,259,311,154,192,259,"paintpalette1_tr.png",1,264,264,4.0659,1,1.3974,1,1.0248
"Sub066_ToD_Online","YA","Night",1,"partyhats1_tr.png",47,47,0.176639406,0.164718911,3.505,282,0.240604839,-0.021050196,"Bckg110.jpg",52,18,73,2,1,1,76,52,175,231,196,52,"partyhats1_tr.png",1,95,95,4.0471,1,0.6795,1,0.9234
"Sub066_ToD_Online","YA","Night",1,"pickle1_tr.png",157,157,0.09437091,-0.222323931,2.8194,282,0.058429922,-0.234349618,"Bckg66.jpg",150,83,53,2,1,1,73,150,65,78,256,150,"pickle1_tr.png",1,166,166,3.3716,1,1.2655,1,0.4483
"Sub066_ToD_Online","YA","Night",1,"pinecone1_tr.png",158,158,0.090476449,-0.22393707,2.3824,282,0.176639406,0.164718911,"Bckg10.jpg",167,55,19,1,1,1,15,167,204,167,102,167,"pinecone1_tr.png",1,47,47,3.2211,1,2.3473,2,0.2988
"Sub066_ToD_Online","YA","Night",1,"pizza1_tr.png",31,31,0.12439401,0.207026398,3.717,282,0.138532424,0.197844805,"Bckg83.jpg",31,80,84,3,1,1,100,31,153,237,175,31,"pizza1_tr.png",1,395,35,4.179,1,1.1084,1,1.488
"Sub066_ToD_Online","YA","Night",1,"podium1_tr.png",-3,357,-0.012640385,0.24119291,2.5021,282,0.120761955,0.209165842,"Bckg75.jpg",356,113,72,2,1,1,44,356,73,322,182,356,"podium1_tr.png",1,390,30,2.766,1,1.1783,2,0.386
"Sub066_ToD_Online","YA","Night",1,"popcorn1_tr.png",141,141,0.151995921,-0.187699331,2.9458,282,-0.204823892,0.127988173,"Bckg76.jpg",144,15,10,1,1,1,16,144,211,30,310,144,"popcorn1_tr.png",1,-58,302,3.3358,1,2.0985,2,0.2891
"Sub066_ToD_Online","YA","Night",1,"potatochips1_tr.png",22,22,0.090476449,0.22393707,3.6668,282,0.173737761,0.167776606,"Bckg124.jpg",13,81,114,3,1,1,98,13,164,112,355,13,"potatochips1_tr.png",1,46,46,2.2013,1,1.0918,2,0.5402
"Sub066_ToD_Online","YA","Night",1,"qtips1_tr.png",157,157,0.09437091,-0.222323931,2.6343,282,-0.062510988,-0.233294182,"Bckg129.jpg",171,92,109,3,1,1,93,171,235,155,124,171,"qtips1_tr.png",1,195,195,2.6311,1,1.2789,1,0.4343
"Sub066_ToD_Online","YA","Night",1,"ricecooker1_tr.png",378,18,0.074634993,0.229702888,5.9316,282,-0.145352717,0.192889571,"Bckg102.jpg",14,19,9,1,1,1,9,14,178,267,92,14,"ricecooker1_tr.png",1,323,323,2.6472,1,1.1934,2,0.3212
"Sub066_ToD_Online","YA","Night",1,"rollingpin1_tr.png",230,230,-0.185018049,-0.155248577,4.6147,282,-0.167776606,-0.173737761,"Bckg69.jpg",228,89,20,1,1,1,28,228,12,120,126,228,"rollingpin1_tr.png",1,224,224,3.2561,1,0.8362,1,0.6357
"Sub066_ToD_Online","YA","Night",1,"rubikscube1_tr.png",122,122,0.204823892,-0.127988173,2.869,282,-0.226958236,-0.082606042,"Bckg122.jpg",113,105,48,2,1,1,78,113,4,222,200,113,"rubikscube1_tr.png",1,250,250,2.0121,1,1.4223,2,0.3155
"Sub066_ToD_Online","YA","Night",1,"scarf1_tr.png",275,275,-0.240604839,0.021050196,1.8685,282,-0.239173416,-0.033613632,"Bckg51.jpg",276,59,45,2,1,1,56,276,231,56,236,276,"scarf1_tr.png",1,-98,262,4.0461,1,2.6093,1,0.8844
"Sub066_ToD_Online","YA","Night",1,"seashell1_tr.png",196,196,-0.066573012,-0.232167683,1.8505,282,-0.105877113,-0.217080252,"Bckg8.jpg",205,13,105,3,1,1,119,205,224,134,59,205,"seashell1_tr.png",1,206,206,2.5677,1,0.9692,1,0.2407
"Sub066_ToD_Online","YA","Night",1,"sippycup1_tr.png",118,118,0.213252955,-0.113388607,2.5698,282,0.23855035,-0.037782664,"Bckg105.jpg",107,106,40,1,1,1,12,107,24,15,204,107,"sippycup1_tr.png",1,99,99,2.3777,1,1.3775,1,0.387
"Sub066_ToD_Online","YA","Night",1,"spoon1_tr.png",155,155,0.102072415,-0.218895,3.6965,282,-0.046084935,0.237086436,"Bckg67.jpg",161,10,14,1,1,1,18,161,301,195,183,161,"spoon1_tr.png",1,349,349,7.1163,1,3.0123,1,0.8334
"Sub066_ToD_Online","YA","Night",1,"steeringwheel1_tr.png",252,252,-0.229702888,-0.074634993,3.669,282,-0.225481995,-0.086554428,"Bckg62.jpg",229,90,22,1,1,1,20,229,132,225,181,229,"steeringwheel1_tr.png",1,249,249,2.7494,1,1.4518,1,0.4717
"Sub066_ToD_Online","YA","Night",1,"streamer1_tr.png",-23,337,-0.09437091,0.222323931,2.8827,282,-0.074634993,0.229702888,"Bckg4.jpg",338,35,91,3,1,1,89,338,69,290,195,338,"streamer1_tr.png",1,342,342,2.5986,1,1.3,1,0.6037
"Sub066_ToD_Online","YA","Night",1,"sunglasses1_tr.png",391,31,0.12439401,0.207026398,2.8724,282,0.12439401,-0.207026398,"Bckg11.jpg",27,29,62,2,1,1,53,27,287,111,147,27,"sunglasses1_tr.png",1,149,149,2.1666,1,1.719,2,0.3008
"Sub066_ToD_Online","YA","Night",1,"telephonebooth1_tr.png",224,224,-0.167776606,-0.173737761,3.6401,282,-0.131543349,-0.202558995,"Bckg107.jpg",214,63,25,1,1,1,26,214,64,281,300,214,"telephonebooth1_tr.png",1,213,213,2.1132,1,1.0841,2,0.4152
"Sub066_ToD_Online","YA","Night",1,"toaster1_tr.png",359,359,-0.004215173,0.241487125,2.5666,282,-0.086554428,0.225481995,"Bckg104.jpg",358,119,17,1,1,1,7,358,291,211,356,358,"toaster1_tr.png",1,339,339,3.6319,1,1.2813,2,0.3342
"Sub066_ToD_Online","YA","Night",1,"towels1_tr.png",198,198,-0.074634993,-0.229702888,2.6721,282,0.02943436,0.239723627,"Bckg115.jpg",193,37,71,2,1,1,70,193,106,21,53,193,"towels1_tr.png",1,7,7,3.1189,1,1.0471,1,0.52
"Sub066_ToD_Online","YA","Night",1,"trumpet1_tr.png",361,1,0.004215173,0.241487125,3.3506,282,-0.012640385,0.24119291,"Bckg130.jpg",355,58,90,3,1,1,110,355,313,133,32,355,"trumpet1_tr.png",1,-3,357,3.9813,1,1.0629,1,0.3983
"Sub066_ToD_Online","YA","Night",1,"turtle1_tr.png",221,221,-0.158453942,-0.182280409,1.542,282,-0.141964192,-0.195396948,"Bckg44.jpg",223,61,78,2,1,1,52,223,185,158,305,223,"turtle1_tr.png",1,216,216,2.579,1,2.4886,1,1.0342
"Sub066_ToD_Online","YA","Night",1,"vacuum1_tr.png",481,121,0.207026398,-0.12439401,4.1504,282,-0.24137678,-0.008429063,"Bckg60.jpg",108,97,81,3,1,1,85,108,327,356,335,108,"vacuum1_tr.png",1,268,268,2.7163,1,1.2641,2,0.8683
"Sub066_ToD_Online","YA","Night",1,"wagon1_tr.png",95,95,0.240604839,-0.021050196,1.4486,282,0.234349618,-0.058429922,"Bckg47.jpg",95,38,21,1,1,1,32,95,87,36,143,95,"wagon1_tr.png",1,104,104,3.8859,1,1.6299,1,0.6499
"Sub066_ToD_Online","YA","Night",1,"washingmachine1_tr.png",346,346,-0.058429922,0.234349618,2.2025,282,0.23855035,0.037782664,"Bckg85.jpg",341,34,76,2,1,1,65,341,282,53,158,341,"washingmachine1_tr.png",1,81,81,2.4096,1,2.2691,2,0.7272
"Sub066_ToD_Online","YA","Night",1,"wheelchair1_tr.png",170,170,0.041940187,-0.237854619,2.3744,282,-0.008429063,-0.24137678,"Bckg80.jpg",171,52,82,3,1,1,102,171,180,294,263,171,"wheelchair1_tr.png",1,182,182,3.2503,1,1.5986,1,0.5881
"Sub066_ToD_Online","YA","Night",1,"woodenbox1_tr.png",343,343,-0.070614757,0.230970464,4.2528,282,0.197844805,0.138532424,"Bckg9.jpg",346,69,118,3,1,1,90,346,209,115,175,346,"woodenbox1_tr.png",1,55,55,2.543,1,0.871,2,0.2675
"Sub067_ToD_Online","OA","Night",1,"airfreshener1_tr.png",364,4,0.010707477,0.153124057,5.4375,90,0.002678909,0.153474592,"Bckg42.jpg",2,91,33,1,1,1,23,2,156,345,88,2,"airfreshener1_tr.png",1,361,1,5.4002,1,2.2135,1,1.5234
"Sub067_ToD_Online","OA","Night",1,"bandaid1_tr.png",265,265,-0.152913864,-0.01337823,4.568,90,-0.139116406,0.064871045,"Bckg45.jpg",246,107,35,1,1,1,16,246,143,243,11,246,"bandaid1_tr.png",1,295,295,5.6724,1,1.9574,2,1.4218
"Sub067_ToD_Online","OA","Night",1,"binder1_tr.png",236,236,NA,NA,0.4502,90,-0.153404463,-0.005357002,"Bckg82.jpg",91,21,75,2,1,1,59,91,236,320,312,91,"binder1_tr.png",1,268,268,3.4203,1,1.8384,2,0.5389
"Sub067_ToD_Online","OA","Night",1,"boxinggloves1_tr.png",277,277,-0.152353819,0.018706697,3.442,90,-0.055008753,0.1433027,"Bckg131.jpg",276,95,92,3,1,1,110,276,159,125,149,276,"boxinggloves1_tr.png",1,-21,339,4.325,1,1.7333,2,0.688
"Sub067_ToD_Online","OA","Night",1,"breakfast1_tr.png",286,286,-0.147551719,0.042309775,3.6514,90,-0.152353819,-0.018706697,"Bckg89.jpg",300,3,2,1,1,1,14,300,348,149,173,300,"breakfast1_tr.png",1,263,263,4.4836,1,1.5417,2,0.8503
"Sub067_ToD_Online","OA","Night",1,"cabinet1_tr.png",361,1,0.002678909,0.153474592,4.9172,90,NA,NA,"Bckg13.jpg",355,110,3,1,1,1,3,355,291,250,164,355,"cabinet1_tr.png",1,250,250,1.1573,1,1.4146,2,2.3147
"Sub067_ToD_Online","OA","Night",1,"christmasstocking1_tr.png",154,154,0.067289081,-0.137963062,4.8147,90,0.140227373,0.062433249,"Bckg136.jpg",165,50,38,1,1,1,19,165,322,246,121,165,"christmasstocking1_tr.png",1,426,66,7.8872,1,2.6065,2,2.4034
"Sub067_ToD_Online","OA","Night",1,"clock1_tr.png",134,134,0.110417199,-0.10662865,2.3694,90,0.152913864,-0.01337823,"Bckg137.jpg",133,76,15,1,1,1,40,133,128,1,280,133,"clock1_tr.png",1,95,95,4.1415,1,1.3989,1,1.1847
"Sub067_ToD_Online","OA","Night",1,"cookie1_tr.png",210,210,-0.076748985,-0.132933141,2.7907,90,0.153287606,0.008033463,"Bckg1.jpg",196,109,63,2,1,1,71,196,142,307,242,196,"cookie1_tr.png",1,447,87,5.8988,1,2.098,2,0.8004
"Sub067_ToD_Online","OA","Night",1,"crayon1_tr.png",268,268,-0.153404463,-0.005357002,7.1355,90,-0.152004138,-0.021362788,"Bckg87.jpg",267,33,83,3,1,1,105,267,220,22,283,267,"crayon1_tr.png",1,-98,262,5.9908,1,2.6835,2,0.9592
"Sub067_ToD_Online","OA","Night",1,"fantacan1_tr.png",136,136,0.10662865,-0.110417199,3.6516,90,-0.016044907,0.152657092,"Bckg86.jpg",126,84,7,1,1,1,5,126,32,278,53,126,"fantacan1_tr.png",1,354,354,3.8167,1,1.2066,2,1.1744
"Sub067_ToD_Online","OA","Night",1,"fireextinguisher1_tr.png",308,308,-0.120958051,0.094502787,4.368,90,0.031914022,0.150143671,"Bckg88.jpg",294,85,42,2,1,1,54,294,212,94,215,294,"fireextinguisher1_tr.png",1,12,12,5.8391,1,2.1004,2,0.7669
"Sub067_ToD_Online","OA","Night",1,"hairdryer1_tr.png",44,44,0.10662865,0.110417199,5.324,90,NA,NA,"Bckg79.jpg",63,73,72,2,1,1,72,63,52,27,90,63,"hairdryer1_tr.png",1,27,27,0.9131,1,2.379,2,1.2649
"Sub067_ToD_Online","OA","Night",1,"hammer1_tr.png",255,255,-0.148267654,-0.039728198,4.7043,90,0.079057299,0.131573441,"Bckg138.jpg",237,118,32,1,1,1,9,237,139,321,245,237,"hammer1_tr.png",1,391,31,3.6794,1,1.3214,2,0.7729
"Sub067_ToD_Online","OA","Night",1,"jackolantern1_tr.png",55,55,0.125738176,0.088042819,5.4335,90,0.085834976,0.127255584,"Bckg21.jpg",51,93,51,2,1,1,56,51,161,66,118,51,"jackolantern1_tr.png",1,34,34,5.0835,1,1.4328,1,0.7063
"Sub067_ToD_Online","OA","Night",1,"jellybeans1_tr.png",227,227,-0.112261309,-0.104685364,3.7502,90,0.026654643,0.151165991,"Bckg46.jpg",235,49,94,3,1,1,84,235,347,110,157,235,"jellybeans1_tr.png",1,10,10,3.939,1,1.0189,2,1.0375
"Sub067_ToD_Online","OA","Night",1,"kite1_tr.png",177,177,0.008033463,-0.153287606,3.5213,90,0.039728198,-0.148267654,"Bckg128.jpg",181,115,118,3,1,1,90,181,59,221,177,181,"kite1_tr.png",1,165,165,3.5172,1,1.0316,2,0.6665
"Sub067_ToD_Online","OA","Night",1,"lei1_tr.png",44,44,0.10662865,0.110417199,5.5823,90,0.150143671,-0.031914022,"Bckg119.jpg",49,5,44,2,1,1,42,49,174,32,226,49,"lei1_tr.png",1,102,102,3.5486,1,1.959,2,0.8505
"Sub067_ToD_Online","OA","Night",1,"lipstick1_tr.png",488,128,0.120958051,-0.094502787,4.9165,90,0.119290327,0.096599403,"Bckg22.jpg",106,22,28,1,1,1,39,106,284,129,228,106,"lipstick1_tr.png",1,51,51,5.741,1,1.1996,1,1.7832
"Sub067_ToD_Online","OA","Night",1,"motorcycle1_tr.png",260,260,-0.151165991,-0.026654643,3.1661,90,-0.12258893,0.092377384,"Bckg100.jpg",260,4,111,3,1,1,89,260,342,17,98,260,"motorcycle1_tr.png",1,-53,307,3.4797,1,1.1138,2,1.0673
"Sub067_ToD_Online","OA","Night",1,"nailpolish1_tr.png",314,314,-0.110417199,0.10662865,6.066,90,-0.052499398,0.14424091,"Bckg84.jpg",301,32,29,1,1,1,37,301,148,320,226,301,"nailpolish1_tr.png",1,340,340,6.249,1,1.3985,2,1.0419
"Sub067_ToD_Online","OA","Night",1,"oven1_tr.png",493,133,0.112261309,-0.104685364,4.5002,90,0.146790839,0.044878463,"Bckg55.jpg",111,9,113,3,1,1,120,111,305,27,70,111,"oven1_tr.png",1,73,73,4.1349,1,1.2662,2,0.3695
"Sub067_ToD_Online","OA","Night",1,"partyhats1_tr.png",59,59,0.131573441,0.079057299,4.7502,90,0.151608155,0.024012373,"Bckg110.jpg",52,18,36,1,1,1,35,52,175,231,196,52,"partyhats1_tr.png",1,441,81,6.9032,1,2.0673,1,1.0427
"Sub067_ToD_Online","OA","Night",1,"pickle1_tr.png",163,163,0.044878463,-0.146790839,3.3005,90,0.057501352,-0.142320839,"Bckg66.jpg",150,83,6,1,1,1,29,150,65,78,256,150,"pickle1_tr.png",1,158,158,4.4194,1,1.5668,2,0.8344
"Sub067_ToD_Online","OA","Night",1,"pin1_tr.png",318,318,-0.10271019,0.114071222,2.9087,90,NA,NA,"Bckg59.jpg",300,82,23,1,1,1,17,300,260,88,40,300,"pin1_tr.png",1,88,88,1.1671,1,2.1864,2,2.3716
"Sub067_ToD_Online","OA","Night",1,"pizza1_tr.png",29,29,0.074417293,0.13425235,6.2331,90,NA,NA,"Bckg83.jpg",31,80,48,2,1,1,65,31,153,237,175,31,"pizza1_tr.png",1,237,237,1.0821,1,1.2475,2,1.184
"Sub067_ToD_Online","OA","Night",1,"rubikscube1_tr.png",120,120,0.132933141,-0.076748985,3.7505,90,-0.010707477,-0.153124057,"Bckg122.jpg",113,105,21,1,1,1,20,113,4,222,200,113,"rubikscube1_tr.png",1,184,184,3.7543,1,1.2848,2,0.8915
"Sub067_ToD_Online","OA","Night",1,"scarf1_tr.png",277,277,-0.152353819,0.018706697,3.7335,90,-0.15349797,1.87981e-17,"Bckg51.jpg",276,59,86,3,1,1,118,276,231,56,236,276,"scarf1_tr.png",1,-90,270,5.3663,1,1.0502,2,1.1241
"Sub067_ToD_Online","OA","Night",1,"silvertray1_tr.png",299,299,-0.13425235,0.074417293,5.1247,90,0.153474592,0.002678909,"Bckg64.jpg",288,6,46,2,1,1,50,288,241,343,248,288,"silvertray1_tr.png",1,449,89,3.7092,1,3.2403,2,0.6097
"Sub067_ToD_Online","OA","Night",1,"soccerball1_tr.png",34,34,0.085834976,0.127255584,3.7038,90,NA,NA,"Bckg101.jpg",43,53,1,1,1,1,24,43,86,145,39,43,"soccerball1_tr.png",1,145,145,1.9503,1,1.2666,2,1.4038
"Sub067_ToD_Online","OA","Night",1,"spoon1_tr.png",163,163,0.044878463,-0.146790839,7.1829,90,0.079057299,-0.131573441,"Bckg67.jpg",161,10,22,1,1,1,30,161,301,195,183,161,"spoon1_tr.png",1,149,149,7.0302,1,1.7199,1,1.8599
"Sub067_ToD_Online","OA","Night",1,"steeringwheel1_tr.png",226,226,-0.110417199,-0.10662865,3.1869,90,-0.13425235,0.074417293,"Bckg62.jpg",229,90,95,3,1,1,99,229,132,225,181,229,"steeringwheel1_tr.png",1,299,299,4.8856,1,3.4168,2,0.7009
"Sub067_ToD_Online","OA","Night",1,"suit1_tr.png",277,277,-0.152353819,0.018706697,5.1813,90,0.002678909,0.153474592,"Bckg52.jpg",262,36,25,1,1,1,33,262,153,255,138,262,"suit1_tr.png",1,361,1,6.9943,1,2.4666,1,3.5137
"Sub067_ToD_Online","OA","Night",1,"telephonebooth1_tr.png",220,220,-0.098666593,-0.117586267,4.8366,90,NA,NA,"Bckg107.jpg",214,63,71,2,1,1,69,214,64,281,300,214,"telephonebooth1_tr.png",1,281,281,1.1182,1,1.1239,2,1.041
"Sub067_ToD_Online","OA","Night",1,"toad1_tr.png",392,32,0.081341531,0.130173661,4.1727,90,NA,NA,"Bckg65.jpg",25,27,97,3,1,1,93,25,278,24,220,25,"toad1_tr.png",1,24,24,2.1573,1,1.4559,1,1.2814
"Sub067_ToD_Online","OA","Night",1,"toaster1_tr.png",361,1,0.002678909,0.153474592,2.9668,90,0.151608155,0.024012373,"Bckg104.jpg",358,119,62,2,1,1,76,358,291,211,356,358,"toaster1_tr.png",1,81,81,4.5596,1,1.1666,2,0.8254
"Sub067_ToD_Online","OA","Night",1,"toothpaste1_tr.png",262,262,-0.152004138,-0.021362788,3.1864,90,-0.152353819,0.018706697,"Bckg38.jpg",259,1,52,2,1,1,45,259,232,85,230,259,"toothpaste1_tr.png",1,-83,277,7.7227,1,2.4455,1,1.1899
"Sub067_ToD_Online","OA","Night",1,"tractor1_tr.png",-40,320,-0.098666593,0.117586267,4.7666,90,NA,NA,"Bckg63.jpg",316,86,104,3,1,1,119,316,132,20,87,316,"tractor1_tr.png",1,20,20,0.7758,1,1.1172,2,1.1647
"Sub067_ToD_Online","OA","Night",1,"wagon1_tr.png",97,97,0.152353819,-0.018706697,3.317,90,0.14424091,-0.052499398,"Bckg47.jpg",95,38,8,1,1,1,34,95,87,36,143,95,"wagon1_tr.png",1,110,110,5.3754,1,1.7573,1,1.6646
"Sub067_ToD_Online","OA","Night",1,"wreath1_tr.png",215,215,-0.088042819,-0.125738176,5.1168,90,-0.153474592,-0.002678909,"Bckg71.jpg",229,98,114,3,1,1,107,229,357,97,101,229,"wreath1_tr.png",1,-91,269,6.9365,1,1.3345,2,0.7839
"Sub068_ToD_Online","OA","Night",1,"abacus1_tr.png",303,303,-0.12377585,0.080380977,6.798,169,-0.106164326,0.102521697,"Bckg135.jpg",299,41,14,1,1,1,15,299,113,108,23,299,"abacus1_tr.png",1,-46,314,5.164,1,1.877,1,1.324
"Sub068_ToD_Online","OA","Night",1,"airfreshener1_tr.png",2,2,0.005150669,0.147495875,4.888,169,0.033199577,0.143803166,"Bckg42.jpg",2,91,117,3,1,1,119,2,156,345,88,2,"airfreshener1_tr.png",1,373,13,2.631,1,1.281,1,1.224
"Sub068_ToD_Online","OA","Night",1,"apple1_tr.png",473,113,0.135853427,-0.057666358,4.281,169,0.138685268,-0.05047731,"Bckg81.jpg",114,62,106,3,1,1,117,114,347,32,264,114,"apple1_tr.png",1,110,110,3.329,1,1.71,2,0.869
"Sub068_ToD_Online","OA","Night",1,"asparagus1_tr.png",270,270,-0.14758578,-1.8074e-17,3.833,169,0.147383519,-0.007724043,"Bckg134.jpg",263,47,55,2,1,1,52,263,290,137,190,263,"asparagus1_tr.png",1,93,93,2.963,1,1.483,2,1.158
"Sub068_ToD_Online","OA","Night",1,"banana1_tr.png",399,39,0.092878741,0.114695693,5.521,169,0.086748745,0.119399404,"Bckg93.jpg",44,114,30,1,1,1,36,44,233,78,338,44,"banana1_tr.png",1,36,36,4.132,1,0.815,2,1.292
"Sub068_ToD_Online","OA","Night",1,"bed1_tr.png",238,238,-0.12515984,-0.078208548,4,169,-0.117867245,-0.08881934,"Bckg77.jpg",245,120,74,2,1,1,78,245,138,143,160,245,"bed1_tr.png",1,233,233,3.663,1,2.333,1,1.317
"Sub068_ToD_Online","OA","Night",1,"binder1_tr.png",440,80,0.14534362,0.025628002,5.754,169,0.146149485,0.020539971,"Bckg82.jpg",91,21,112,3,1,1,110,91,236,320,312,91,"binder1_tr.png",1,442,82,3.436,1,1.509,1,1.161
"Sub068_ToD_Online","OA","Night",1,"bottleofwine1_tr.png",113,113,0.135853427,-0.057666358,2.431,169,0.023087503,-0.145768754,"Bckg29.jpg",126,71,114,3,1,1,85,126,55,131,270,126,"bottleofwine1_tr.png",1,171,171,13.315,1,1.871,2,1.802
"Sub068_ToD_Online","OA","Night",1,"bow1_tr.png",161,161,0.04804923,-0.139545096,4.364,169,0.071551006,-0.129081432,"Bckg54.jpg",172,67,97,3,1,1,105,172,311,5,258,172,"bow1_tr.png",1,151,151,3.699,1,2.037,2,1.699
"Sub068_ToD_Online","OA","Night",1,"bowlingpin1_tr.png",293,293,-0.135853427,0.057666358,4.188,169,-0.080380977,-0.12377585,"Bckg34.jpg",301,48,36,1,1,1,39,301,219,51,324,301,"bowlingpin1_tr.png",1,213,213,7.15,1,2.154,2,1.322
"Sub068_ToD_Online","OA","Night",1,"boxinggloves1_tr.png",287,287,-0.141136983,0.043149906,5.554,169,-0.142556916,0.038198011,"Bckg131.jpg",276,95,59,2,1,1,54,276,159,125,149,276,"boxinggloves1_tr.png",1,285,285,4.747,1,1.834,2,1.369
"Sub068_ToD_Online","OA","Night",1,"coffeemug1_tr.png",309,309,-0.114695693,0.092878741,3.403,169,-0.141136983,0.043149906,"Bckg20.jpg",325,70,101,3,1,1,103,325,253,113,22,325,"coffeemug1_tr.png",1,-73,287,4.351,1,2.103,2,1.216
"Sub068_ToD_Online","OA","Night",1,"cookie1_tr.png",194,194,-0.035704232,-0.143201852,3.635,169,0.084651726,-0.120895193,"Bckg1.jpg",196,109,45,2,1,1,57,196,142,307,242,196,"cookie1_tr.png",1,145,145,6.5,1,1.282,2,1.333
"Sub068_ToD_Online","OA","Night",1,"cucumber1_tr.png",436,76,0.143201852,0.035704232,3.965,169,0.106164326,0.102521697,"Bckg92.jpg",82,87,2,1,1,1,30,82,286,332,303,82,"cucumber1_tr.png",1,406,46,3.615,1,2.031,2,1.157
"Sub068_ToD_Online","OA","Night",1,"dress1_tr.png",77,77,0.143803166,0.033199577,5.315,169,0.144874214,0.028160694,"Bckg96.jpg",83,51,6,1,1,1,34,83,239,71,9,83,"dress1_tr.png",1,79,79,4.752,1,2.231,1,3.302
"Sub068_ToD_Online","OA","Night",1,"fireextinguisher1_tr.png",310,310,-0.113057267,0.094866311,4.679,169,0.116299182,0.090862879,"Bckg88.jpg",294,85,52,2,1,1,56,294,212,94,215,294,"fireextinguisher1_tr.png",1,52,52,3.697,1,1.38,2,1.455
"Sub068_ToD_Online","OA","Night",1,"granola1_tr.png",202,202,-0.055286606,-0.136839152,3.735,169,-0.015426915,-0.14677729,"Bckg49.jpg",191,103,88,3,1,1,102,191,262,206,48,191,"granola1_tr.png",1,186,186,4.555,1,2.337,1,0.718
"Sub068_ToD_Online","OA","Night",1,"grater1_tr.png",225,225,-0.104358906,-0.104358906,3.022,169,-0.117867245,-0.08881934,"Bckg118.jpg",227,108,7,1,1,1,17,227,183,311,225,227,"grater1_tr.png",1,233,233,3.466,1,1.417,2,1.273
"Sub068_ToD_Online","OA","Night",1,"hotdog1_tr.png",503,143,0.08881934,-0.117867245,5.748,169,0.129081432,0.071551006,"Bckg126.jpg",152,42,47,2,1,1,46,152,327,275,320,152,"hotdog1_tr.png",1,421,61,5.154,1,1.865,2,1.02
"Sub068_ToD_Online","OA","Night",1,"iceskates1_tr.png",184,184,-0.010295064,-0.147226268,4.641,169,0.062372446,-0.133758142,"Bckg27.jpg",186,64,42,2,1,1,60,186,280,131,293,186,"iceskates1_tr.png",1,155,155,3.162,1,1.476,2,1.584
"Sub068_ToD_Online","OA","Night",1,"jackolantern1_tr.png",51,51,0.114695693,0.092878741,3.599,169,0.122354157,-0.082528921,"Bckg21.jpg",51,93,96,3,1,1,91,51,161,66,118,51,"jackolantern1_tr.png",1,124,124,2.021,1,1.218,1,0.959
"Sub068_ToD_Online","OA","Night",1,"jellybeans1_tr.png",243,243,-0.131499893,-0.067002542,2.973,169,-0.069287327,-0.130310509,"Bckg46.jpg",235,49,89,3,1,1,106,235,347,110,157,235,"jellybeans1_tr.png",1,208,208,2.805,1,1.41,2,1.002
"Sub068_ToD_Online","OA","Night",1,"motorcycle1_tr.png",264,264,-0.14677729,-0.015426915,3.246,169,-0.137783195,0.052890013,"Bckg100.jpg",260,4,61,2,1,1,65,260,342,17,98,260,"motorcycle1_tr.png",1,-69,291,4.081,1,2.025,2,1.028
"Sub068_ToD_Online","OA","Night",1,"mouthwash1_tr.png",-5,355,-0.012862948,0.147024172,5.26,169,-0.025628002,0.14534362,"Bckg109.jpg",352,100,65,2,1,1,62,352,115,250,226,352,"mouthwash1_tr.png",1,350,350,5.006,1,1.663,2,1.625
"Sub068_ToD_Online","OA","Night",1,"nailpolish1_tr.png",306,306,-0.119399404,0.086748745,4.298,169,-0.144360677,0.030684809,"Bckg84.jpg",301,32,113,3,1,1,120,301,148,320,226,301,"nailpolish1_tr.png",1,282,282,2.063,1,1.295,1,0.959
"Sub068_ToD_Online","OA","Night",1,"partyhats1_tr.png",51,51,0.114695693,0.092878741,6.181,169,0.135853427,0.057666358,"Bckg110.jpg",52,18,43,2,1,1,42,52,175,231,196,52,"partyhats1_tr.png",1,427,67,4.933,1,3.319,1,1.369
"Sub068_ToD_Online","OA","Night",1,"penguin1_tr.png",453,93,0.147383519,-0.007724043,6.382,169,0.147226268,0.010295064,"Bckg114.jpg",71,7,22,1,1,1,22,71,333,350,66,71,"penguin1_tr.png",1,446,86,5.519,1,1.68,1,1.585
"Sub068_ToD_Online","OA","Night",1,"pickle1_tr.png",125,125,0.120895193,-0.084651726,2.623,169,-0.086748745,-0.119399404,"Bckg66.jpg",150,83,28,1,1,1,31,150,65,78,256,150,"pickle1_tr.png",1,216,216,9.982,1,1.796,2,2.216
"Sub068_ToD_Online","OA","Night",1,"pin1_tr.png",308,308,-0.116299182,0.090862879,2.419,169,-0.106164326,0.102521697,"Bckg59.jpg",300,82,95,3,1,1,88,300,260,88,40,300,"pin1_tr.png",1,-46,314,4.365,1,1.497,2,0.973
"Sub068_ToD_Online","OA","Night",1,"plant1_tr.png",219,219,-0.092878741,-0.114695693,3.188,169,-0.133758142,-0.062372446,"Bckg116.jpg",229,75,10,1,1,1,11,229,191,233,122,229,"plant1_tr.png",1,245,245,4.034,1,2.309,2,1.351
"Sub068_ToD_Online","OA","Night",1,"pokerchips1_tr.png",23,23,0.057666358,0.135853427,3.185,169,0.033199577,0.143803166,"Bckg127.jpg",11,88,57,2,1,1,64,11,51,229,63,11,"pokerchips1_tr.png",1,373,13,4.836,1,1.413,1,1.468
"Sub068_ToD_Online","OA","Night",1,"ricecooker1_tr.png",28,28,0.069287327,0.130310509,4.349,169,0.147383519,-0.007724043,"Bckg102.jpg",14,19,115,3,1,1,101,14,178,267,92,14,"ricecooker1_tr.png",1,453,93,4.566,1,2.182,2,0.909
"Sub068_ToD_Online","OA","Night",1,"rubikscube1_tr.png",104,104,0.143201852,-0.035704232,4.23,169,0.140362418,-0.045606514,"Bckg122.jpg",113,105,70,2,1,1,48,113,4,222,200,113,"rubikscube1_tr.png",1,108,108,4.917,1,2.189,1,1.132
"Sub068_ToD_Online","OA","Night",1,"scarf1_tr.png",279,279,-0.145768754,0.023087503,3.135,169,0.146149485,0.020539971,"Bckg51.jpg",276,59,35,1,1,1,25,276,231,56,236,276,"scarf1_tr.png",1,82,82,4.754,1,1.896,2,1.351
"Sub068_ToD_Online","OA","Night",1,"sink1_tr.png",177,177,0.007724043,-0.147383519,2.882,169,-0.007724043,-0.147383519,"Bckg32.jpg",178,112,91,3,1,1,112,178,267,137,336,178,"sink1_tr.png",1,183,183,2.905,1,2.294,1,1.051
"Sub068_ToD_Online","OA","Night",1,"sippycup1_tr.png",108,108,0.140362418,-0.045606514,2.831,169,0.147563302,0.002575727,"Bckg105.jpg",107,106,90,3,1,1,89,107,24,15,204,107,"sippycup1_tr.png",1,89,89,3.248,1,1.798,1,1.208
"Sub068_ToD_Online","OA","Night",1,"skippingrope1_tr.png",65,65,0.133758142,0.062372446,6.354,169,0.133758142,0.062372446,"Bckg7.jpg",60,45,79,2,1,1,43,60,87,213,277,60,"skippingrope1_tr.png",1,65,65,4.564,1,3.832,2,1.118
"Sub068_ToD_Online","OA","Night",1,"steeringwheel1_tr.png",226,226,-0.106164326,-0.102521697,4.577,169,-0.142556916,-0.038198011,"Bckg62.jpg",229,90,18,1,1,1,20,229,132,225,181,229,"steeringwheel1_tr.png",1,255,255,3.728,1,1.575,2,1.42
"Sub068_ToD_Online","OA","Night",1,"stoplights1_tr.png",224,224,-0.102521697,-0.106164326,3.016,169,0.045606514,-0.140362418,"Bckg53.jpg",219,60,24,1,1,1,29,219,214,124,240,219,"stoplights1_tr.png",1,162,162,5.388,1,2.016,2,1.446
"Sub068_ToD_Online","OA","Night",1,"streamer1_tr.png",-27,333,-0.067002542,0.131499893,5.199,169,0.05047731,0.138685268,"Bckg4.jpg",338,35,9,1,1,1,7,338,69,290,195,338,"streamer1_tr.png",1,380,20,4.841,1,1.648,1,2.666
"Sub068_ToD_Online","OA","Night",1,"sunglasses1_tr.png",387,27,0.067002542,0.131499893,3.642,169,0.129081432,0.071551006,"Bckg11.jpg",27,29,110,3,1,1,111,27,287,111,147,27,"sunglasses1_tr.png",1,61,61,2.714,1,4.985,2,0.95
"Sub068_ToD_Online","OA","Night",1,"telephonebooth1_tr.png",212,212,-0.078208548,-0.12515984,4.49,169,-0.002575727,0.147563302,"Bckg107.jpg",214,63,56,2,1,1,71,214,64,281,300,214,"telephonebooth1_tr.png",1,359,359,4.193,1,3.733,2,1.855
"Sub068_ToD_Online","OA","Night",1,"toad1_tr.png",394,34,0.082528921,0.122354157,4.204,169,0.078208548,-0.12515984,"Bckg65.jpg",25,27,86,3,1,1,116,25,278,24,220,25,"toad1_tr.png",1,148,148,3.297,1,1.53,2,0.901
"Sub068_ToD_Online","OA","Night",1,"toaster1_tr.png",353,353,-0.017986182,0.146485698,2.833,169,-0.012862948,0.147024172,"Bckg104.jpg",358,119,98,3,1,1,98,358,291,211,356,358,"toaster1_tr.png",1,355,355,5.238,1,1.543,1,2.146
"Sub068_ToD_Online","OA","Night",1,"trophy1_tr.png",76,76,0.143201852,0.035704232,3.004,169,-0.078208548,-0.12515984,"Bckg68.jpg",75,99,108,3,1,1,84,75,66,178,228,75,"trophy1_tr.png",1,212,212,2.887,1,3.716,2,0.907
"Sub068_ToD_Online","OA","Night",1,"trumpet1_tr.png",349,349,-0.028160694,0.144874214,4.299,169,0.052890013,0.137783195,"Bckg130.jpg",355,58,31,1,1,1,18,355,313,133,32,355,"trumpet1_tr.png",1,21,21,6.546,1,2.084,2,1.236
"Sub068_ToD_Online","OA","Night",1,"turtle1_tr.png",217,217,-0.08881934,-0.117867245,2.978,169,-0.069287327,-0.130310509,"Bckg44.jpg",223,61,62,2,1,1,79,223,185,158,305,223,"turtle1_tr.png",1,208,208,4.745,1,1.318,2,1.202
"Sub068_ToD_Online","OA","Night",1,"vegeplatter1_tr.png",242,242,-0.130310509,-0.069287327,6.504,169,-0.139545096,-0.04804923,"Bckg70.jpg",246,30,15,1,1,1,6,246,122,321,75,246,"vegeplatter1_tr.png",1,251,251,6.745,1,3.397,2,2.387
"Sub068_ToD_Online","OA","Night",1,"wagon1_tr.png",89,89,0.147563302,0.002575727,2.118,169,0.14758578,0,"Bckg47.jpg",95,38,105,3,1,1,97,95,87,36,143,95,"wagon1_tr.png",1,90,90,2.781,1,1.764,1,1.123
"Sub068_ToD_Online","OA","Night",1,"washingmachine1_tr.png",328,328,-0.078208548,0.12515984,5.196,169,-0.111384402,0.096824984,"Bckg85.jpg",341,34,17,1,1,1,8,341,282,53,158,341,"washingmachine1_tr.png",1,-49,311,3.696,1,1.698,2,1.168
"Sub068_ToD_Online","OA","Night",1,"watch1_tr.png",127,127,0.117867245,-0.08881934,3.354,169,-0.143803166,-0.033199577,"Bckg117.jpg",119,43,51,2,1,1,68,119,181,237,158,119,"watch1_tr.png",1,257,257,3.461,1,2.33,2,1.635
"Sub068_ToD_Online","OA","Night",1,"wheelchair1_tr.png",170,170,0.025628002,-0.14534362,5.785,169,0.090862879,-0.116299182,"Bckg80.jpg",171,52,78,2,1,1,75,171,180,294,263,171,"wheelchair1_tr.png",1,502,142,7.702,1,2.143,2,1.817
"Sub068_ToD_Online","OA","Night",1,"wisk1_tr.png",310,310,-0.113057267,0.094866311,5.353,169,-0.111384402,-0.096824984,"Bckg95.jpg",315,23,60,2,1,1,77,315,150,163,135,315,"wisk1_tr.png",1,229,229,3.911,1,1.883,1,1.149
"Sub069_ToD_Online","OA","Night",1,"apple1_tr.png",491,131,0.191534899,-0.166498748,6.6162,33,NA,NA,"Bckg81.jpg",114,62,79,2,1,1,42,114,347,32,264,114,"apple1_tr.png",1,32,32,0.8208,1,1.7714,2,0.9497
"Sub069_ToD_Online","OA","Night",1,"asparagus1_tr.png",278,278,-0.2513164,0.035320217,6.3347,33,NA,NA,"Bckg134.jpg",263,47,117,3,1,1,102,263,290,137,190,263,"asparagus1_tr.png",1,137,137,0.8356,1,1.2851,2,0.7862
"Sub069_ToD_Online","OA","Night",1,"bagel1_tr.png",231,231,-0.197228944,-0.15971285,3.5794,33,NA,NA,"Bckg43.jpg",246,20,6,1,1,1,35,246,243,284,250,246,"bagel1_tr.png",1,284,284,1.5853,1,1.1354,2,0.9995
"Sub069_ToD_Online","OA","Night",1,"bandaid1_tr.png",233,233,-0.202682695,-0.152732366,12.8829,33,NA,NA,"Bckg45.jpg",246,107,56,2,1,1,76,246,143,243,11,246,"bandaid1_tr.png",1,243,243,1.4688,1,1.1386,1,0.6357
"Sub069_ToD_Online","OA","Night",1,"basket1_tr.png",128,128,0.199986278,-0.156246405,3.2312,33,NA,NA,"Bckg24.jpg",110,8,103,3,1,1,98,110,14,332,96,110,"basket1_tr.png",1,332,332,0.7129,1,1.3286,1,0.9349
"Sub069_ToD_Online","OA","Night",1,"bed1_tr.png",220,220,-0.163130644,-0.194411531,6.7672,33,NA,NA,"Bckg77.jpg",245,120,10,1,1,1,12,245,138,143,160,245,"bed1_tr.png",1,143,143,5.6411,1,3.5475,2,3.093
"Sub069_ToD_Online","OA","Night",1,"bottleofwine1_tr.png",119,119,0.221966438,-0.123038006,5.8288,33,NA,NA,"Bckg29.jpg",126,71,7,1,1,1,9,126,55,131,270,126,"bottleofwine1_tr.png",1,131,131,1.0014,1,1.3676,1,0.7838
"Sub069_ToD_Online","OA","Night",1,"bow1_tr.png",189,189,-0.039700913,-0.2506617,5.5148,33,NA,NA,"Bckg54.jpg",172,67,27,1,1,1,17,172,311,5,258,172,"bow1_tr.png",1,5,5,3.2646,1,2.3297,1,2.0852
"Sub069_ToD_Online","OA","Night",1,"bowlingpin1_tr.png",293,293,-0.233611456,0.09916218,5.533,33,NA,NA,"Bckg34.jpg",301,48,65,2,1,1,49,301,219,51,324,301,"bowlingpin1_tr.png",1,51,51,1.3339,1,1.0998,2,0.823
"Sub069_ToD_Online","OA","Night",1,"bowls1_tr.png",436,76,0.246247694,0.061396446,5.2828,33,NA,NA,"Bckg103.jpg",76,79,82,3,1,1,94,76,238,207,139,76,"bowls1_tr.png",1,207,207,1.2862,1,1.4183,2,1.1171
"Sub069_ToD_Online","OA","Night",1,"christmasstocking1_tr.png",196,196,-0.069952965,-0.243954982,4.8496,33,NA,NA,"Bckg136.jpg",165,50,76,2,1,1,64,165,322,246,121,165,"christmasstocking1_tr.png",1,246,246,1.6517,1,1.7901,1,0.7186
"Sub069_ToD_Online","OA","Night",1,"coat1_tr.png",451,91,0.253747577,-0.00442918,6.6872,33,NA,NA,"Bckg108.jpg",94,102,66,2,1,1,62,94,309,13,198,94,"coat1_tr.png",1,13,13,0.666,1,2.0464,2,0.9226
"Sub069_ToD_Online","OA","Night",1,"coffeemug1_tr.png",315,315,-0.179453964,0.179453964,5.2835,33,NA,NA,"Bckg20.jpg",325,70,23,1,1,1,21,325,253,113,22,325,"coffeemug1_tr.png",1,113,113,1.4564,1,1.434,2,1.9352
"Sub069_ToD_Online","OA","Night",1,"coke1_tr.png",-45,315,-0.179453964,0.179453964,4.0331,33,NA,NA,"Bckg78.jpg",322,74,55,2,1,1,66,322,31,323,307,322,"coke1_tr.png",1,323,323,2.3383,1,3.9433,2,1.7542
"Sub069_ToD_Online","OA","Night",1,"cookie1_tr.png",210,210,-0.126893115,-0.219785322,6.2665,33,NA,NA,"Bckg1.jpg",196,109,64,2,1,1,57,196,142,307,242,196,"cookie1_tr.png",1,307,307,1.4456,1,1.0724,2,3.2183
"Sub069_ToD_Online","OA","Night",1,"crayon1_tr.png",268,268,-0.25363163,-0.008857012,2.6025,33,NA,NA,"Bckg87.jpg",267,33,116,3,1,1,96,267,220,22,283,267,"crayon1_tr.png",1,22,22,1.5575,1,1.087,1,1.1851
"Sub069_ToD_Online","OA","Night",1,"cucumber1_tr.png",446,86,0.253168019,0.017703232,4.3187,33,NA,NA,"Bckg92.jpg",82,87,105,3,1,1,115,82,286,332,303,82,"cucumber1_tr.png",1,332,332,2.6204,1,3.7594,2,1.9082
"Sub069_ToD_Online","OA","Night",1,"encyclopedia1_tr.png",271,271,-0.253747577,0.00442918,4.4827,33,NA,NA,"Bckg72.jpg",286,11,106,3,1,1,103,286,151,110,236,286,"encyclopedia1_tr.png",1,110,110,1.5851,1,0.9335,1,1.2164
"Sub069_ToD_Online","OA","Night",1,"goggle1_tr.png",29,29,0.123038006,0.221966438,4.3534,33,NA,NA,"Bckg120.jpg",25,96,104,3,1,1,113,25,157,292,131,25,"goggle1_tr.png",1,292,292,0.9341,1,1.5502,2,0.7505
"Sub069_ToD_Online","OA","Night",1,"granola1_tr.png",204,204,-0.103224159,-0.231845258,5.3849,33,NA,NA,"Bckg49.jpg",191,103,70,2,1,1,79,191,262,206,48,191,"granola1_tr.png",1,206,206,1.982,1,1.5962,1,1.0189
"Sub069_ToD_Online","OA","Night",1,"hairdryer1_tr.png",56,56,0.21039832,0.141915459,4.2176,33,NA,NA,"Bckg79.jpg",63,73,72,2,1,1,46,63,52,27,90,63,"hairdryer1_tr.png",1,27,27,3.3014,1,1.5354,1,0.7012
"Sub069_ToD_Online","OA","Night",1,"hammer1_tr.png",221,221,-0.166498748,-0.191534899,5.9686,33,NA,NA,"Bckg138.jpg",237,118,44,2,1,1,44,237,139,321,245,237,"hammer1_tr.png",1,321,321,1.6197,1,1.2913,2,0.8013
"Sub069_ToD_Online","OA","Night",1,"handsoap1_tr.png",446,86,0.253168019,0.017703232,3.0999,33,NA,NA,"Bckg73.jpg",74,57,81,3,1,1,108,74,352,41,5,74,"handsoap1_tr.png",1,41,41,0.6826,1,2.2526,1,0.9676
"Sub069_ToD_Online","OA","Night",1,"jellybeans1_tr.png",257,257,-0.247281705,-0.05708948,3.1853,33,NA,NA,"Bckg46.jpg",235,49,112,3,1,1,116,235,347,110,157,235,"jellybeans1_tr.png",1,110,110,0.4895,1,1.6706,2,0.7518
"Sub069_ToD_Online","OA","Night",1,"lei1_tr.png",44,44,0.176294729,0.182558536,7.4601,33,NA,NA,"Bckg119.jpg",49,5,34,1,1,1,28,49,174,32,226,49,"lei1_tr.png",1,32,32,0.6179,1,1.2361,1,0.5963
"Sub069_ToD_Online","OA","Night",1,"lemon1_tr.png",385,25,0.107254695,0.230008436,5.8807,33,NA,NA,"Bckg99.jpg",20,66,37,1,1,1,27,20,265,285,180,20,"lemon1_tr.png",1,285,285,2.1178,1,2.2813,1,1.519
"Sub069_ToD_Online","OA","Night",1,"lipstick1_tr.png",464,104,0.246247694,-0.061396446,7.5858,33,NA,NA,"Bckg22.jpg",106,22,43,2,1,1,60,106,284,129,228,106,"lipstick1_tr.png",1,129,129,2.0678,1,1.6342,1,0.8342
"Sub069_ToD_Online","OA","Night",1,"motorcycle1_tr.png",270,270,-0.25378623,-3.10798e-17,4.6795,33,NA,NA,"Bckg100.jpg",260,4,14,1,1,1,29,260,342,17,98,260,"motorcycle1_tr.png",1,17,17,4.7322,1,1.8192,1,1.7647
"Sub069_ToD_Online","OA","Night",1,"oven1_tr.png",477,117,0.226125187,-0.115216537,6.0518,33,NA,NA,"Bckg55.jpg",111,9,67,2,1,1,56,111,305,27,70,111,"oven1_tr.png",1,27,27,1.4661,1,1.2428,2,0.7888
"Sub069_ToD_Online","OA","Night",1,"pan1_tr.png",133,133,0.185607499,-0.173081793,2.9465,33,NA,NA,"Bckg58.jpg",133,116,113,3,1,1,100,133,89,30,229,133,"pan1_tr.png",1,30,30,1.0528,1,3.3351,2,0.9357
"Sub069_ToD_Online","OA","Night",1,"penguin1_tr.png",425,65,0.230008436,0.107254695,2.939,33,NA,NA,"Bckg114.jpg",71,7,86,3,1,1,90,71,333,350,66,71,"penguin1_tr.png",1,350,350,0.5179,1,0.9685,1,0.7843
"Sub069_ToD_Online","OA","Night",1,"pin1_tr.png",306,306,-0.205317373,0.149171803,3.2264,33,NA,NA,"Bckg59.jpg",300,82,101,3,1,1,85,300,260,88,40,300,"pin1_tr.png",1,88,88,0.9819,1,1.1132,2,0.6875
"Sub069_ToD_Online","OA","Night",1,"pizza1_tr.png",393,33,0.138221887,0.212843042,6.0505,33,NA,NA,"Bckg83.jpg",31,80,88,3,1,1,87,31,153,237,175,31,"pizza1_tr.png",1,237,237,1.431,1,1.1245,2,0.5569
"Sub069_ToD_Online","OA","Night",1,"podium1_tr.png",-3,357,-0.013282145,0.253438425,6.5911,33,NA,NA,"Bckg75.jpg",356,113,33,1,1,1,16,356,73,322,182,356,"podium1_tr.png",1,322,322,2.967,1,2.2811,2,1.621
"Sub069_ToD_Online","OA","Night",1,"potatochips1_tr.png",380,20,0.086800003,0.238481048,5.8803,33,NA,NA,"Bckg124.jpg",13,81,89,3,1,1,106,13,164,112,355,13,"potatochips1_tr.png",1,112,112,0.4329,1,1.0812,2,2.4909
"Sub069_ToD_Online","OA","Night",1,"present1_tr.png",187,187,-0.030928761,-0.251894546,5.7984,33,NA,NA,"Bckg121.jpg",184,46,41,2,1,1,67,184,45,118,188,184,"present1_tr.png",1,118,118,2.4339,1,1.6312,1,0.751
"Sub069_ToD_Online","OA","Night",1,"radish1_tr.png",213,213,-0.138221887,-0.212843042,8.6631,33,NA,NA,"Bckg112.jpg",221,14,12,1,1,1,1,221,203,64,59,221,"radish1_tr.png",1,64,64,1.6159,1,1.3609,2,1.0676
"Sub069_ToD_Online","OA","Night",1,"ricecooker1_tr.png",378,18,0.078424258,0.241365048,4.7359,33,NA,NA,"Bckg102.jpg",14,19,107,3,1,1,97,14,178,267,92,14,"ricecooker1_tr.png",1,267,267,0.4019,1,0.9855,2,0.8682
"Sub069_ToD_Online","OA","Night",1,"scarf1_tr.png",285,285,-0.245138674,0.06568471,6.5709,33,NA,NA,"Bckg51.jpg",276,59,24,1,1,1,38,276,231,56,236,276,"scarf1_tr.png",1,56,56,2.2506,1,1.7638,2,3.1017
"Sub069_ToD_Online","OA","Night",1,"scrabble1_tr.png",382,22,0.095069995,0.235306495,8.0175,33,NA,NA,"Bckg91.jpg",15,39,5,1,1,1,37,15,152,156,110,15,"scrabble1_tr.png",1,156,156,2.7025,1,1.4542,1,1.7506
"Sub069_ToD_Online","OA","Night",1,"silvertray1_tr.png",289,289,-0.239959595,0.082624715,6.8176,33,NA,NA,"Bckg64.jpg",288,6,58,2,1,1,48,288,241,343,248,288,"silvertray1_tr.png",1,343,343,0.9306,1,2.0423,1,1.5709
"Sub069_ToD_Online","OA","Night",1,"sink1_tr.png",183,183,-0.013282145,-0.253438425,5.4655,33,NA,NA,"Bckg32.jpg",178,112,48,2,1,1,68,178,267,137,336,178,"sink1_tr.png",1,137,137,3.1293,1,1.5302,1,1.368
"Sub069_ToD_Online","OA","Night",1,"sippycup1_tr.png",102,102,0.248240392,-0.052765124,6.2454,33,NA,NA,"Bckg105.jpg",107,106,11,1,1,1,40,107,24,15,204,107,"sippycup1_tr.png",1,15,15,1.7856,1,1.3329,1,0.6348
"Sub069_ToD_Online","OA","Night",1,"skippingrope1_tr.png",47,47,0.185607499,0.173081793,4.5618,33,NA,NA,"Bckg7.jpg",60,45,51,2,1,1,43,60,87,213,277,60,"skippingrope1_tr.png",1,213,213,1.1645,1,1.2257,1,1.719
"Sub069_ToD_Online","OA","Night",1,"slide1_tr.png",38,38,0.156246405,0.199986278,5.1015,33,NA,NA,"Bckg94.jpg",44,44,47,2,1,1,54,44,4,217,28,44,"slide1_tr.png",1,217,217,2.2158,1,4.0954,2,1.575
"Sub069_ToD_Online","OA","Night",1,"spoon1_tr.png",509,149,0.130709571,-0.217537258,6.8142,33,NA,NA,"Bckg67.jpg",161,10,57,2,1,1,72,161,301,195,183,161,"spoon1_tr.png",1,195,195,3.2321,1,1.5634,1,1.0193
"Sub069_ToD_Online","OA","Night",1,"steeringwheel1_tr.png",238,238,-0.215222929,-0.134486212,3.5557,33,NA,NA,"Bckg62.jpg",229,90,120,3,1,1,86,229,132,225,181,229,"steeringwheel1_tr.png",1,225,225,1.7518,1,1.6848,1,0.8676
"Sub069_ToD_Online","OA","Night",1,"streamer1_tr.png",-29,331,-0.123038006,0.221966438,5.0856,33,NA,NA,"Bckg4.jpg",338,35,84,3,1,1,110,338,69,290,195,338,"streamer1_tr.png",1,290,290,0.8842,1,1.2514,2,0.8856
"Sub069_ToD_Online","OA","Night",1,"telephonebooth1_tr.png",204,204,-0.103224159,-0.231845258,4.4676,33,NA,NA,"Bckg107.jpg",214,63,118,3,1,1,112,214,64,281,300,214,"telephonebooth1_tr.png",1,281,281,0.4501,1,0.9355,1,0.7344
"Sub069_ToD_Online","OA","Night",1,"toad1_tr.png",396,36,0.149171803,0.205317373,4.051,33,NA,NA,"Bckg65.jpg",25,27,96,3,1,1,120,25,278,24,220,25,"toad1_tr.png",1,24,24,1.7496,1,1.0493,1,0.8865
"Sub069_ToD_Online","OA","Night",1,"train1_tr.png",119,119,0.221966438,-0.123038006,6.701,33,NA,NA,"Bckg61.jpg",127,104,29,1,1,1,4,127,71,191,165,127,"train1_tr.png",1,191,191,1.719,1,1.7508,1,1.2517
"Sub069_ToD_Online","OA","Night",1,"trumpet1_tr.png",355,355,-0.022118927,0.252820497,5.7516,33,NA,NA,"Bckg130.jpg",355,58,53,2,1,1,50,355,313,133,32,355,"trumpet1_tr.png",1,133,133,1.5059,1,1.9971,2,1.6691
"Sub069_ToD_Online","OA","Night",1,"vacuum1_tr.png",467,107,0.242696979,-0.074199913,6.1857,33,NA,NA,"Bckg60.jpg",108,97,1,1,1,1,23,108,327,356,335,108,"vacuum1_tr.png",1,356,356,1.934,1,1.1366,2,1.3679
"Sub069_ToD_Online","OA","Night",1,"vegeplatter1_tr.png",240,240,-0.219785322,-0.126893115,3.8007,33,NA,NA,"Bckg70.jpg",246,30,95,3,1,1,83,246,122,321,75,246,"vegeplatter1_tr.png",1,321,321,0.5484,1,1.1966,2,0.7359
"Sub069_ToD_Online","OA","Night",1,"watch1_tr.png",129,129,0.197228944,-0.15971285,6.262,33,NA,NA,"Bckg117.jpg",119,43,9,1,1,1,32,119,181,237,158,119,"watch1_tr.png",1,237,237,2.3668,1,1.6351,1,1.2426
"Sub069_ToD_Online","OA","Night",1,"wheelchair1_tr.png",172,172,0.035320217,-0.2513164,7.7649,33,NA,NA,"Bckg80.jpg",171,52,4,1,1,1,19,171,180,294,263,171,"wheelchair1_tr.png",1,294,294,2.183,1,1.1695,1,1.2159
"Sub069_ToD_Online","OA","Night",1,"woodenbox1_tr.png",329,329,-0.130709571,0.217537258,6.8179,33,NA,NA,"Bckg9.jpg",346,69,75,2,1,1,53,346,209,115,175,346,"woodenbox1_tr.png",1,115,115,1.9688,1,1.3301,2,0.5179
"Sub070_ToD_Online","OA","Night",1,"airfreshener1_tr.png",-4,356,-0.01672566,0.239188077,5.5985,14,NA,NA,"Bckg42.jpg",2,91,60,2,1,1,49,2,156,345,88,2,"airfreshener1_tr.png",1,345,345,1.5705,1,1.5805,1,0.9174
"Sub070_ToD_Online","OA","Night",1,"apple1_tr.png",481,121,0.205524847,-0.123491787,4.8285,14,0.183676123,-0.154122567,"Bckg81.jpg",114,62,8,1,1,1,6,114,347,32,264,114,"apple1_tr.png",1,130,130,4.285,1,2.9964,1,1.668
"Sub070_ToD_Online","OA","Night",1,"asparagus1_tr.png",258,258,-0.234532553,-0.049851433,3.5514,14,NA,NA,"Bckg134.jpg",263,47,12,1,1,1,13,263,290,137,190,263,"asparagus1_tr.png",1,137,137,3.0355,1,2.1296,2,2.0662
"Sub070_ToD_Online","OA","Night",1,"bagel1_tr.png",263,263,-0.237984925,-0.029220874,3.1181,14,0.127059881,-0.203338315,"Bckg43.jpg",246,20,71,2,1,1,77,246,243,284,250,246,"bagel1_tr.png",1,508,148,6.5098,1,1.5091,1,0.5847
"Sub070_ToD_Online","OA","Night",1,"bandaid1_tr.png",233,233,-0.191490553,-0.144298482,3.8599,14,-0.070102592,-0.229295247,"Bckg45.jpg",246,107,24,1,1,1,20,246,143,243,11,246,"bandaid1_tr.png",1,197,197,4.6344,1,1.5175,1,0.9017
"Sub070_ToD_Online","OA","Night",1,"bbqmachine1_tr.png",507,147,0.130589272,-0.201089845,6.4652,14,0.089820228,-0.222312866,"Bckg48.jpg",172,40,52,2,1,1,64,172,331,332,338,172,"bbqmachine1_tr.png",1,518,158,5.4146,1,1.6128,1,0.4884
"Sub070_ToD_Online","OA","Night",1,"bell1_tr.png",339,339,-0.085926654,0.223846586,4.3062,14,NA,NA,"Bckg36.jpg",349,78,2,1,1,1,32,349,287,282,294,349,"bell1_tr.png",1,282,282,1.5935,1,4.326,2,2.5832
"Sub070_ToD_Online","OA","Night",1,"binder1_tr.png",106,106,0.230483784,-0.066090161,5.7027,14,NA,NA,"Bckg82.jpg",91,21,117,3,1,1,99,91,236,320,312,91,"binder1_tr.png",1,320,320,1.0979,1,1.2294,2,0.8511
"Sub070_ToD_Online","OA","Night",1,"bottleofwine1_tr.png",147,147,0.130589272,-0.201089845,3.8185,14,NA,NA,"Bckg29.jpg",126,71,4,1,1,1,27,126,55,131,270,126,"bottleofwine1_tr.png",1,131,131,2.2677,1,1.7347,2,1.5851
"Sub070_ToD_Online","OA","Night",1,"bow1_tr.png",147,147,0.130589272,-0.201089845,5.0858,14,NA,NA,"Bckg54.jpg",172,67,59,2,1,1,72,172,311,5,258,172,"bow1_tr.png",1,5,5,1.779,1,1.3156,2,1.2849
"Sub070_ToD_Online","OA","Night",1,"bowls1_tr.png",440,80,0.236129472,0.041635997,4.543,14,NA,NA,"Bckg103.jpg",76,79,115,3,1,1,106,76,238,207,139,76,"bowls1_tr.png",1,207,207,0.5196,1,1.6146,2,0.7389
"Sub070_ToD_Online","OA","Night",1,"breakfast1_tr.png",294,294,-0.219042759,0.097524119,2.8209,14,NA,NA,"Bckg89.jpg",300,3,16,1,1,1,7,300,348,149,173,300,"breakfast1_tr.png",1,149,149,1.4809,1,1.8428,2,2.136
"Sub070_ToD_Online","OA","Night",1,"clock1_tr.png",128,128,NA,NA,2.0341,14,0.205524847,0.123491787,"Bckg137.jpg",133,76,113,3,1,1,83,133,128,1,280,133,"clock1_tr.png",1,59,59,3.7988,1,2.7092,1,0.7998
"Sub070_ToD_Online","OA","Night",1,"coffeemug1_tr.png",319,319,-0.157304684,0.180958339,3.6339,14,-0.169544513,0.169544513,"Bckg20.jpg",325,70,10,1,1,1,11,325,253,113,22,325,"coffeemug1_tr.png",1,-45,315,6.8963,1,1.4224,1,0.5071
"Sub070_ToD_Online","OA","Night",1,"cookie1_tr.png",224,224,-0.166559731,-0.172477651,4.5179,14,-0.123491787,-0.205524847,"Bckg1.jpg",196,109,7,1,1,1,24,196,142,307,242,196,"cookie1_tr.png",1,211,211,6.1683,1,1.4333,1,1.456
"Sub070_ToD_Online","OA","Night",1,"cucumber1_tr.png",442,82,0.237438704,0.033369834,4.2601,14,0.127059881,-0.203338315,"Bckg92.jpg",82,87,18,1,1,1,36,82,286,332,303,82,"cucumber1_tr.png",1,508,148,6.3423,1,2.3016,1,1.2744
"Sub070_ToD_Online","OA","Night",1,"fantacan1_tr.png",126,126,0.193979744,-0.140934534,3.42,14,0.097524119,-0.219042759,"Bckg86.jpg",126,84,47,2,1,1,48,126,32,278,53,126,"fantacan1_tr.png",1,516,156,6.0135,1,1.9441,1,0.6826
"Sub070_ToD_Online","OA","Night",1,"fireextinguisher1_tr.png",300,300,-0.207648773,0.119886075,2.9517,14,-0.198780121,-0.134078885,"Bckg88.jpg",294,85,69,2,1,1,56,294,212,94,215,294,"fireextinguisher1_tr.png",1,-124,236,5.8331,1,2.6284,1,0.9165
"Sub070_ToD_Online","OA","Night",1,"handsoap1_tr.png",454,94,0.239188077,-0.01672566,3.0824,14,NA,NA,"Bckg73.jpg",74,57,11,1,1,1,2,74,352,41,5,74,"handsoap1_tr.png",1,41,41,1.6976,1,2.8592,2,1.0162
"Sub070_ToD_Online","OA","Night",1,"jackolantern1_tr.png",49,49,0.180958339,0.157304684,4.4156,14,NA,NA,"Bckg21.jpg",51,93,46,2,1,1,73,51,161,66,118,51,"jackolantern1_tr.png",1,66,66,1.1984,1,4.6378,2,1.4071
"Sub070_ToD_Online","OA","Night",1,"kite1_tr.png",183,183,-0.012548705,-0.239443551,3.3661,14,-0.116243845,-0.209709448,"Bckg128.jpg",181,115,44,2,1,1,65,181,59,221,177,181,"kite1_tr.png",1,209,209,6.0803,1,1.2977,1,0.8845
"Sub070_ToD_Online","OA","Night",1,"motorcycle1_tr.png",266,266,-0.239188077,-0.01672566,2.9276,14,-0.163524213,-0.175358249,"Bckg100.jpg",260,4,73,2,1,1,50,260,342,17,98,260,"motorcycle1_tr.png",1,-137,223,5.9932,1,1.6014,1,0.7344
"Sub070_ToD_Online","OA","Night",1,"mouthwash1_tr.png",-27,333,-0.108854278,0.21363855,4.7598,14,-0.025063014,0.238458653,"Bckg109.jpg",352,100,20,1,1,1,19,352,115,250,226,352,"mouthwash1_tr.png",1,354,354,5.4675,1,1.9054,1,0.5013
"Sub070_ToD_Online","OA","Night",1,"nailpolish1_tr.png",-58,302,-0.203338315,0.127059881,4.8014,14,NA,NA,"Bckg84.jpg",301,32,80,2,1,1,79,301,148,320,226,301,"nailpolish1_tr.png",1,320,320,1.0498,1,2.4479,1,1.0572
"Sub070_ToD_Online","OA","Night",1,"pan1_tr.png",135,135,0.169544513,-0.169544513,2.7953,14,0.119886075,-0.207648773,"Bckg58.jpg",133,116,41,2,1,1,58,133,89,30,229,133,"pan1_tr.png",1,150,150,5.2785,1,1.5398,1,0.4234
"Sub070_ToD_Online","OA","Night",1,"pizza1_tr.png",37,37,0.144298482,0.191490553,5.0822,14,0.144298482,0.191490553,"Bckg83.jpg",31,80,58,2,1,1,68,31,153,237,175,31,"pizza1_tr.png",1,397,37,5.4932,1,1.283,1,0.8055
"Sub070_ToD_Online","OA","Night",1,"popcorn1_tr.png",131,131,0.180958339,-0.157304684,3.7123,14,NA,NA,"Bckg76.jpg",144,15,45,2,1,1,52,144,211,30,310,144,"popcorn1_tr.png",1,30,30,1.6999,1,2.4323,2,1.0352
"Sub070_ToD_Online","OA","Night",1,"potatochips1_tr.png",394,34,0.134078885,0.198780121,5.4514,14,NA,NA,"Bckg124.jpg",13,81,86,3,1,1,108,13,164,112,355,13,"potatochips1_tr.png",1,112,112,0.6154,1,1.3144,2,0.5013
"Sub070_ToD_Online","OA","Night",1,"radish1_tr.png",215,215,-0.137527655,-0.196409847,4.2328,14,NA,NA,"Bckg112.jpg",221,14,64,2,1,1,54,221,203,64,59,221,"radish1_tr.png",1,64,64,2.2344,1,2.9792,2,0.8508
"Sub070_ToD_Online","OA","Night",1,"rollingpin1_tr.png",-136,224,-0.166559731,-0.172477651,4.3894,14,NA,NA,"Bckg69.jpg",228,89,94,3,1,1,84,228,12,120,126,228,"rollingpin1_tr.png",1,120,120,1.2651,1,1.2432,2,0.5327
"Sub070_ToD_Online","OA","Night",1,"silvertray1_tr.png",289,289,-0.226709022,0.078062176,3.9682,14,NA,NA,"Bckg64.jpg",288,6,101,3,1,1,89,288,241,343,248,288,"silvertray1_tr.png",1,343,343,1.0277,1,2.3219,2,0.5851
"Sub070_ToD_Online","OA","Night",1,"skippingrope1_tr.png",51,51,0.186337958,0.150893503,3.2551,14,NA,NA,"Bckg7.jpg",60,45,17,1,1,1,34,60,87,213,277,60,"skippingrope1_tr.png",1,213,213,1.8184,1,1.8495,2,1.0853
"Sub070_ToD_Online","OA","Night",1,"steeringwheel1_tr.png",242,242,-0.211706243,-0.112566206,5.1343,14,NA,NA,"Bckg62.jpg",229,90,9,1,1,1,31,229,132,225,181,229,"steeringwheel1_tr.png",1,225,225,2.7499,1,1.6455,2,1.2714
"Sub070_ToD_Online","OA","Night",1,"stoplights1_tr.png",214,214,NA,NA,1.7672,14,NA,NA,"Bckg53.jpg",219,60,19,1,1,1,25,219,214,124,240,219,"stoplights1_tr.png",1,124,124,1.5802,1,2.3305,2,1.292
"Sub070_ToD_Online","OA","Night",1,"streamer1_tr.png",-33,327,-0.130589272,0.201089845,3.9014,14,NA,NA,"Bckg4.jpg",338,35,38,1,1,1,28,338,69,290,195,338,"streamer1_tr.png",1,290,290,1.6168,1,1.9107,2,4.233
"Sub070_ToD_Online","OA","Night",1,"telephonebooth1_tr.png",232,232,-0.188943033,-0.147618476,5.2149,14,NA,NA,"Bckg107.jpg",214,63,39,1,1,1,8,214,64,281,300,214,"telephonebooth1_tr.png",1,281,281,2.7025,1,1.8181,2,1.37
"Sub070_ToD_Online","OA","Night",1,"tissuebox1_tr.png",7,7,0.029220874,0.237984925,5.093,14,NA,NA,"Bckg98.jpg",1,12,61,2,1,1,41,1,95,272,311,1,"tissuebox1_tr.png",1,272,272,2.8049,1,2.6065,1,0.6638
"Sub070_ToD_Online","OA","Night",1,"toad1_tr.png",382,22,0.089820228,0.222312866,3.6254,14,0.188943033,-0.147618476,"Bckg65.jpg",25,27,22,1,1,1,35,25,278,24,220,25,"toad1_tr.png",1,128,128,6.1666,1,1.5342,1,1.1189
"Sub070_ToD_Online","OA","Night",1,"train1_tr.png",125,125,0.196409847,-0.137527655,3.2682,14,-0.239443551,0.012548705,"Bckg61.jpg",127,104,6,1,1,1,38,127,71,191,165,127,"train1_tr.png",1,273,273,6.2521,1,1.3514,1,1.0018
"Sub070_ToD_Online","OA","Night",1,"trumpet1_tr.png",337,337,-0.093686443,0.220711428,2.3992,14,NA,NA,"Bckg130.jpg",355,58,75,2,1,1,69,355,313,133,32,355,"trumpet1_tr.png",1,133,133,1.1012,1,1.4179,2,0.6227
"Sub070_ToD_Online","OA","Night",1,"valentinesdaycard1_tr.png",342,342,-0.074093669,0.228036866,4.3343,14,NA,NA,"Bckg111.jpg",338,26,103,3,1,1,91,338,234,203,108,338,"valentinesdaycard1_tr.png",1,203,203,1.4197,1,2.2972,2,5.1376
"Sub070_ToD_Online","OA","Night",1,"vegeplatter1_tr.png",250,250,-0.22531212,-0.082006905,4.6847,14,NA,NA,"Bckg70.jpg",246,30,90,3,1,1,82,246,122,321,75,246,"vegeplatter1_tr.png",1,321,321,0.5854,1,2.1266,2,0.4688
"Sub070_ToD_Online","OA","Night",1,"waterfilter1_tr.png",120,120,0.207648773,-0.119886075,4.3844,14,NA,NA,"Bckg123.jpg",115,56,91,3,1,1,101,115,280,232,286,115,"waterfilter1_tr.png",1,232,232,1.697,1,1.1956,2,0.6831
"Sub070_ToD_Online","OA","Night",1,"wisk1_tr.png",-46,314,-0.172477651,0.166559731,4.7209,14,0.163524213,0.175358249,"Bckg95.jpg",315,23,49,2,1,1,60,315,150,163,135,315,"wisk1_tr.png",1,403,43,7.5847,1,1.2144,1,0.642
"Sub070_ToD_Online","OA","Night",1,"wreath1_tr.png",213,213,-0.130589272,-0.201089845,3.7974,14,NA,NA,"Bckg71.jpg",229,98,66,2,1,1,44,229,357,97,101,229,"wreath1_tr.png",1,97,97,2.1841,1,2.2472,2,1.0701
"Sub071_ToD_Online","OA","Night",1,"basket1_tr.png",108,108,0.20929411,-0.068003779,5.0159,185,NA,NA,"Bckg24.jpg",110,8,43,2,1,1,70,110,14,332,96,110,"basket1_tr.png",1,332,332,1.4015,1,5.3317,2,1.5167
"Sub071_ToD_Online","OA","Night",1,"bed1_tr.png",252,252,-0.20929411,-0.068003779,4.8029,185,-0.216021639,-0.041990353,"Bckg77.jpg",245,120,83,3,1,1,113,245,138,143,160,245,"bed1_tr.png",1,259,259,10.0489,1,2.1361,1,0.4832
"Sub071_ToD_Online","OA","Night",1,"bike1_tr.png",131,131,0.166085051,-0.144375532,4.4964,185,-0.216021639,-0.041990353,"Bckg39.jpg",135,2,96,3,1,1,92,135,209,107,240,135,"bike1_tr.png",1,259,259,13.2974,1,4.5593,1,0.4522
"Sub071_ToD_Online","OA","Night",1,"binder1_tr.png",448,88,0.219930792,0.007680153,7.813,185,0.22006485,5.39003e-17,"Bckg82.jpg",91,21,59,2,1,1,44,91,236,320,312,91,"binder1_tr.png",1,450,90,5.7319,1,2.4163,1,0.8921
"Sub071_ToD_Online","OA","Night",1,"bird1_tr.png",44,44,0.15286989,0.158301405,7.4278,185,0.132438333,0.175751604,"Bckg2.jpg",39,72,105,3,1,1,84,39,118,137,33,39,"bird1_tr.png",1,37,37,4.447,1,1.7734,1,0.589
"Sub071_ToD_Online","OA","Night",1,"bow1_tr.png",311,311,NA,NA,0.7162,185,0.003840661,-0.220031333,"Bckg54.jpg",172,67,88,3,1,1,119,172,311,5,258,172,"bow1_tr.png",1,179,179,5.5309,1,3.9509,1,0.4176
"Sub071_ToD_Online","OA","Night",1,"bowls1_tr.png",436,76,0.213527983,0.053238506,6.1808,185,0.210449063,0.064340735,"Bckg103.jpg",76,79,42,2,1,1,60,76,238,207,139,76,"bowls1_tr.png",1,73,73,7.9817,1,2.9156,1,0.5678
"Sub071_ToD_Online","OA","Night",1,"cabinet1_tr.png",351,351,-0.034425727,0.217355487,4.2324,185,-0.045754055,0.215255905,"Bckg13.jpg",355,110,21,1,1,1,39,355,291,250,164,355,"cabinet1_tr.png",1,348,348,6.2662,1,2.0002,1,1.8002
"Sub071_ToD_Online","OA","Night",1,"clock1_tr.png",128,128,NA,NA,1.7984,185,NA,NA,"Bckg137.jpg",133,76,57,2,1,1,45,133,128,1,280,133,"clock1_tr.png",1,1,1,2.6161,1,2.0004,2,0.7517
"Sub071_ToD_Online","OA","Night",1,"coat1_tr.png",455,95,0.219227437,-0.019179915,6.0178,185,0.214424602,-0.04950382,"Bckg108.jpg",94,102,101,3,1,1,81,94,309,13,198,94,"coat1_tr.png",1,103,103,5.8141,1,2.1738,1,0.5405
"Sub071_ToD_Online","OA","Night",1,"coffeemug1_tr.png",321,321,-0.138491297,0.171022509,5.9141,185,NA,NA,"Bckg20.jpg",325,70,54,2,1,1,41,325,253,113,22,325,"coffeemug1_tr.png",1,113,113,1.6498,1,2.8837,2,1.7329
"Sub071_ToD_Online","OA","Night",1,"cookie1_tr.png",200,200,-0.075266612,-0.206793316,4.0511,185,NA,NA,"Bckg1.jpg",196,109,44,2,1,1,65,196,142,307,242,196,"cookie1_tr.png",1,307,307,3.3493,1,4.0335,2,0.9
"Sub071_ToD_Online","OA","Night",1,"cow1_tr.png",350,350,-0.03821386,0.21672157,8.1025,185,-0.041990353,0.216021639,"Bckg113.jpg",352,24,36,1,1,1,30,352,172,11,137,352,"cow1_tr.png",1,-11,349,8.8644,1,3.3332,1,2.0179
"Sub071_ToD_Online","OA","Night",1,"crayon1_tr.png",270,270,-0.22006485,-2.69502e-17,5.7372,185,-0.218859312,-0.023003041,"Bckg87.jpg",267,33,33,1,1,1,21,267,220,22,283,267,"crayon1_tr.png",1,-96,264,6.4199,1,2.1636,1,2.1659
"Sub071_ToD_Online","OA","Night",1,"dress1_tr.png",447,87,0.219763259,0.011517304,5.9807,185,0.219763259,0.011517304,"Bckg96.jpg",83,51,63,2,1,1,72,83,239,71,9,83,"dress1_tr.png",1,87,87,8.5403,1,1.5164,1,0.6845
"Sub071_ToD_Online","OA","Night",1,"fantacan1_tr.png",150,150,0.110032425,-0.190581751,3.8152,185,0.15286989,-0.158301405,"Bckg86.jpg",126,84,113,3,1,1,118,126,32,278,53,126,"fantacan1_tr.png",1,496,136,7.5494,1,2.8309,1,1.8849
"Sub071_ToD_Online","OA","Night",1,"granola1_tr.png",190,190,-0.03821386,-0.21672157,6.6488,185,-0.075266612,-0.206793316,"Bckg49.jpg",191,103,110,3,1,1,110,191,262,206,48,191,"granola1_tr.png",1,200,200,6.2442,1,2.0304,1,0.4181
"Sub071_ToD_Online","OA","Night",1,"grater1_tr.png",225,225,-0.155609348,-0.155609348,3.9647,185,-0.180266572,-0.126224012,"Bckg118.jpg",227,108,19,1,1,1,36,227,183,311,225,227,"grater1_tr.png",1,595,235,7.645,1,2.4632,1,1.9825
"Sub071_ToD_Online","OA","Night",1,"hat1_tr.png",229,229,-0.166085051,-0.144375532,3.2354,185,-0.197792977,-0.096470081,"Bckg133.jpg",235,68,94,3,1,1,103,235,251,330,13,235,"hat1_tr.png",1,244,244,4.7142,1,1.5504,1,0.5389
"Sub071_ToD_Online","OA","Night",1,"jackolantern1_tr.png",411,51,0.171022509,0.138491297,6.4161,185,0.163540055,0.147252127,"Bckg21.jpg",51,93,7,1,1,1,31,51,161,66,118,51,"jackolantern1_tr.png",1,48,48,8.4478,1,2.8666,1,1.3647
"Sub071_ToD_Online","OA","Night",1,"lemon1_tr.png",373,13,0.04950382,0.214424602,5.3294,185,NA,NA,"Bckg99.jpg",20,66,12,1,1,1,26,20,265,285,180,20,"lemon1_tr.png",1,285,285,2.4936,1,3.7552,2,1.5007
"Sub071_ToD_Online","OA","Night",1,"mouthwash1_tr.png",347,347,-0.04950382,0.214424602,6.8309,185,-0.030627108,0.217923194,"Bckg109.jpg",352,100,45,2,1,1,48,352,115,250,226,352,"mouthwash1_tr.png",1,352,352,4.9321,1,1.9337,1,0.6675
"Sub071_ToD_Online","OA","Night",1,"partyhats1_tr.png",57,57,0.184561913,0.119855908,4.9979,185,0.166085051,0.144375532,"Bckg110.jpg",52,18,72,2,1,1,62,52,175,231,196,52,"partyhats1_tr.png",1,409,49,11.8804,1,3.6662,1,0.9177
"Sub071_ToD_Online","OA","Night",1,"pizza1_tr.png",399,39,0.138491297,0.171022509,8.0446,185,0.064340735,0.210449063,"Bckg83.jpg",31,80,70,2,1,1,68,31,153,237,175,31,"pizza1_tr.png",1,377,17,5.8661,1,3.2333,1,0.6339
"Sub071_ToD_Online","OA","Night",1,"plant1_tr.png",223,223,-0.150083867,-0.160945243,3.2129,185,NA,NA,"Bckg116.jpg",229,75,62,2,1,1,57,229,191,233,122,229,"plant1_tr.png",1,233,233,4.542,1,2.2673,1,1.3002
"Sub071_ToD_Online","OA","Night",1,"pokerchips1_tr.png",15,15,0.056956974,0.212566322,5.8803,185,0.064340735,0.210449063,"Bckg127.jpg",11,88,74,2,1,1,64,11,51,229,63,11,"pokerchips1_tr.png",1,377,17,9.5303,1,3.2345,1,2.0443
"Sub071_ToD_Online","OA","Night",1,"potatochips1_tr.png",378,18,0.068003779,0.20929411,6.6205,185,0.068003779,0.20929411,"Bckg124.jpg",13,81,90,3,1,1,106,13,164,112,355,13,"potatochips1_tr.png",1,378,18,7.1961,1,8.0619,1,0.804
"Sub071_ToD_Online","OA","Night",1,"ricecooker1_tr.png",28,28,0.103314189,0.19430573,6.2629,185,NA,NA,"Bckg102.jpg",14,19,35,1,1,1,33,14,178,267,92,14,"ricecooker1_tr.png",1,267,267,2.8529,1,1.9148,2,1.9332
"Sub071_ToD_Online","OA","Night",1,"rollingpin1_tr.png",226,226,-0.158301405,-0.15286989,8.3805,185,-0.15286989,-0.158301405,"Bckg69.jpg",228,89,51,2,1,1,75,228,12,120,126,228,"rollingpin1_tr.png",1,224,224,6.8493,1,2.3336,1,0.8674
"Sub071_ToD_Online","OA","Night",1,"sink1_tr.png",173,173,0.026819159,-0.21842452,6.1477,185,-0.003840661,-0.220031333,"Bckg32.jpg",178,112,75,2,1,1,54,178,267,137,336,178,"sink1_tr.png",1,181,181,5.7408,1,2.4168,1,0.6582
"Sub071_ToD_Online","OA","Night",1,"spoon1_tr.png",525,165,0.056956974,-0.212566322,6.585,185,0.071646107,-0.208075404,"Bckg67.jpg",161,10,41,2,1,1,53,161,301,195,183,161,"spoon1_tr.png",1,161,161,7.6815,1,1.7324,1,0.5685
"Sub071_ToD_Online","OA","Night",1,"starfish1_tr.png",69,69,0.205448237,0.078864189,5.7221,185,0.214424602,0.04950382,"Bckg106.jpg",77,54,95,3,1,1,99,77,197,61,78,77,"starfish1_tr.png",1,77,77,6.829,1,3.0621,1,0.5357
"Sub071_ToD_Online","OA","Night",1,"sunglasses1_tr.png",385,25,0.093003424,0.199446487,4.2974,185,0.078864189,0.205448237,"Bckg11.jpg",27,29,10,1,1,1,40,27,287,111,147,27,"sunglasses1_tr.png",1,21,21,6.9148,1,2.4672,1,1.802
"Sub071_ToD_Online","OA","Night",1,"toad1_tr.png",376,16,0.060658093,0.211539911,5.737,185,0.053238506,0.213527983,"Bckg65.jpg",25,27,67,2,1,1,79,25,278,24,220,25,"toad1_tr.png",1,14,14,6.8816,1,1.7175,1,0.951
"Sub071_ToD_Online","OA","Night",1,"toothpaste1_tr.png",260,260,-0.21672157,-0.03821386,7.047,185,-0.219227437,0.019179915,"Bckg38.jpg",259,1,73,2,1,1,43,259,232,85,230,259,"toothpaste1_tr.png",1,275,275,7.1155,1,5.8819,1,0.8398
"Sub071_ToD_Online","OA","Night",1,"towels1_tr.png",202,202,-0.082437744,-0.204040576,4.3809,185,NA,NA,"Bckg115.jpg",193,37,104,3,1,1,117,193,106,21,53,193,"towels1_tr.png",1,21,21,2.3316,1,2.0144,2,1.6317
"Sub071_ToD_Online","OA","Night",1,"train1_tr.png",129,129,0.171022509,-0.138491297,4.5871,185,NA,NA,"Bckg61.jpg",127,104,32,1,1,1,18,127,71,191,165,127,"train1_tr.png",1,191,191,4.299,1,2.4113,1,2.2691
"Sub071_ToD_Online","OA","Night",1,"trumpet1_tr.png",349,349,-0.041990353,0.216021639,9.8643,185,NA,NA,"Bckg130.jpg",355,58,11,1,1,1,3,355,313,133,32,355,"trumpet1_tr.png",1,133,133,7.8653,1,2.0683,2,2.9229
"Sub071_ToD_Online","OA","Night",1,"turtle1_tr.png",223,223,-0.150083867,-0.160945243,3.0272,185,-0.168579455,-0.141454959,"Bckg44.jpg",223,61,76,2,1,1,51,223,185,158,305,223,"turtle1_tr.png",1,230,230,4.7487,1,2.017,1,0.7343
"Sub071_ToD_Online","OA","Night",1,"vegeplatter1_tr.png",238,238,-0.186625577,-0.116616603,6.2881,185,NA,NA,"Bckg70.jpg",246,30,37,1,1,1,8,246,122,321,75,246,"vegeplatter1_tr.png",1,321,321,2.2298,1,6.3903,2,1.6992
"Sub071_ToD_Online","OA","Night",1,"washingmachine1_tr.png",336,336,-0.089508438,0.201039244,4.5665,185,NA,NA,"Bckg85.jpg",341,34,38,1,1,1,37,341,282,53,158,341,"washingmachine1_tr.png",1,53,53,5.8985,1,2.9831,2,2.4166
"Sub071_ToD_Online","OA","Night",1,"wheelchair1_tr.png",174,174,0.023003041,-0.218859312,6.8037,185,0.045754055,-0.215255905,"Bckg80.jpg",171,52,111,3,1,1,115,171,180,294,263,171,"wheelchair1_tr.png",1,528,168,7.3472,1,1.8638,1,0.619
"Sub071_ToD_Online","OA","Night",1,"woodenbox1_tr.png",347,347,-0.04950382,0.214424602,5.5619,185,NA,NA,"Bckg9.jpg",346,69,103,3,1,1,95,346,209,115,175,346,"woodenbox1_tr.png",1,115,115,2.9784,1,2.2252,2,0.6679
"Sub072_ToD_Online","OA","Night",1,"abacus1_tr.png",-67,293,-0.148551892,0.063056537,11.0034,138,-0.151648431,0.055195515,"Bckg135.jpg",299,41,16,1,1,1,27,299,113,108,23,299,"abacus1_tr.png",1,-70,290,8.0515,1,8.9036,1,3.0582
"Sub072_ToD_Online","OA","Night",1,"apple1_tr.png",479,119,0.141146907,-0.078239008,3.998,138,0.060454345,-0.149629756,"Bckg81.jpg",114,62,32,1,1,1,4,114,347,32,264,114,"apple1_tr.png",1,158,158,8.9984,1,5.7451,1,0.6029
"Sub072_ToD_Online","OA","Night",1,"asparagus1_tr.png",244,244,-0.145048183,-0.070744726,8.0428,138,-0.092564276,-0.132195486,"Bckg134.jpg",263,47,82,3,1,1,86,263,290,137,190,263,"asparagus1_tr.png",1,215,215,6.4674,1,3.0485,1,0.6834
"Sub072_ToD_Online","OA","Night",1,"bagel1_tr.png",253,253,-0.154329313,-0.047183206,4.5014,138,-0.142490868,-0.075763739,"Bckg43.jpg",246,20,3,1,1,1,6,246,243,284,250,246,"bagel1_tr.png",1,242,242,6.6125,1,5.6228,1,0.5675
"Sub072_ToD_Online","OA","Night",1,"basket1_tr.png",112,112,0.149629756,-0.060454345,6.6311,138,0.158929152,-0.028023497,"Bckg24.jpg",110,8,46,2,1,1,46,110,14,332,96,110,"basket1_tr.png",1,460,100,4.8641,1,3.692,1,1.5394
"Sub072_ToD_Online","OA","Night",1,"bathingsuit1_tr.png",311,311,NA,NA,7.5043,138,-0.118026511,0.110061502,"Bckg19.jpg",288,65,25,1,1,1,31,288,311,51,176,288,"bathingsuit1_tr.png",1,-47,313,12.1528,1,3.9836,1,0.6914
"Sub072_ToD_Online","OA","Night",1,"bbqmachine1_tr.png",511,151,0.078239008,-0.141146907,8.2054,138,-0.136858757,0.085518842,"Bckg48.jpg",172,40,65,2,1,1,76,172,331,332,338,172,"bbqmachine1_tr.png",1,302,302,11.2788,1,6.7506,1,2.0694
"Sub072_ToD_Online","OA","Night",1,"binder1_tr.png",448,88,0.161282581,0.005632112,8.7904,138,0.160987774,-0.011257362,"Bckg82.jpg",91,21,120,3,1,1,106,91,236,320,312,91,"binder1_tr.png",1,454,94,5.2958,1,1.3831,1,0.5166
"Sub072_ToD_Online","OA","Night",1,"bottleofwine1_tr.png",117,117,0.143791426,-0.073265391,5.1687,138,0.138330422,-0.083117303,"Bckg29.jpg",126,71,92,3,1,1,119,126,55,131,270,126,"bottleofwine1_tr.png",1,121,121,5.428,1,1.386,1,0.7589
"Sub072_ToD_Online","OA","Night",1,"bowlingpin1_tr.png",295,295,-0.146260757,0.068202511,5.9191,138,-0.014065271,0.160766787,"Bckg34.jpg",301,48,76,2,1,1,52,301,219,51,324,301,"bowlingpin1_tr.png",1,-5,355,7.1158,1,4.535,2,1.1412
"Sub072_ToD_Online","OA","Night",1,"bowls1_tr.png",66,66,0.147428779,0.065639521,14.971,138,0.132195486,0.092564276,"Bckg103.jpg",76,79,31,1,1,1,18,76,238,207,139,76,"bowls1_tr.png",1,415,55,11.3132,1,1.907,2,1.769
"Sub072_ToD_Online","OA","Night",1,"boxinggloves1_tr.png",269,269,-0.161356311,-0.002816485,9.0521,138,NA,NA,"Bckg131.jpg",276,95,53,2,1,1,78,276,159,125,149,276,"boxinggloves1_tr.png",1,125,125,1.0732,1,1.301,2,4.7912
"Sub072_ToD_Online","OA","Night",1,"cakemixer1_tr.png",-116,244,-0.145048183,-0.070744726,8.7496,138,-0.155129268,-0.044482602,"Bckg12.jpg",255,117,104,3,1,1,95,255,108,314,330,255,"cakemixer1_tr.png",1,254,254,6.0715,1,2.9135,1,0.5874
"Sub072_ToD_Online","OA","Night",1,"coat1_tr.png",447,87,0.161159723,0.008446023,9.7416,138,0.159394023,0.025245533,"Bckg108.jpg",94,102,2,1,1,1,36,94,309,13,198,94,"coat1_tr.png",1,81,81,10.0177,1,1.7165,1,0.9518
"Sub072_ToD_Online","OA","Night",1,"coffeemug1_tr.png",325,325,-0.092564276,0.132195486,8.6394,138,-0.063056537,0.148551892,"Bckg20.jpg",325,70,5,1,1,1,40,325,253,113,22,325,"coffeemug1_tr.png",1,-23,337,6.0306,1,6.2671,1,3.6402
"Sub072_ToD_Online","OA","Night",1,"coke1_tr.png",-33,327,-0.087894332,0.135345403,6.1996,138,NA,NA,"Bckg78.jpg",322,74,95,3,1,1,88,322,31,323,307,322,"coke1_tr.png",1,323,323,2.1661,1,1.388,2,0.5718
"Sub072_ToD_Online","OA","Night",1,"crayon1_tr.png",272,272,-0.161282581,0.005632112,7.8896,138,-0.160987774,0.011257362,"Bckg87.jpg",267,33,94,3,1,1,116,267,220,22,283,267,"crayon1_tr.png",1,-86,274,12.2685,1,1.4168,1,0.5554
"Sub072_ToD_Online","OA","Night",1,"cucumber1_tr.png",448,88,0.161282581,0.005632112,9.218,138,0.16138089,3.95269e-17,"Bckg92.jpg",82,87,50,2,1,1,67,82,286,332,303,82,"cucumber1_tr.png",1,450,90,9.9075,1,4.1145,1,0.6693
"Sub072_ToD_Online","OA","Night",1,"dog1_tr.png",152,152,0.075763739,-0.142490868,6.6371,138,0.055195515,-0.151648431,"Bckg23.jpg",167,111,75,2,1,1,51,167,16,26,214,167,"dog1_tr.png",1,-200,160,6.429,1,4.0301,1,1.1378
"Sub072_ToD_Online","OA","Night",1,"fantacan1_tr.png",120,120,0.13975995,-0.080690445,6.1341,138,0.13975995,-0.080690445,"Bckg86.jpg",126,84,108,3,1,1,120,126,32,278,53,126,"fantacan1_tr.png",1,120,120,5.5183,1,3.1835,1,0.6435
"Sub072_ToD_Online","OA","Night",1,"fireextinguisher1_tr.png",292,292,-0.149629756,0.060454345,10.6141,138,-0.127169877,0.099355997,"Bckg88.jpg",294,85,28,1,1,1,16,294,212,94,215,294,"fireextinguisher1_tr.png",1,-52,308,6.7498,1,1.3842,1,0.6594
"Sub072_ToD_Online","OA","Night",1,"goggle1_tr.png",163,163,0.047183206,-0.154329313,9.6555,138,0.127169877,-0.099355997,"Bckg120.jpg",25,96,103,3,1,1,85,25,157,292,131,25,"goggle1_tr.png",1,488,128,9.6418,1,2.1644,1,0.5299
"Sub072_ToD_Online","OA","Night",1,"hammer1_tr.png",223,223,-0.110061502,-0.118026511,9.4209,138,-0.132195486,-0.092564276,"Bckg138.jpg",237,118,73,2,1,1,56,237,139,321,245,237,"hammer1_tr.png",1,235,235,6.6096,1,2.7754,1,0.7577
"Sub072_ToD_Online","OA","Night",1,"handbag1_tr.png",415,55,0.132195486,0.092564276,10.5803,138,0.099355997,0.127169877,"Bckg97.jpg",66,94,86,3,1,1,111,66,275,244,269,66,"handbag1_tr.png",1,398,38,4.7351,1,4.0414,1,0.6013
"Sub072_ToD_Online","OA","Night",1,"hotdog1_tr.png",489,129,0.125416507,-0.101560285,9.4707,138,0.002816485,-0.161356311,"Bckg126.jpg",152,42,13,1,1,1,14,152,327,275,320,152,"hotdog1_tr.png",1,179,179,9.6546,1,2.032,1,0.5041
"Sub072_ToD_Online","OA","Night",1,"jackolantern1_tr.png",47,47,0.118026511,0.110061502,17.3399,138,0.145048183,0.070744726,"Bckg21.jpg",51,93,33,1,1,1,7,51,161,66,118,51,"jackolantern1_tr.png",1,64,64,8.636,1,2.5369,1,1.0361
"Sub072_ToD_Online","OA","Night",1,"kite1_tr.png",181,181,-0.002816485,-0.161356311,7.774,138,-0.002816485,-0.161356311,"Bckg128.jpg",181,115,119,3,1,1,105,181,59,221,177,181,"kite1_tr.png",1,181,181,3.6506,1,12.9404,1,0.7065
"Sub072_ToD_Online","OA","Night",1,"lei1_tr.png",54,54,0.130559883,0.094857307,9.5348,138,NA,NA,"Bckg119.jpg",49,5,107,3,1,1,108,49,174,32,226,49,"lei1_tr.png",1,32,32,3.2138,1,2.148,1,0.8684
"Sub072_ToD_Online","OA","Night",1,"lemon1_tr.png",387,27,0.073265391,0.143791426,6.9356,138,0.030792925,0.158415869,"Bckg99.jpg",20,66,61,2,1,1,72,20,265,285,180,20,"lemon1_tr.png",1,371,11,7.0227,1,5.6972,1,0.779
"Sub072_ToD_Online","OA","Night",1,"loaf1_tr.png",447,87,0.161159723,0.008446023,7.3571,138,0.160496829,0.016868896,"Bckg90.jpg",101,25,26,1,1,1,12,101,357,138,325,101,"loaf1_tr.png",1,84,84,12.9504,1,1.7334,2,1.4185
"Sub072_ToD_Online","OA","Night",1,"oven1_tr.png",483,123,0.135345403,-0.087894332,8.5552,138,NA,NA,"Bckg55.jpg",111,9,97,3,1,1,84,111,305,27,70,111,"oven1_tr.png",1,27,27,0.7159,1,5.2815,2,2.1211
"Sub072_ToD_Online","OA","Night",1,"paintpalette1_tr.png",245,245,-0.146260757,-0.068202511,8.3481,138,-0.127169877,-0.099355997,"Bckg56.jpg",259,16,102,3,1,1,81,259,311,154,192,259,"paintpalette1_tr.png",1,232,232,7.418,1,1.1953,1,0.6213
"Sub072_ToD_Online","OA","Night",1,"penguin1_tr.png",417,57,0.135345403,0.087894332,7.7069,138,0.103733637,0.123624934,"Bckg114.jpg",71,7,7,1,1,1,20,71,333,350,66,71,"penguin1_tr.png",1,400,40,7.5732,1,7.6973,1,0.8196
"Sub072_ToD_Online","OA","Night",1,"pickle1_tr.png",65,65,NA,NA,0.5565,138,NA,NA,"Bckg66.jpg",150,83,51,2,1,1,80,150,65,78,256,150,"pickle1_tr.png",1,78,78,9.4914,1,2.1464,2,1.3827
"Sub072_ToD_Online","OA","Night",1,"pin1_tr.png",298,298,-0.142490868,0.075763739,4.1185,138,-0.145048183,-0.070744726,"Bckg59.jpg",300,82,12,1,1,1,3,300,260,88,40,300,"pin1_tr.png",1,244,244,9.7017,1,4.472,2,0.9704
"Sub072_ToD_Online","OA","Night",1,"pinecone1_tr.png",160,160,0.055195515,-0.151648431,6.068,138,0.041768448,-0.15588197,"Bckg10.jpg",167,55,116,3,1,1,117,167,204,167,102,167,"pinecone1_tr.png",1,165,165,3.9309,1,1.0879,1,0.585
"Sub072_ToD_Online","OA","Night",1,"pokerchips1_tr.png",23,23,0.063056537,0.148551892,6.1751,138,0.030792925,0.158415869,"Bckg127.jpg",11,88,48,2,1,1,57,11,51,229,63,11,"pokerchips1_tr.png",1,371,11,7.5256,1,1.4635,1,0.8861
"Sub072_ToD_Online","OA","Night",1,"potatochips1_tr.png",6,6,0.016868896,0.160496829,8.2259,138,0.005632112,0.161282581,"Bckg124.jpg",13,81,67,2,1,1,79,13,164,112,355,13,"potatochips1_tr.png",1,2,2,6.5344,1,2.7291,1,1.1086
"Sub072_ToD_Online","OA","Night",1,"seashell1_tr.png",206,206,-0.070744726,-0.145048183,4.8652,138,NA,NA,"Bckg8.jpg",205,13,66,2,1,1,49,205,224,134,59,205,"seashell1_tr.png",1,134,134,3.1823,1,2.7244,2,3.182
"Sub072_ToD_Online","OA","Night",1,"sink1_tr.png",181,181,-0.002816485,-0.161356311,9.5041,138,0.002816485,-0.161356311,"Bckg32.jpg",178,112,6,1,1,1,11,178,267,137,336,178,"sink1_tr.png",1,179,179,10.1385,1,5.1742,1,0.7507
"Sub072_ToD_Online","OA","Night",1,"sippycup1_tr.png",120,120,0.13975995,-0.080690445,8.1139,138,0.141146907,-0.078239008,"Bckg105.jpg",107,106,89,3,1,1,101,107,24,15,204,107,"sippycup1_tr.png",1,119,119,11.2005,1,2.7109,1,0.6062
"Sub072_ToD_Online","OA","Night",1,"slide1_tr.png",46,46,0.116087697,0.112104586,8.7808,138,0.019667383,0.160177981,"Bckg94.jpg",44,44,105,3,1,1,98,44,4,217,28,44,"slide1_tr.png",1,367,7,11.3693,1,1.3294,2,1.0048
"Sub072_ToD_Online","OA","Night",1,"stoplights1_tr.png",234,234,-0.130559883,-0.094857307,10.2549,138,0.133790821,-0.090243048,"Bckg53.jpg",219,60,39,1,1,1,39,219,214,124,240,219,"stoplights1_tr.png",1,124,124,9.4214,1,1.0548,2,1.3686
"Sub072_ToD_Online","OA","Night",1,"telephonebooth1_tr.png",202,202,-0.060454345,-0.149629756,10.8453,138,-0.135345403,0.087894332,"Bckg107.jpg",214,63,29,1,1,1,23,214,64,281,300,214,"telephonebooth1_tr.png",1,303,303,18.4545,1,1.132,2,1.8222
"Sub072_ToD_Online","OA","Night",1,"tennisball1_tr.png",404,44,0.112104586,0.116087697,12.1473,138,0.116087697,0.112104586,"Bckg125.jpg",15,31,52,2,1,1,68,15,270,276,311,15,"tennisball1_tr.png",1,406,46,6.1596,1,5.7624,1,1.3027
"Sub072_ToD_Online","OA","Night",1,"tissuebox1_tr.png",-1,359,-0.002816485,0.161356311,9.8081,138,-0.011257362,0.160987774,"Bckg98.jpg",1,12,85,3,1,1,96,1,95,272,311,1,"tissuebox1_tr.png",1,356,356,5.0056,1,1.1625,1,0.7373
"Sub072_ToD_Online","OA","Night",1,"toad1_tr.png",384,24,0.065639521,0.147428779,5.468,138,0.075763739,0.142490868,"Bckg65.jpg",25,27,55,2,1,1,73,25,278,24,220,25,"toad1_tr.png",1,28,28,5.0687,1,1.1656,1,0.6823
"Sub072_ToD_Online","OA","Night",1,"toothpaste1_tr.png",296,296,-0.145048183,0.070744726,9.1693,138,-0.15066204,-0.057833739,"Bckg38.jpg",259,1,111,3,1,1,115,259,232,85,230,259,"toothpaste1_tr.png",1,-111,249,13.189,1,1.4022,2,0.8027
"Sub072_ToD_Online","OA","Night",1,"tractor1_tr.png",-22,338,-0.060454345,0.149629756,8.5168,138,-0.075763739,0.142490868,"Bckg63.jpg",316,86,56,2,1,1,63,316,132,20,87,316,"tractor1_tr.png",1,-28,332,16.4866,1,1.2979,1,0.8839
"Sub072_ToD_Online","OA","Night",1,"train1_tr.png",113,113,0.148551892,-0.063056537,10.7074,138,0.057833739,-0.15066204,"Bckg61.jpg",127,104,37,1,1,1,33,127,71,191,165,127,"train1_tr.png",1,159,159,4.6853,1,6.8476,1,0.6835
"Sub072_ToD_Online","OA","Night",1,"trumpet1_tr.png",363,3,0.008446023,0.161159723,5.7253,138,0.008446023,0.161159723,"Bckg130.jpg",355,58,49,2,1,1,59,355,313,133,32,355,"trumpet1_tr.png",1,3,3,8.7326,1,1.6194,1,0.8661
"Sub072_ToD_Online","OA","Night",1,"turtle1_tr.png",233,233,-0.128884509,-0.097121444,10.1409,138,-0.133790821,-0.090243048,"Bckg44.jpg",223,61,23,1,1,1,32,223,185,158,305,223,"turtle1_tr.png",1,236,236,6.5326,1,1.5353,1,1.0523
"Sub072_ToD_Online","OA","Night",1,"valentinesdaycard1_tr.png",328,328,-0.085518842,0.136858757,7.7141,138,-0.128884509,0.097121444,"Bckg111.jpg",338,26,45,2,1,1,45,338,234,203,108,338,"valentinesdaycard1_tr.png",1,307,307,5.6419,1,4.3786,1,1.5897
"Sub072_ToD_Online","OA","Night",1,"waterfilter1_tr.png",470,110,0.151648431,-0.055195515,10.6517,138,0.142490868,-0.075763739,"Bckg123.jpg",115,56,84,3,1,1,109,115,280,232,286,115,"waterfilter1_tr.png",1,118,118,9.1097,1,2.4062,1,0.6465
"Sub072_ToD_Online","OA","Night",1,"wisk1_tr.png",-46,314,-0.116087697,0.112104586,9.0909,138,-0.110061502,0.118026511,"Bckg95.jpg",315,23,57,2,1,1,64,315,150,163,135,315,"wisk1_tr.png",1,-43,317,11.9006,1,4.4976,1,0.9375
"Sub072_ToD_Online","OA","Night",1,"woodenbox1_tr.png",331,331,-0.078239008,0.141146907,11.3348,138,-0.087894332,0.135345403,"Bckg9.jpg",346,69,14,1,1,1,24,346,209,115,175,346,"woodenbox1_tr.png",1,-33,327,7.6238,1,6.1466,1,0.8719
"Sub073_ToD_Online","OA","Night",1,"apple1_tr.png",475,115,0.219887271,-0.102535119,6.969,175,0.233220121,-0.066874793,"Bckg81.jpg",114,62,103,3,1,1,96,114,347,32,264,114,"apple1_tr.png",1,106,106,4.6202,1,15.8081,1,1.811
"Sub073_ToD_Online","OA","Night",1,"bagel1_tr.png",243,243,NA,NA,1.4467,175,-0.224952197,-0.090886587,"Bckg43.jpg",246,20,3,1,1,1,35,246,243,284,250,246,"bagel1_tr.png",1,248,248,5.1968,1,2.1945,1,1.4839
"Sub073_ToD_Online","OA","Night",1,"basket1_tr.png",114,114,0.221643266,-0.09868194,3.6835,175,0.162343638,-0.180300876,"Bckg24.jpg",110,8,69,2,1,1,79,110,14,332,96,110,"basket1_tr.png",1,498,138,6.3994,1,1.9498,1,1.3172
"Sub073_ToD_Online","OA","Night",1,"bathingsuit1_tr.png",289,289,-0.229400544,0.078988942,2.4001,175,-0.242581808,0.004234281,"Bckg19.jpg",288,65,54,2,1,1,68,288,311,51,176,288,"bathingsuit1_tr.png",1,-89,271,4.8908,1,1.7652,1,1.7663
"Sub073_ToD_Online","OA","Night",1,"bed1_tr.png",230,230,-0.185856753,-0.155952333,6.2234,175,-0.152684933,-0.18855019,"Bckg77.jpg",245,120,22,1,1,1,40,245,138,143,160,245,"bed1_tr.png",1,219,219,5.6545,1,2.397,2,6.2373
"Sub073_ToD_Online","OA","Night",1,"bell1_tr.png",345,345,-0.062794356,0.234351726,3.6905,175,-4.45683e-17,0.24261876,"Bckg36.jpg",349,78,104,3,1,1,81,349,287,282,294,349,"bell1_tr.png",1,360,0,7.1037,1,4.2894,1,1.0542
"Sub073_ToD_Online","OA","Night",1,"binder1_tr.png",100,100,0.238932836,-0.042130306,5.0859,175,0.242470963,0.008467273,"Bckg82.jpg",91,21,30,1,1,1,12,91,236,320,312,91,"binder1_tr.png",1,448,88,5.6134,1,2.2864,1,1.6171
"Sub073_ToD_Online","OA","Night",1,"bird1_tr.png",44,44,0.168537152,0.17452533,3.933,175,0.17155737,0.17155737,"Bckg2.jpg",39,72,79,2,1,1,77,39,118,137,33,39,"bird1_tr.png",1,45,45,3.7793,1,1.8293,1,1.0258
"Sub073_ToD_Online","OA","Night",1,"bow1_tr.png",149,149,0.124957899,-0.207964868,7.9815,175,0.229400544,-0.078988942,"Bckg54.jpg",172,67,46,2,1,1,45,172,311,5,258,172,"bow1_tr.png",1,109,109,4.2478,1,3.268,2,1.4508
"Sub073_ToD_Online","OA","Night",1,"bowls1_tr.png",84,84,0.241289669,0.025360566,6.6343,175,0.23963172,0.037953936,"Bckg103.jpg",76,79,48,2,1,1,50,76,238,207,139,76,"bowls1_tr.png",1,81,81,5.7644,1,1.8127,1,1.1557
"Sub073_ToD_Online","OA","Night",1,"boxinggloves1_tr.png",271,271,-0.242581808,0.004234281,5.7504,175,-0.17155737,-0.17155737,"Bckg131.jpg",276,95,17,1,1,1,4,276,159,125,149,276,"boxinggloves1_tr.png",1,225,225,4.2646,1,2.3051,2,1.1845
"Sub073_ToD_Online","OA","Night",1,"cabinet1_tr.png",353,353,-0.029567789,0.240810317,3.2169,175,-0.042130306,0.238932836,"Bckg13.jpg",355,110,87,3,1,1,83,355,291,250,164,355,"cabinet1_tr.png",1,350,350,6.0685,1,1.4616,1,0.9181
"Sub073_ToD_Online","OA","Night",1,"cakemixer1_tr.png",242,242,-0.21421965,-0.113902608,4.2072,175,-0.233220121,-0.066874793,"Bckg12.jpg",255,117,107,3,1,1,119,255,108,314,330,255,"cakemixer1_tr.png",1,254,254,3.2216,1,2.7312,1,1.1236
"Sub073_ToD_Online","OA","Night",1,"coat1_tr.png",455,95,0.241695522,-0.021145618,4.5834,175,0.240810317,0.029567789,"Bckg108.jpg",94,102,99,3,1,1,86,94,309,13,198,94,"coat1_tr.png",1,83,83,3.2321,1,1.8948,1,1.1751
"Sub073_ToD_Online","OA","Night",1,"coffeemug1_tr.png",321,321,-0.152684933,0.18855019,3.7002,175,-0.236400457,-0.054577346,"Bckg20.jpg",325,70,70,2,1,1,71,325,253,113,22,325,"coffeemug1_tr.png",1,-103,257,9.7078,1,3.2446,2,3.341
"Sub073_ToD_Online","OA","Night",1,"cookie1_tr.png",204,204,-0.09868194,-0.221643266,5.678,175,-0.152684933,-0.18855019,"Bckg1.jpg",196,109,68,2,1,1,43,196,142,307,242,196,"cookie1_tr.png",1,219,219,5.3465,1,1.6711,1,1.0335
"Sub073_ToD_Online","OA","Night",1,"crayon1_tr.png",262,262,-0.240257611,-0.033766005,5.4196,175,-0.237316958,-0.050443277,"Bckg87.jpg",267,33,18,1,1,1,17,267,220,22,283,267,"crayon1_tr.png",1,-102,258,5.2975,1,2.1839,1,1.4182
"Sub073_ToD_Online","OA","Night",1,"eggs1_tr.png",88,88,0.242470963,0.008467273,4.4998,175,0.242286259,-0.012697685,"Bckg132.jpg",84,28,108,3,1,1,98,84,124,265,170,84,"eggs1_tr.png",1,93,93,8.8565,1,1.9481,1,1.3505
"Sub073_ToD_Online","OA","Night",1,"fireextinguisher1_tr.png",298,298,-0.21421965,0.113902608,3.8337,175,-0.224952197,0.090886587,"Bckg88.jpg",294,85,119,3,1,1,91,294,212,94,215,294,"fireextinguisher1_tr.png",1,-68,292,5.9719,1,1.5633,1,0.835
"Sub073_ToD_Online","OA","Night",1,"grater1_tr.png",221,221,-0.159172228,-0.183106703,2.6671,175,-0.198741653,-0.139160404,"Bckg118.jpg",227,108,94,3,1,1,108,227,183,311,225,227,"grater1_tr.png",1,235,235,4.918,1,1.8151,1,1.1509
"Sub073_ToD_Online","OA","Night",1,"hammer1_tr.png",229,229,-0.183106703,-0.159172228,4.2318,175,-0.004234281,0.242581808,"Bckg138.jpg",237,118,1,1,1,1,10,237,139,321,245,237,"hammer1_tr.png",1,359,359,9.3612,1,3.4593,1,2.4405
"Sub073_ToD_Online","OA","Night",1,"handbag1_tr.png",75,75,0.234351726,0.062794356,6.4499,175,0.21421965,0.113902608,"Bckg97.jpg",66,94,65,2,1,1,67,66,275,244,269,66,"handbag1_tr.png",1,62,62,5.755,1,2.2813,1,1.2915
"Sub073_ToD_Online","OA","Night",1,"handsoap1_tr.png",440,80,0.238932836,0.042130306,4.1487,175,0.198741653,-0.139160404,"Bckg73.jpg",74,57,28,1,1,1,3,74,352,41,5,74,"handsoap1_tr.png",1,125,125,4.4134,1,4.364,1,1.6367
"Sub073_ToD_Online","OA","Night",1,"hat1_tr.png",235,235,-0.198741653,-0.139160404,2.0885,175,-0.180300876,-0.162343638,"Bckg133.jpg",235,68,116,3,1,1,118,235,251,330,13,235,"hat1_tr.png",1,228,228,4.3666,1,1.5481,1,1.4333
"Sub073_ToD_Online","OA","Night",1,"jellybeans1_tr.png",229,229,-0.183106703,-0.159172228,6.0315,175,-0.168537152,-0.17452533,"Bckg46.jpg",235,49,110,3,1,1,95,235,347,110,157,235,"jellybeans1_tr.png",1,224,224,5.0651,1,1.7878,1,1.1674
"Sub073_ToD_Online","OA","Night",1,"kite1_tr.png",181,181,-0.004234281,-0.242581808,6.4985,175,0.004234281,0.242581808,"Bckg128.jpg",181,115,8,1,1,1,32,181,59,221,177,181,"kite1_tr.png",1,361,1,6.382,1,9.2136,2,2.0682
"Sub073_ToD_Online","OA","Night",1,"lemon1_tr.png",377,17,0.07093486,0.232017474,4.8837,175,0.152684933,0.18855019,"Bckg99.jpg",20,66,26,1,1,1,8,20,265,285,180,20,"lemon1_tr.png",1,399,39,4.3846,1,2.6962,2,1.0896
"Sub073_ToD_Online","OA","Night",1,"loaf1_tr.png",463,103,0.236400457,-0.054577346,4.2328,175,0.218064297,-0.106357064,"Bckg90.jpg",101,25,91,3,1,1,107,101,357,138,325,101,"loaf1_tr.png",1,116,116,3.9897,1,1.7371,1,1.8676
"Sub073_ToD_Online","OA","Night",1,"nailpolish1_tr.png",298,298,-0.21421965,0.113902608,5.2824,175,-0.191186192,0.149371024,"Bckg84.jpg",301,32,115,3,1,1,102,301,148,320,226,301,"nailpolish1_tr.png",1,308,308,2.8154,1,1.4825,1,0.8498
"Sub073_ToD_Online","OA","Night",1,"oven1_tr.png",467,107,0.232017474,-0.07093486,5.8889,175,0.234351726,-0.062794356,"Bckg55.jpg",111,9,6,1,1,1,33,111,305,27,70,111,"oven1_tr.png",1,105,105,3.8304,1,2.468,1,1.6342
"Sub073_ToD_Online","OA","Night",1,"plant1_tr.png",225,225,-0.17155737,-0.17155737,5.5156,175,-0.226504125,-0.086946788,"Bckg116.jpg",229,75,33,1,1,1,28,229,191,233,122,229,"plant1_tr.png",1,249,249,4.3455,1,2.4995,2,1.5245
"Sub073_ToD_Online","OA","Night",1,"pokerchips1_tr.png",15,15,0.062794356,0.234351726,2.85,175,0.021145618,0.241695522,"Bckg127.jpg",11,88,64,2,1,1,59,11,51,229,63,11,"pokerchips1_tr.png",1,365,5,4.7497,1,2.2503,1,1.0834
"Sub073_ToD_Online","OA","Night",1,"popcorn1_tr.png",143,143,0.146011615,-0.193763957,3.2663,175,0.082980503,-0.227987058,"Bckg76.jpg",144,15,82,3,1,1,111,144,211,30,310,144,"popcorn1_tr.png",1,160,160,8.8853,1,2.1052,2,1.2029
"Sub073_ToD_Online","OA","Night",1,"present1_tr.png",181,181,-0.004234281,-0.242581808,5.4716,175,0.008467273,-0.242470963,"Bckg121.jpg",184,46,20,1,1,1,5,184,45,118,188,184,"present1_tr.png",1,178,178,5.3653,1,3.2374,1,1.6237
"Sub073_ToD_Online","OA","Night",1,"radish1_tr.png",213,213,-0.132139647,-0.203477213,2.1709,175,-0.135670689,-0.201140068,"Bckg112.jpg",221,14,85,3,1,1,103,221,203,64,59,221,"radish1_tr.png",1,214,214,6.5647,1,1.6146,1,1.0414
"Sub073_ToD_Online","OA","Night",1,"rubikscube1_tr.png",114,114,0.221643266,-0.09868194,4.7826,175,0.21421965,-0.113902608,"Bckg122.jpg",113,105,88,3,1,1,90,113,4,222,200,113,"rubikscube1_tr.png",1,118,118,5.3817,1,1.6478,1,0.9675
"Sub073_ToD_Online","OA","Night",1,"scarf1_tr.png",267,267,-0.242286259,-0.012697685,2.8098,175,-0.241289669,0.025360566,"Bckg51.jpg",276,59,105,3,1,1,99,276,231,56,236,276,"scarf1_tr.png",1,-84,276,4.7705,1,1.7797,1,0.9555
"Sub073_ToD_Online","OA","Night",1,"scrabble1_tr.png",38,38,0.149371024,0.191186192,4.482,175,0.090886587,0.224952197,"Bckg91.jpg",15,39,7,1,1,1,25,15,152,156,110,15,"scrabble1_tr.png",1,22,22,6.147,1,2.3675,1,2.4367
"Sub073_ToD_Online","OA","Night",1,"silvertray1_tr.png",281,281,-0.23816117,0.046293842,3.2826,175,-0.18855019,0.152684933,"Bckg64.jpg",288,6,47,2,1,1,47,288,241,343,248,288,"silvertray1_tr.png",1,309,309,3.2833,1,2.4335,1,1.4338
"Sub073_ToD_Online","OA","Night",1,"skippingrope1_tr.png",61,61,0.212199149,0.117623909,4.4824,175,NA,NA,"Bckg7.jpg",60,45,5,1,1,1,7,60,87,213,277,60,"skippingrope1_tr.png",1,213,213,1.9869,1,7.1832,2,1.6874
"Sub073_ToD_Online","OA","Night",1,"slide1_tr.png",42,42,0.162343638,0.180300876,2.767,175,0.094798702,0.223331746,"Bckg94.jpg",44,44,90,3,1,1,85,44,4,217,28,44,"slide1_tr.png",1,23,23,6.8811,1,2.1798,1,1.1678
"Sub073_ToD_Online","OA","Night",1,"stoplights1_tr.png",214,214,NA,NA,2.399,175,-0.135670689,-0.201140068,"Bckg53.jpg",219,60,19,1,1,1,14,219,214,124,240,219,"stoplights1_tr.png",1,214,214,5.5142,1,2.9194,1,1.7006
"Sub073_ToD_Online","OA","Night",1,"streamer1_tr.png",-17,343,-0.07093486,0.232017474,3.6874,175,-0.180300876,0.162343638,"Bckg4.jpg",338,35,60,2,1,1,52,338,69,290,195,338,"streamer1_tr.png",1,312,312,2.8924,1,2.6652,1,1.4171
"Sub073_ToD_Online","OA","Night",1,"suit1_tr.png",259,259,-0.23816117,-0.046293842,4.6498,175,NA,NA,"Bckg52.jpg",262,36,52,2,1,1,78,262,153,255,138,262,"suit1_tr.png",1,255,255,2.4667,1,2.3502,1,2.4922
"Sub073_ToD_Online","OA","Night",1,"sunglasses1_tr.png",385,25,0.102535119,0.219887271,7.7089,175,0.183106703,0.159172228,"Bckg11.jpg",27,29,55,2,1,1,41,27,287,111,147,27,"sunglasses1_tr.png",1,49,49,4.2497,1,1.8297,1,1.3341
"Sub073_ToD_Online","OA","Night",1,"toaster1_tr.png",363,3,0.012697685,0.242286259,4.4855,175,0.004234281,0.242581808,"Bckg104.jpg",358,119,72,2,1,1,62,358,291,211,356,358,"toaster1_tr.png",1,1,1,6.7655,1,2.5669,1,1.8006
"Sub073_ToD_Online","OA","Night",1,"toothpaste1_tr.png",248,248,-0.224952197,-0.090886587,3.6987,175,-0.236400457,-0.054577346,"Bckg38.jpg",259,1,58,2,1,1,49,259,232,85,230,259,"toothpaste1_tr.png",1,257,257,6.5057,1,2.4002,1,0.9724
"Sub073_ToD_Online","OA","Night",1,"towels1_tr.png",188,188,-0.033766005,-0.240257611,4.3575,175,0.241695522,0.021145618,"Bckg115.jpg",193,37,10,1,1,1,21,193,106,21,53,193,"towels1_tr.png",1,85,85,3.6151,1,1.8957,2,1.9173
"Sub073_ToD_Online","OA","Night",1,"trophy1_tr.png",74,74,0.233220121,0.066874793,5.367,175,0.142607729,0.1962827,"Bckg68.jpg",75,99,117,3,1,1,100,75,66,178,228,75,"trophy1_tr.png",1,36,36,5.7155,1,3.6665,1,1.0344
"Sub073_ToD_Online","OA","Night",1,"trumpet1_tr.png",343,343,-0.07093486,0.232017474,3.7487,175,0.012697685,0.242286259,"Bckg130.jpg",355,58,13,1,1,1,37,355,313,133,32,355,"trumpet1_tr.png",1,3,3,5.8661,1,2.1335,1,1.7339
"Sub073_ToD_Online","OA","Night",1,"turtle1_tr.png",219,219,-0.152684933,-0.18855019,2.584,175,-0.149371024,-0.191186192,"Bckg44.jpg",223,61,56,2,1,1,75,223,185,158,305,223,"turtle1_tr.png",1,218,218,4.533,1,1.9668,1,1.4672
"Sub073_ToD_Online","OA","Night",1,"vacuum1_tr.png",463,103,0.236400457,-0.054577346,4.7992,175,-0.162343638,0.180300876,"Bckg60.jpg",108,97,81,3,1,1,115,108,327,356,335,108,"vacuum1_tr.png",1,318,318,3.5143,1,1.9243,2,1.4421
"Sub073_ToD_Online","OA","Night",1,"valentinesdaycard1_tr.png",338,338,-0.090886587,0.224952197,5.6494,175,-0.18855019,0.152684933,"Bckg111.jpg",338,26,74,2,1,1,73,338,234,203,108,338,"valentinesdaycard1_tr.png",1,309,309,5.8165,1,2.0645,1,1.0678
"Sub073_ToD_Online","OA","Night",1,"washingmachine1_tr.png",336,336,-0.09868194,0.221643266,3.916,175,-0.086946788,0.226504125,"Bckg85.jpg",341,34,118,3,1,1,89,341,282,53,158,341,"washingmachine1_tr.png",1,-21,339,3.5978,1,1.6366,1,0.9833
"Sub073_ToD_Online","OA","Night",1,"watch1_tr.png",127,127,0.193763957,-0.146011615,5.3047,175,0.212199149,-0.117623909,"Bckg117.jpg",119,43,71,2,1,1,66,119,181,237,158,119,"watch1_tr.png",1,119,119,4.9364,1,1.8341,1,0.8081
"Sub073_ToD_Online","OA","Night",1,"waterfilter1_tr.png",118,118,0.21421965,-0.113902608,5.7523,175,0.191186192,0.149371024,"Bckg123.jpg",115,56,15,1,1,1,38,115,280,232,286,115,"waterfilter1_tr.png",1,52,52,6.7935,1,2.3393,2,1.8394
"Sub073_ToD_Online","OA","Night",1,"wheelchair1_tr.png",168,168,0.050443277,-0.237316958,4.6731,175,0.008467273,-0.242470963,"Bckg80.jpg",171,52,49,2,1,1,55,171,180,294,263,171,"wheelchair1_tr.png",1,538,178,8.2658,1,1.9438,1,0.9247
"Sub073_ToD_Online","OA","Night",1,"wreath1_tr.png",221,221,-0.159172228,-0.183106703,6.6649,175,-0.207964868,-0.124957899,"Bckg71.jpg",229,98,14,1,1,1,15,229,357,97,101,229,"wreath1_tr.png",1,239,239,8.6167,1,3.1329,2,2.6648
"Sub074_ToD_Online","OA","Night",1,"apple1_tr.png",489,129,0.169831308,-0.137526681,52.0629,12,0.1404697,-0.16740527,"Bckg81.jpg",114,62,52,2,1,1,62,114,347,32,264,114,"apple1_tr.png",1,140,140,40.0258,1,3.3977,1,0.7172
"Sub074_ToD_Online","OA","Night",1,"banana1_tr.png",399,39,0.137526681,0.169831308,59.5886,12,0.189254316,0.10926603,"Bckg93.jpg",44,114,13,1,1,1,13,44,233,78,338,44,"banana1_tr.png",1,60,60,13.0528,1,4.7498,1,4.9191
"Sub074_ToD_Online","OA","Night",1,"bandaid1_tr.png",221,221,-0.143369931,-0.164928239,34.5913,12,-0.169831308,-0.137526681,"Bckg45.jpg",246,107,12,1,1,1,7,246,143,243,11,246,"bandaid1_tr.png",1,231,231,13.6897,1,2.0407,1,2.1209
"Sub074_ToD_Online","OA","Night",1,"bathingsuit1_tr.png",295,295,-0.198057308,0.092355639,7.6365,12,-0.183276407,0.11902109,"Bckg19.jpg",288,65,81,3,1,1,84,288,311,51,176,288,"bathingsuit1_tr.png",1,-57,303,46.8978,1,2.0732,1,0.7128
"Sub074_ToD_Online","OA","Night",1,"bbqmachine1_tr.png",179,179,0.00381391,-0.218498777,62.6884,12,-0.015244026,-0.217999727,"Bckg48.jpg",172,40,88,3,1,1,111,172,331,332,338,172,"bbqmachine1_tr.png",1,184,184,55.5423,1,2.0432,1,0.7097
"Sub074_ToD_Online","OA","Night",1,"bed1_tr.png",224,224,-0.151805125,-0.157198808,38.2484,12,-0.105946445,-0.191132446,"Bckg77.jpg",245,120,90,3,1,1,113,245,138,143,160,245,"bed1_tr.png",1,209,209,31.3632,1,2.0434,1,0.808
"Sub074_ToD_Online","OA","Night",1,"bell1_tr.png",343,343,-0.063892591,0.208983248,24.2842,12,-0.10926603,0.189254316,"Bckg36.jpg",349,78,32,1,1,1,18,349,287,282,294,349,"bell1_tr.png",1,330,330,22.12,1,4.0718,1,3.5059
"Sub074_ToD_Online","OA","Night",1,"bike1_tr.png",149,149,0.112552331,-0.187318536,29.9264,12,0.143369931,-0.164928239,"Bckg39.jpg",135,2,84,3,1,1,103,135,209,107,240,135,"bike1_tr.png",1,139,139,16.7137,1,3.3939,1,0.7144
"Sub074_ToD_Online","OA","Night",1,"binder1_tr.png",144,144,0.128449922,-0.17679615,39.7117,12,-0.102594588,0.192952356,"Bckg82.jpg",91,21,56,2,1,1,58,91,236,320,312,91,"binder1_tr.png",1,332,332,5.5095,1,2.7111,2,1.4165
"Sub074_ToD_Online","OA","Night",1,"bird1_tr.png",46,46,0.157198808,0.151805125,26.9449,12,0.149038507,0.159824231,"Bckg2.jpg",39,72,25,1,1,1,2,39,118,137,33,39,"bird1_tr.png",1,43,43,39.5949,1,2.7213,1,0.7108
"Sub074_ToD_Online","OA","Night",1,"bottleofwine1_tr.png",129,129,0.169831308,-0.137526681,28.9963,12,0.143369931,-0.164928239,"Bckg29.jpg",126,71,78,2,1,1,45,126,55,131,270,126,"bottleofwine1_tr.png",1,139,139,7.5549,1,2.7226,1,0.7142
"Sub074_ToD_Online","OA","Night",1,"bow1_tr.png",161,161,0.071147079,-0.206626122,55.5334,12,0.011437084,-0.218232569,"Bckg54.jpg",172,67,27,1,1,1,14,172,311,5,258,172,"bow1_tr.png",1,-183,177,68.4285,1,2.7302,1,2.1109
"Sub074_ToD_Online","OA","Night",1,"breakfast1_tr.png",324,324,-0.128449922,0.17679615,12.5363,12,0.071147079,-0.206626122,"Bckg89.jpg",300,3,46,2,1,1,75,300,348,149,173,300,"breakfast1_tr.png",1,161,161,6.9075,1,2.7266,2,2.1112
"Sub074_ToD_Online","OA","Night",1,"cabinet1_tr.png",345,345,-0.056560259,0.211085761,22.2664,12,-0.015244026,0.217999727,"Bckg13.jpg",355,110,92,3,1,1,89,355,291,250,164,355,"cabinet1_tr.png",1,356,356,39.4441,1,2.0509,1,0.7106
"Sub074_ToD_Online","OA","Night",1,"cakemixer1_tr.png",226,226,-0.157198808,-0.151805125,51.6481,12,-0.205352964,-0.074742366,"Bckg12.jpg",255,117,70,2,1,1,50,255,108,314,330,255,"cakemixer1_tr.png",1,250,250,32.1777,1,3.4175,1,0.7814
"Sub074_ToD_Online","OA","Night",1,"coat1_tr.png",469,109,0.206626122,-0.071147079,58.1942,12,0.204017254,-0.078314886,"Bckg108.jpg",94,102,63,2,1,1,66,94,309,13,198,94,"coat1_tr.png",1,111,111,35.5807,1,2.0446,1,0.7112
"Sub074_ToD_Online","OA","Night",1,"cucumber1_tr.png",446,86,0.217999727,0.015244026,59.4407,12,0.217334919,0.02284282,"Bckg92.jpg",82,87,51,2,1,1,53,82,286,332,303,82,"cucumber1_tr.png",1,444,84,41.7751,1,2.7216,1,1.4323
"Sub074_ToD_Online","OA","Night",1,"dog1_tr.png",150,150,0.10926603,-0.189254316,49.2307,12,0.081863551,-0.202619398,"Bckg23.jpg",167,111,44,2,1,1,73,167,16,26,214,167,"dog1_tr.png",1,158,158,48.666,1,2.7183,1,0.7157
"Sub074_ToD_Online","OA","Night",1,"fireextinguisher1_tr.png",276,276,-0.217334919,0.02284282,31.1369,12,-0.16240097,0.14622649,"Bckg88.jpg",294,85,19,1,1,1,39,294,212,94,215,294,"fireextinguisher1_tr.png",1,-48,312,54.4059,1,4.0777,1,1.4123
"Sub074_ToD_Online","OA","Night",1,"goggle1_tr.png",55,55,0.179010984,0.12534484,47.8827,12,0.128449922,0.17679615,"Bckg120.jpg",25,96,68,2,1,1,47,25,157,292,131,25,"goggle1_tr.png",1,396,36,38.6459,1,4.1311,1,1.4924
"Sub074_ToD_Online","OA","Night",1,"granola1_tr.png",204,204,-0.088884996,-0.199638971,25.5394,12,-0.05286769,-0.212040724,"Bckg49.jpg",191,103,69,2,1,1,78,191,262,206,48,191,"granola1_tr.png",1,194,194,11.0731,1,2.0479,1,0.7175
"Sub074_ToD_Online","OA","Night",1,"grater1_tr.png",205,205,-0.092355639,-0.198057308,16.5658,12,-0.159824231,-0.149038507,"Bckg118.jpg",227,108,99,3,1,1,115,227,183,311,225,227,"grater1_tr.png",1,227,227,30.6071,1,2.7198,1,0.7143
"Sub074_ToD_Online","OA","Night",1,"hammer1_tr.png",205,205,-0.092355639,-0.198057308,32.0488,12,-0.164928239,-0.143369931,"Bckg138.jpg",237,118,76,2,1,1,69,237,139,321,245,237,"hammer1_tr.png",1,229,229,33.3282,1,3.3938,2,0.7142
"Sub074_ToD_Online","OA","Night",1,"handbag1_tr.png",87,87,0.218232569,0.011437084,67.4091,12,0.218398936,0.007626659,"Bckg97.jpg",66,94,16,1,1,1,34,66,275,244,269,66,"handbag1_tr.png",1,88,88,57.931,1,2.7201,1,3.5095
"Sub074_ToD_Online","OA","Night",1,"handsoap1_tr.png",472,112,0.202619398,-0.081863551,43.4482,12,0.215841568,0.034185946,"Bckg73.jpg",74,57,28,1,1,1,25,74,352,41,5,74,"handsoap1_tr.png",1,81,81,17.3096,1,4.0887,1,0.7111
"Sub074_ToD_Online","OA","Night",1,"hotdog1_tr.png",173,173,0.026632359,-0.216903155,57.0295,12,-0.179010984,-0.12534484,"Bckg126.jpg",152,42,53,2,1,1,56,152,327,275,320,152,"hotdog1_tr.png",1,235,235,17.3218,1,2.079,2,0.7144
"Sub074_ToD_Online","OA","Night",1,"jackolantern1_tr.png",47,47,0.159824231,0.149038507,48.5045,12,0.1404697,0.16740527,"Bckg21.jpg",51,93,41,2,1,1,61,51,161,66,118,51,"jackolantern1_tr.png",1,40,40,16.8269,1,2.0404,1,1.4188
"Sub074_ToD_Online","OA","Night",1,"kite1_tr.png",187,187,-0.026632359,-0.216903155,46.7057,12,-0.056560259,-0.211085761,"Bckg128.jpg",181,115,18,1,1,1,17,181,59,221,177,181,"kite1_tr.png",1,195,195,11.1773,1,3.3891,1,1.4183
"Sub074_ToD_Online","OA","Night",1,"motorcycle1_tr.png",256,256,-0.212040724,-0.05286769,35.9735,12,-0.201159822,-0.085387278,"Bckg100.jpg",260,4,66,2,1,1,42,260,342,17,98,260,"motorcycle1_tr.png",1,-113,247,48.8684,1,2.757,1,1.4093
"Sub074_ToD_Online","OA","Night",1,"nailpolish1_tr.png",-38,322,-0.13454177,0.172205613,70.4832,12,-0.16240097,0.14622649,"Bckg84.jpg",301,32,109,3,1,1,98,301,148,320,226,301,"nailpolish1_tr.png",1,312,312,8.9311,1,2.0478,1,0.7129
"Sub074_ToD_Online","OA","Night",1,"pan1_tr.png",133,133,0.159824231,-0.149038507,16.6016,12,0.189254316,-0.10926603,"Bckg58.jpg",133,116,7,1,1,1,27,133,89,30,229,133,"pan1_tr.png",1,120,120,40.3027,1,3.3977,1,1.416
"Sub074_ToD_Online","OA","Night",1,"pickle1_tr.png",143,143,0.131515877,-0.174527463,30.7849,12,0.151805125,-0.157198808,"Bckg66.jpg",150,83,115,3,1,1,108,150,65,78,256,150,"pickle1_tr.png",1,136,136,22.8467,1,2.0372,1,0.7151
"Sub074_ToD_Online","OA","Night",1,"pin1_tr.png",308,308,-0.172205613,0.13454177,22.8843,12,0.122201577,0.181171289,"Bckg59.jpg",300,82,17,1,1,1,37,300,260,88,40,300,"pin1_tr.png",1,34,34,27.747,1,2.0606,1,2.815
"Sub074_ToD_Online","OA","Night",1,"pizza1_tr.png",45,45,0.154525502,0.154525502,48.7674,12,0.112552331,0.187318536,"Bckg83.jpg",31,80,86,3,1,1,86,31,153,237,175,31,"pizza1_tr.png",1,391,31,63.5611,1,2.0413,1,0.7178
"Sub074_ToD_Online","OA","Night",1,"plant1_tr.png",221,221,-0.143369931,-0.164928239,17.3626,12,-0.154525502,-0.154525502,"Bckg116.jpg",229,75,100,3,1,1,94,229,191,233,122,229,"plant1_tr.png",1,225,225,13.7973,1,2.044,1,1.415
"Sub074_ToD_Online","OA","Night",1,"qtips1_tr.png",177,177,0.011437084,-0.218232569,23.2235,12,0.071147079,-0.206626122,"Bckg129.jpg",171,92,33,1,1,1,33,171,235,155,124,171,"qtips1_tr.png",1,161,161,13.0471,1,4.1273,1,1.419
"Sub074_ToD_Online","OA","Night",1,"ricecooker1_tr.png",50,50,0.16740527,0.1404697,54.3207,12,0.071147079,0.206626122,"Bckg102.jpg",14,19,91,3,1,1,116,14,178,267,92,14,"ricecooker1_tr.png",1,379,19,46.4415,1,2.73,1,0.7118
"Sub074_ToD_Online","OA","Night",1,"rollingpin1_tr.png",-130,230,-0.16740527,-0.1404697,53.679,12,-0.115804348,-0.185325697,"Bckg69.jpg",228,89,98,3,1,1,101,228,12,120,126,228,"rollingpin1_tr.png",1,212,212,42.2926,1,2.721,1,0.7127
"Sub074_ToD_Online","OA","Night",1,"rubikscube1_tr.png",126,126,0.17679615,-0.128449922,51.7413,12,-0.16240097,-0.14622649,"Bckg122.jpg",113,105,71,2,1,1,65,113,4,222,200,113,"rubikscube1_tr.png",1,228,228,12.3884,1,5.4186,2,0.7108
"Sub074_ToD_Online","OA","Night",1,"soccerball1_tr.png",98,98,0.216405321,-0.030413784,14.4738,12,0.131515877,0.174527463,"Bckg101.jpg",43,53,65,2,1,1,57,43,86,145,39,43,"soccerball1_tr.png",1,37,37,46.0542,1,2.7187,1,1.4251
"Sub074_ToD_Online","OA","Night",1,"spoon1_tr.png",177,177,0.011437084,-0.218232569,52.3031,12,0.011437084,-0.218232569,"Bckg67.jpg",161,10,80,2,1,1,64,161,301,195,183,161,"spoon1_tr.png",1,177,177,13.8468,1,2.0436,1,1.4181
"Sub074_ToD_Online","OA","Night",1,"steeringwheel1_tr.png",212,212,-0.115804348,-0.185325697,36.1214,12,-0.159824231,-0.149038507,"Bckg62.jpg",229,90,107,3,1,1,120,229,132,225,181,229,"steeringwheel1_tr.png",1,227,227,4.1522,1,1.3645,1,1.4154
"Sub074_ToD_Online","OA","Night",1,"stoplights1_tr.png",206,206,-0.09579815,-0.196415314,5.5045,12,-0.122201577,-0.181171289,"Bckg53.jpg",219,60,120,3,1,1,83,219,214,124,240,219,"stoplights1_tr.png",1,214,214,38.9685,1,2.0407,1,0.7161
"Sub074_ToD_Online","OA","Night",1,"streamer1_tr.png",-13,347,-0.049159017,0.212931097,36.9254,12,-0.20783634,0.06753012,"Bckg4.jpg",338,35,95,3,1,1,90,338,69,290,195,338,"streamer1_tr.png",1,288,288,5.4718,1,3.4523,1,0.7126
"Sub074_ToD_Online","OA","Night",1,"sunglasses1_tr.png",389,29,0.105946445,0.191132446,37.6723,12,0.164928239,0.143369931,"Bckg11.jpg",27,29,106,3,1,1,104,27,287,111,147,27,"sunglasses1_tr.png",1,49,49,25.6898,1,2.0484,1,0.7175
"Sub074_ToD_Online","OA","Night",1,"telephonebooth1_tr.png",202,202,-0.081863551,-0.202619398,50.6197,12,-0.169831308,-0.137526681,"Bckg107.jpg",214,63,5,1,1,1,20,214,64,281,300,214,"telephonebooth1_tr.png",1,231,231,19.4142,1,2.7386,1,1.4748
"Sub074_ToD_Online","OA","Night",1,"tennisball1_tr.png",380,20,0.074742366,0.205352964,48.0067,12,0.115804348,0.185325697,"Bckg125.jpg",15,31,94,3,1,1,82,15,270,276,311,15,"tennisball1_tr.png",1,392,32,44.655,1,5.4344,1,1.4116
"Sub074_ToD_Online","OA","Night",1,"tissuebox1_tr.png",-9,351,-0.034185946,0.215841568,45.2442,12,-0.196415314,0.09579815,"Bckg98.jpg",1,12,60,2,1,1,80,1,95,272,311,1,"tissuebox1_tr.png",1,296,296,16.5848,1,3.6028,2,1.4222
"Sub074_ToD_Online","OA","Night",1,"toothpaste1_tr.png",250,250,-0.205352964,-0.074742366,15.2805,12,0.201159822,0.085387278,"Bckg38.jpg",259,1,21,1,1,1,24,259,232,85,230,259,"toothpaste1_tr.png",1,67,67,8.9755,1,2.7429,2,1.4199
"Sub074_ToD_Online","OA","Night",1,"tractor1_tr.png",-24,336,-0.088884996,0.199638971,57.8514,12,0.128449922,0.17679615,"Bckg63.jpg",316,86,14,1,1,1,11,316,132,20,87,316,"tractor1_tr.png",1,36,36,10.4254,1,2.7246,2,1.4129
"Sub074_ToD_Online","OA","Night",1,"umbrella1_tr.png",134,134,0.157198808,-0.151805125,27.6954,12,0.151805125,-0.157198808,"Bckg50.jpg",134,101,83,3,1,1,96,134,64,344,85,134,"umbrella1_tr.png",1,496,136,54.9748,1,2.7282,1,0.7176
"Sub074_ToD_Online","OA","Night",1,"vacuum1_tr.png",481,121,0.187318536,-0.112552331,56.2022,12,0.17679615,-0.128449922,"Bckg60.jpg",108,97,23,1,1,1,31,108,327,356,335,108,"vacuum1_tr.png",1,486,126,53.1031,1,2.0428,1,0.7123
"Sub074_ToD_Online","OA","Night",1,"valentinesdaycard1_tr.png",336,336,-0.088884996,0.199638971,43.0859,12,-0.026632359,0.216903155,"Bckg111.jpg",338,26,6,1,1,1,6,338,234,203,108,338,"valentinesdaycard1_tr.png",1,353,353,56.1933,1,2.7411,1,1.4169
"Sub074_ToD_Online","OA","Night",1,"vegeplatter1_tr.png",226,226,-0.157198808,-0.151805125,45.0605,12,0.149038507,0.159824231,"Bckg70.jpg",246,30,2,1,1,1,36,246,122,321,75,246,"vegeplatter1_tr.png",1,403,43,34.6383,1,6.132,2,2.8336
"Sub074_ToD_Online","OA","Night",1,"watch1_tr.png",143,143,0.131515877,-0.174527463,21.5881,12,0.105946445,-0.191132446,"Bckg117.jpg",119,43,113,3,1,1,95,119,181,237,158,119,"watch1_tr.png",1,151,151,39.8848,1,3.451,1,0.7098
"Sub074_ToD_Online","OA","Night",1,"wisk1_tr.png",-20,340,-0.074742366,0.205352964,62.4777,12,-0.179010984,0.12534484,"Bckg95.jpg",315,23,116,3,1,1,87,315,150,163,135,315,"wisk1_tr.png",1,305,305,54.5401,1,2.7316,1,0.7135
"Sub074_ToD_Online","OA","Night",1,"woodenbox1_tr.png",321,321,-0.137526681,0.169831308,47.902,12,-0.049159017,0.212931097,"Bckg9.jpg",346,69,61,2,1,1,68,346,209,115,175,346,"woodenbox1_tr.png",1,-13,347,54.7082,1,3.4489,1,0.7137
"Sub075_ToD_Online","OA","Night",1,"abacus1_tr.png",295,295,-0.229611528,0.107069614,7.429,37,-0.223693263,0.118939818,"Bckg135.jpg",299,41,85,3,1,1,115,299,113,108,23,299,"abacus1_tr.png",1,-62,298,9.8265,1,3.93,1,1.7543
"Sub075_ToD_Online","OA","Night",1,"airfreshener1_tr.png",2,2,0.008841728,0.253193957,9.0984,37,-0.013259225,0.253001085,"Bckg42.jpg",2,91,94,3,1,1,95,2,156,345,88,2,"airfreshener1_tr.png",1,357,357,7.0489,1,5.43,1,4.136
"Sub075_ToD_Online","OA","Night",1,"apple1_tr.png",487,127,0.202332941,-0.152468807,9.6845,37,0.162849142,-0.19407605,"Bckg81.jpg",114,62,30,1,1,1,21,114,347,32,264,114,"apple1_tr.png",1,140,140,7.1946,1,3.8231,1,2.1344
"Sub075_ToD_Online","OA","Night",1,"bagel1_tr.png",251,251,-0.239545514,-0.082482135,4.8596,37,-0.253193957,-0.008841728,"Bckg43.jpg",246,20,86,3,1,1,110,246,243,284,250,246,"bagel1_tr.png",1,268,268,8.2721,1,4.0476,1,1.5168
"Sub075_ToD_Online","OA","Night",1,"bathingsuit1_tr.png",283,283,-0.24685499,0.056990965,6.4963,37,-0.253309704,-0.004421537,"Bckg19.jpg",288,65,71,2,1,1,44,288,311,51,176,288,"bathingsuit1_tr.png",1,-91,269,7.8272,1,3.3583,1,2.8518
"Sub075_ToD_Online","OA","Night",1,"bed1_tr.png",258,258,-0.247812022,-0.052674071,8.0104,37,NA,NA,"Bckg77.jpg",245,120,22,1,1,1,30,245,138,143,160,245,"bed1_tr.png",1,143,143,4.3624,1,10.4318,1,2.6294
"Sub075_ToD_Online","OA","Night",1,"bell1_tr.png",337,337,-0.098991063,0.233208331,4.9208,37,NA,NA,"Bckg36.jpg",349,78,50,2,1,1,59,349,287,282,294,349,"bell1_tr.png",1,282,282,5.917,1,9.9042,2,3.2479
"Sub075_ToD_Online","OA","Night",1,"bike1_tr.png",131,131,0.191204382,-0.166211433,7.1627,37,NA,NA,"Bckg39.jpg",135,2,58,2,1,1,75,135,209,107,240,135,"bike1_tr.png",1,107,107,2.7406,1,7.155,2,5.1689
"Sub075_ToD_Online","OA","Night",1,"bottleofwine1_tr.png",121,121,0.21716187,-0.130484016,7.945,37,NA,NA,"Bckg29.jpg",126,71,16,1,1,1,24,126,55,131,270,126,"bottleofwine1_tr.png",1,131,131,2.694,1,2.772,1,1.2681
"Sub075_ToD_Online","OA","Night",1,"cabinet1_tr.png",349,349,-0.048341133,0.248693568,8.0791,37,-0.008841728,0.253193957,"Bckg13.jpg",355,110,60,2,1,1,66,355,291,250,164,355,"cabinet1_tr.png",1,358,358,11.8979,1,3.0096,1,2.8335
"Sub075_ToD_Online","OA","Night",1,"cakemixer1_tr.png",258,258,-0.247812022,-0.052674071,9.9947,37,-0.253193957,0.008841728,"Bckg12.jpg",255,117,78,2,1,1,63,255,108,314,330,255,"cakemixer1_tr.png",1,272,272,10.0845,1,4.4135,1,2.9525
"Sub075_ToD_Online","OA","Night",1,"coke1_tr.png",-35,325,-0.145314609,0.20753077,5.9115,37,NA,NA,"Bckg78.jpg",322,74,6,1,1,1,32,322,31,323,307,322,"coke1_tr.png",1,323,323,4.6544,1,2.9077,1,3.8688
"Sub075_ToD_Online","OA","Night",1,"cookie1_tr.png",198,198,-0.078288927,-0.240948542,6.7391,37,NA,NA,"Bckg1.jpg",196,109,73,2,1,1,53,196,142,307,242,196,"cookie1_tr.png",1,307,307,2.7734,1,3.8503,2,2.1837
"Sub075_ToD_Online","OA","Night",1,"crayon1_tr.png",264,264,-0.251960422,-0.026482107,8.9981,37,-0.252731146,-0.017672683,"Bckg87.jpg",267,33,48,2,1,1,68,267,220,22,283,267,"crayon1_tr.png",1,-94,266,13.5817,1,3.9145,1,8.1681
"Sub075_ToD_Online","OA","Night",1,"cucumber1_tr.png",452,92,0.253193957,-0.008841728,7.4306,37,NA,NA,"Bckg92.jpg",82,87,31,1,1,1,25,82,286,332,303,82,"cucumber1_tr.png",1,332,332,1.2977,1,3.0133,2,3.2998
"Sub075_ToD_Online","OA","Night",1,"dog1_tr.png",166,166,0.061290499,-0.245822763,7.5838,37,0.214851535,0.134254139,"Bckg23.jpg",167,111,97,3,1,1,99,167,16,26,214,167,"dog1_tr.png",1,58,58,8.929,1,3.5316,1,2.6183
"Sub075_ToD_Online","OA","Night",1,"dress1_tr.png",449,89,0.253309704,0.004421537,16.9922,37,0.253309704,-0.004421537,"Bckg96.jpg",83,51,56,2,1,1,43,83,239,71,9,83,"dress1_tr.png",1,91,91,13.0788,1,3.8628,2,2.4875
"Sub075_ToD_Online","OA","Night",1,"encyclopedia1_tr.png",291,291,-0.236521005,0.090791907,10.3818,37,NA,NA,"Bckg72.jpg",286,11,11,1,1,1,7,286,151,110,236,286,"encyclopedia1_tr.png",1,110,110,6.1004,1,3.7496,2,1.7178
"Sub075_ToD_Online","OA","Night",1,"fireextinguisher1_tr.png",286,286,-0.243534007,0.069832253,4.4152,37,-0.253193957,-0.008841728,"Bckg88.jpg",294,85,45,2,1,1,77,294,212,94,215,294,"fireextinguisher1_tr.png",1,268,268,11.2181,1,3.2982,1,2.935
"Sub075_ToD_Online","OA","Night",1,"grater1_tr.png",223,223,-0.172783118,-0.18528721,6.2456,37,-0.242278175,0.074071871,"Bckg118.jpg",227,108,105,3,1,1,106,227,183,311,225,227,"grater1_tr.png",1,287,287,14.3087,1,3.9087,1,1.6707
"Sub075_ToD_Online","OA","Night",1,"hairdryer1_tr.png",64,64,0.227707935,0.11106058,3.7735,37,0.172783118,0.18528721,"Bckg79.jpg",63,73,83,3,1,1,112,63,52,27,90,63,"hairdryer1_tr.png",1,43,43,8.5817,1,2.7166,1,1.9682
"Sub075_ToD_Online","OA","Night",1,"hammer1_tr.png",229,229,-0.191204382,-0.166211433,7.392,37,-0.229611528,-0.107069614,"Bckg138.jpg",237,118,120,3,1,1,102,237,139,321,245,237,"hammer1_tr.png",1,245,245,9.0342,1,3.3413,1,2.3503
"Sub075_ToD_Online","OA","Night",1,"highheel1_tr.png",126,126,0.204963072,-0.148914389,9.1782,37,0.247812022,-0.052674071,"Bckg57.jpg",128,77,92,3,1,1,92,128,108,34,194,128,"highheel1_tr.png",1,102,102,7.0278,1,3.785,1,1.6842
"Sub075_ToD_Online","OA","Night",1,"lei1_tr.png",428,68,0.234900444,0.09490594,16.1537,37,0.243534007,0.069832253,"Bckg119.jpg",49,5,81,3,1,1,96,49,174,32,226,49,"lei1_tr.png",1,74,74,9.539,1,2.4,1,2.5843
"Sub075_ToD_Online","OA","Night",1,"loaf1_tr.png",465,105,0.244715656,-0.065571362,7.4808,37,0.252731146,0.017672683,"Bckg90.jpg",101,25,110,3,1,1,119,101,357,138,325,101,"loaf1_tr.png",1,86,86,7.9565,1,2.9544,1,1.6181
"Sub075_ToD_Online","OA","Night",1,"partyhats1_tr.png",43,43,0.172783118,0.18528721,14.193,37,NA,NA,"Bckg110.jpg",52,18,25,1,1,1,4,52,175,231,196,52,"partyhats1_tr.png",1,231,231,2.834,1,6.054,2,3.1167
"Sub075_ToD_Online","OA","Night",1,"pickle1_tr.png",139,139,0.166211433,-0.191204382,6.2796,37,0.19407605,-0.162849142,"Bckg66.jpg",150,83,33,1,1,1,33,150,65,78,256,150,"pickle1_tr.png",1,130,130,8.93,1,4.0599,1,0.819
"Sub075_ToD_Online","OA","Night",1,"pizza1_tr.png",391,31,0.130484016,0.21716187,9.0757,37,NA,NA,"Bckg83.jpg",31,80,24,1,1,1,26,31,153,237,175,31,"pizza1_tr.png",1,237,237,4.6831,1,3.7841,1,0.7349
"Sub075_ToD_Online","OA","Night",1,"pokerchips1_tr.png",5,5,0.022080758,0.252384223,8.5141,37,-0.004421537,0.253309704,"Bckg127.jpg",11,88,10,1,1,1,22,11,51,229,63,11,"pokerchips1_tr.png",1,359,359,10.8806,1,3.581,1,2.2531
"Sub075_ToD_Online","OA","Night",1,"qtips1_tr.png",153,153,0.115017717,-0.225734979,7.7944,37,0.048341133,-0.248693568,"Bckg129.jpg",171,92,23,1,1,1,28,171,235,155,124,171,"qtips1_tr.png",1,169,169,15.3777,1,3.4915,1,2.7047
"Sub075_ToD_Online","OA","Night",1,"scrabble1_tr.png",14,14,0.061290499,0.245822763,9.1295,37,NA,NA,"Bckg91.jpg",15,39,66,2,1,1,46,15,152,156,110,15,"scrabble1_tr.png",1,156,156,2.729,1,5.5757,2,2.0212
"Sub075_ToD_Online","OA","Night",1,"seashell1_tr.png",196,196,-0.069832253,-0.243534007,4.2617,37,0.008841728,-0.253193957,"Bckg8.jpg",205,13,103,3,1,1,104,205,224,134,59,205,"seashell1_tr.png",1,178,178,6.9126,1,2.6913,1,3.1335
"Sub075_ToD_Online","OA","Night",1,"silvertray1_tr.png",291,291,-0.236521005,0.090791907,5.1373,37,NA,NA,"Bckg64.jpg",288,6,4,1,1,1,13,288,241,343,248,288,"silvertray1_tr.png",1,343,343,4.8853,1,2.8808,1,2.7171
"Sub075_ToD_Online","OA","Night",1,"sink1_tr.png",177,177,0.013259225,-0.253001085,15.3285,37,-0.004421537,-0.253309704,"Bckg32.jpg",178,112,77,2,1,1,57,178,267,137,336,178,"sink1_tr.png",1,181,181,14.1758,1,9.6721,1,2.3355
"Sub075_ToD_Online","OA","Night",1,"steeringwheel1_tr.png",236,236,-0.210035251,-0.141670566,7.7251,37,NA,NA,"Bckg62.jpg",229,90,61,2,1,1,41,229,132,225,181,229,"steeringwheel1_tr.png",1,225,225,2.5718,1,5.2455,1,2.9698
"Sub075_ToD_Online","OA","Night",1,"sunglasses1_tr.png",377,17,0.074071871,0.242278175,9.994,37,0.122825688,0.221583407,"Bckg11.jpg",27,29,67,2,1,1,50,27,287,111,147,27,"sunglasses1_tr.png",1,29,29,6.492,1,5.0741,1,1.4832
"Sub075_ToD_Online","OA","Night",1,"tennisball1_tr.png",366,6,0.026482107,0.251960422,10.5236,37,0.008841728,0.253193957,"Bckg125.jpg",15,31,9,1,1,1,39,15,270,276,311,15,"tennisball1_tr.png",1,362,2,9.1606,1,3.3078,1,5.3568
"Sub075_ToD_Online","OA","Night",1,"tissuebox1_tr.png",-3,357,-0.013259225,0.253001085,10.1122,37,-0.017672683,0.252731146,"Bckg98.jpg",1,12,42,2,1,1,67,1,95,272,311,1,"tissuebox1_tr.png",1,356,356,11.5969,1,4.573,1,2.2839
"Sub075_ToD_Online","OA","Night",1,"toad1_tr.png",394,34,0.141670566,0.210035251,6.6935,37,NA,NA,"Bckg65.jpg",25,27,40,1,1,1,17,25,278,24,220,25,"toad1_tr.png",1,24,24,7.3016,1,4.2082,1,9.58
"Sub075_ToD_Online","OA","Night",1,"toaster1_tr.png",357,357,-0.013259225,0.253001085,7.1292,37,NA,NA,"Bckg104.jpg",358,119,79,2,1,1,70,358,291,211,356,358,"toaster1_tr.png",1,211,211,2.6935,1,2.3581,2,2.8165
"Sub075_ToD_Online","OA","Night",1,"toothpaste1_tr.png",260,260,-0.24949936,-0.043993469,2.7613,37,-0.039632404,-0.250229152,"Bckg38.jpg",259,1,82,3,1,1,100,259,232,85,230,259,"toothpaste1_tr.png",1,189,189,15.1863,1,4.9534,1,2.1684
"Sub075_ToD_Online","OA","Night",1,"tractor1_tr.png",-34,326,-0.141670566,0.210035251,13.0248,37,0.118939818,0.223693263,"Bckg63.jpg",316,86,12,1,1,1,3,316,132,20,87,316,"tractor1_tr.png",1,28,28,13.6688,1,3.4006,1,3.104
"Sub075_ToD_Online","OA","Night",1,"trophy1_tr.png",82,82,0.250882722,0.035259267,5.2306,37,NA,NA,"Bckg68.jpg",75,99,107,3,1,1,89,75,66,178,228,75,"trophy1_tr.png",1,178,178,1.9939,1,9.5158,2,2.1505
"Sub075_ToD_Online","OA","Night",1,"trumpet1_tr.png",357,357,-0.013259225,0.253001085,8.3583,37,NA,NA,"Bckg130.jpg",355,58,37,1,1,1,18,355,313,133,32,355,"trumpet1_tr.png",1,133,133,18.8089,1,5.7532,2,4.3351
"Sub075_ToD_Online","OA","Night",1,"turtle1_tr.png",225,225,-0.179144294,-0.179144294,4.8269,37,NA,NA,"Bckg44.jpg",223,61,102,3,1,1,103,223,185,158,305,223,"turtle1_tr.png",1,158,158,2.4446,1,3.2257,1,1.6844
"Sub075_ToD_Online","OA","Night",1,"umbrella1_tr.png",134,134,0.182243508,-0.17599051,8.3928,37,NA,NA,"Bckg50.jpg",134,101,104,3,1,1,86,134,64,344,85,134,"umbrella1_tr.png",1,344,344,2.4974,1,3.9795,2,1.8688
"Sub075_ToD_Online","OA","Night",1,"valentinesdaycard1_tr.png",328,328,-0.134254139,0.214851535,7.5463,37,-0.004421537,0.253309704,"Bckg111.jpg",338,26,35,1,1,1,14,338,234,203,108,338,"valentinesdaycard1_tr.png",1,359,359,12.2457,1,4.0665,1,6.1352
"Sub075_ToD_Online","OA","Night",1,"wagon1_tr.png",95,95,0.252384223,-0.022080758,6.4663,37,NA,NA,"Bckg47.jpg",95,38,28,1,1,1,36,95,87,36,143,95,"wagon1_tr.png",1,36,36,4.5133,1,5.7127,1,1.7021
"Sub075_ToD_Online","OA","Night",1,"washingmachine1_tr.png",332,332,-0.118939818,0.223693263,8.0778,37,-0.191204382,0.166211433,"Bckg85.jpg",341,34,93,3,1,1,85,341,282,53,158,341,"washingmachine1_tr.png",1,-49,311,13.7478,1,3.4015,1,6.0202
"Sub075_ToD_Online","OA","Night",1,"watch1_tr.png",121,121,0.21716187,-0.130484016,9.9583,37,0.225734979,-0.115017717,"Bckg117.jpg",119,43,44,2,1,1,76,119,181,237,158,119,"watch1_tr.png",1,117,117,11.8869,1,2.4491,1,2.0236
"Sub075_ToD_Online","OA","Night",1,"waterfilter1_tr.png",476,116,0.227707935,-0.11106058,10.7634,37,NA,NA,"Bckg123.jpg",115,56,108,3,1,1,108,115,280,232,286,115,"waterfilter1_tr.png",1,232,232,1.2022,1,3.5189,1,7.099
"Sub075_ToD_Online","OA","Night",1,"wheelchair1_tr.png",180,180,NA,NA,2.5353,37,0.026482107,-0.251960422,"Bckg80.jpg",171,52,59,2,1,1,72,171,180,294,263,171,"wheelchair1_tr.png",1,174,174,8.5042,1,4.6626,1,1.3174
"Sub075_ToD_Online","OA","Night",1,"wisk1_tr.png",-48,312,-0.188274471,0.169523095,10.7458,37,NA,NA,"Bckg95.jpg",315,23,20,1,1,1,5,315,150,163,135,315,"wisk1_tr.png",1,163,163,4.0268,1,5.1951,2,5.4159
"Sub076_ToD_Online","OA","Night",1,"abacus1_tr.png",299,299,-0.129847494,0.071975641,5.6844,19,-0.137651254,0.055614717,"Bckg135.jpg",299,41,26,1,1,1,20,299,113,108,23,299,"abacus1_tr.png",1,-68,292,6.1378,1,1.0168,1,0.4699
"Sub076_ToD_Online","OA","Night",1,"airfreshener1_tr.png",2,2,0.005181237,0.148371221,4.4181,19,0.002591013,0.148439049,"Bckg42.jpg",2,91,73,2,1,1,71,2,156,345,88,2,"airfreshener1_tr.png",1,361,1,4.1853,1,1.8655,1,0.6851
"Sub076_ToD_Online","OA","Night",1,"apple1_tr.png",479,119,0.129847494,-0.071975641,3.5985,19,0.137651254,-0.055614717,"Bckg81.jpg",114,62,83,3,1,1,96,114,347,32,264,114,"apple1_tr.png",1,112,112,3.4652,1,1.6488,1,0.5025
"Sub076_ToD_Online","OA","Night",1,"bagel1_tr.png",243,243,NA,NA,0.884,19,-0.060384797,-0.135626475,"Bckg43.jpg",246,20,80,2,1,1,55,246,243,284,250,246,"bagel1_tr.png",1,204,204,3.9644,1,2.343,1,0.5373
"Sub076_ToD_Online","OA","Night",1,"banana1_tr.png",403,43,0.101250609,0.108577985,3.96,19,0.142710507,-0.040921579,"Bckg93.jpg",44,114,72,2,1,1,57,44,233,78,338,44,"banana1_tr.png",1,106,106,3.0012,1,1.7182,1,0.8273
"Sub076_ToD_Online","OA","Night",1,"bandaid1_tr.png",249,249,-0.1386009,-0.053203901,4.1009,19,-0.11537638,-0.09342995,"Bckg45.jpg",246,107,67,2,1,1,67,246,143,243,11,246,"bandaid1_tr.png",1,231,231,8.1015,1,2.0009,1,0.6501
"Sub076_ToD_Online","OA","Night",1,"basket1_tr.png",112,112,0.137651254,-0.055614717,3.4303,19,0.099340241,-0.110328514,"Bckg24.jpg",110,8,35,1,1,1,35,110,14,332,96,110,"basket1_tr.png",1,498,138,6.6487,1,2.2513,1,1.0005
"Sub076_ToD_Online","OA","Night",1,"bathingsuit1_tr.png",305,305,-0.121612672,0.08515411,2.7144,19,-0.147896719,-0.012939286,"Bckg19.jpg",288,65,25,1,1,1,4,288,311,51,176,288,"bathingsuit1_tr.png",1,-95,265,5.3429,1,2.2997,1,0.6176
"Sub076_ToD_Online","OA","Night",1,"bbqmachine1_tr.png",531,171,0.02322452,-0.146633851,4.7325,19,0.005181237,-0.148371221,"Bckg48.jpg",172,40,84,3,1,1,95,172,331,332,338,172,"bbqmachine1_tr.png",1,538,178,5.4908,1,1.8393,1,0.8172
"Sub076_ToD_Online","OA","Night",1,"bottleofwine1_tr.png",133,133,0.108577985,-0.101250609,3.7496,19,0.146633851,0.02322452,"Bckg29.jpg",126,71,58,2,1,1,75,126,55,131,270,126,"bottleofwine1_tr.png",1,81,81,4.4021,1,1.5876,1,0.9163
"Sub076_ToD_Online","OA","Night",1,"bowls1_tr.png",442,82,0.147016841,0.02066187,4.8096,19,0.147355049,0.018092925,"Bckg103.jpg",76,79,68,2,1,1,68,76,238,207,139,76,"bowls1_tr.png",1,83,83,5.9468,1,2.6192,1,0.3666
"Sub076_ToD_Online","OA","Night",1,"boxinggloves1_tr.png",281,281,-0.145734001,0.02832782,3.9842,19,-0.144656597,0.033396607,"Bckg131.jpg",276,95,106,3,1,1,115,276,159,125,149,276,"boxinggloves1_tr.png",1,-77,283,7.2382,1,2.0063,1,0.7338
"Sub076_ToD_Online","OA","Night",1,"cabinet1_tr.png",339,339,-0.053203901,0.1386009,2.4846,19,-2.7272e-17,0.14846166,"Bckg13.jpg",355,110,45,2,1,1,48,355,291,250,164,355,"cabinet1_tr.png",1,360,0,4.3121,1,2.1626,1,0.3193
"Sub076_ToD_Online","OA","Night",1,"coffeemug1_tr.png",325,325,-0.08515411,0.121612672,2.7521,19,NA,NA,"Bckg20.jpg",325,70,62,2,1,1,63,325,253,113,22,325,"coffeemug1_tr.png",1,113,113,2.1832,1,1.6475,2,1.7147
"Sub076_ToD_Online","OA","Night",1,"cow1_tr.png",-14,346,-0.035916126,0.144051714,5.1148,19,-0.080858015,0.124510425,"Bckg113.jpg",352,24,115,3,1,1,110,352,172,11,137,352,"cow1_tr.png",1,-33,327,3.1494,1,1.4858,1,1.1175
"Sub076_ToD_Online","OA","Night",1,"crayon1_tr.png",256,256,-0.144051714,-0.035916126,10.3296,19,NA,NA,"Bckg87.jpg",267,33,65,2,1,1,43,267,220,22,283,267,"crayon1_tr.png",1,22,22,1.4466,1,3.5986,2,2.0994
"Sub076_ToD_Online","OA","Night",1,"cucumber1_tr.png",438,78,0.145217417,0.030866915,4.918,19,0.14846166,3.63626e-17,"Bckg92.jpg",82,87,109,3,1,1,87,82,286,332,303,82,"cucumber1_tr.png",1,450,90,4.1693,1,2.168,1,0.4615
"Sub076_ToD_Online","OA","Night",1,"eggs1_tr.png",86,86,0.148100015,0.010356162,2.7473,19,0.148258198,0.007769883,"Bckg132.jpg",84,28,7,1,1,1,40,84,124,265,170,84,"eggs1_tr.png",1,447,87,5.2347,1,2.9663,1,0.969
"Sub076_ToD_Online","OA","Night",1,"fantacan1_tr.png",128,128,0.116989385,-0.091402125,2.6934,19,0.07423083,-0.128571569,"Bckg86.jpg",126,84,47,2,1,1,45,126,32,278,53,126,"fantacan1_tr.png",1,510,150,6.4875,1,1.8511,1,0.536
"Sub076_ToD_Online","OA","Night",1,"fireextinguisher1_tr.png",290,290,-0.139508326,0.050776878,3.6481,19,-0.139508326,0.050776878,"Bckg88.jpg",294,85,13,1,1,1,25,294,212,94,215,294,"fireextinguisher1_tr.png",1,-70,290,6.6802,1,7.142,1,1.9739
"Sub076_ToD_Online","OA","Night",1,"granola1_tr.png",190,190,-0.025780097,-0.146206194,3.7691,19,NA,NA,"Bckg49.jpg",191,103,110,3,1,1,117,191,262,206,48,191,"granola1_tr.png",1,206,206,1.3534,1,1.5598,1,0.6831
"Sub076_ToD_Online","OA","Night",1,"grater1_tr.png",225,225,-0.104978247,-0.104978247,2.8003,19,-0.108577985,-0.101250609,"Bckg118.jpg",227,108,1,1,1,1,38,227,183,311,225,227,"grater1_tr.png",1,587,227,7.1347,1,6.8299,2,3.102
"Sub076_ToD_Online","OA","Night",1,"hairdryer1_tr.png",52,52,NA,NA,0.8458,19,0.148439049,-0.002591013,"Bckg79.jpg",63,73,88,3,1,1,89,63,52,27,90,63,"hairdryer1_tr.png",1,91,91,4.6479,1,1.6814,1,0.3226
"Sub076_ToD_Online","OA","Night",1,"hat1_tr.png",227,227,-0.108577985,-0.101250609,3.5454,19,NA,NA,"Bckg133.jpg",235,68,29,1,1,1,9,235,251,330,13,235,"hat1_tr.png",1,330,330,0.8472,1,2.7848,2,4.8151
"Sub076_ToD_Online","OA","Night",1,"hotdog1_tr.png",503,143,0.089346457,-0.118566754,5.0244,19,0.080858015,-0.124510425,"Bckg126.jpg",152,42,94,3,1,1,90,152,327,275,320,152,"hotdog1_tr.png",1,147,147,4.8156,1,1.3981,1,0.4164
"Sub076_ToD_Online","OA","Night",1,"kite1_tr.png",179,179,0.002591013,-0.148439049,4.8695,19,NA,NA,"Bckg128.jpg",181,115,79,2,1,1,52,181,59,221,177,181,"kite1_tr.png",1,221,221,4.0191,1,3.0914,2,1.1815
"Sub076_ToD_Online","OA","Night",1,"lei1_tr.png",38,38,0.091402125,0.116989385,4.0473,19,0.103130135,-0.106794381,"Bckg119.jpg",49,5,66,2,1,1,69,49,174,32,226,49,"lei1_tr.png",1,136,136,5.8877,1,1.5669,1,0.4487
"Sub076_ToD_Online","OA","Night",1,"motorcycle1_tr.png",256,256,-0.144051714,-0.035916126,3.8416,19,-0.101250609,-0.108577985,"Bckg100.jpg",260,4,3,1,1,1,17,260,342,17,98,260,"motorcycle1_tr.png",1,-137,223,6.3998,1,3.6284,1,0.8326
"Sub076_ToD_Online","OA","Night",1,"nailpolish1_tr.png",302,302,-0.125902628,0.078672694,4.5521,19,-0.131083865,0.069698528,"Bckg84.jpg",301,32,112,3,1,1,99,301,148,320,226,301,"nailpolish1_tr.png",1,298,298,3.3135,1,1.5465,1,0.2359
"Sub076_ToD_Online","OA","Night",1,"partyhats1_tr.png",53,53,0.118566754,0.089346457,5.6527,19,0.121612672,-0.08515411,"Bckg110.jpg",52,18,24,1,1,1,34,52,175,231,196,52,"partyhats1_tr.png",1,125,125,5.1142,1,2.7326,1,0.3978
"Sub076_ToD_Online","OA","Night",1,"penguin1_tr.png",445,85,0.147896719,0.012939286,3.8674,19,NA,NA,"Bckg114.jpg",71,7,55,2,1,1,44,71,333,350,66,71,"penguin1_tr.png",1,350,350,0.8652,1,2.1419,2,0.9602
"Sub076_ToD_Online","OA","Night",1,"pizza1_tr.png",29,29,0.071975641,0.129847494,4.0035,19,-0.104978247,-0.104978247,"Bckg83.jpg",31,80,113,3,1,1,113,31,153,237,175,31,"pizza1_tr.png",1,225,225,4.2129,1,2.5822,1,0.238
"Sub076_ToD_Online","OA","Night",1,"popcorn1_tr.png",143,143,0.089346457,-0.118566754,4.1807,19,0.030866915,-0.145217417,"Bckg76.jpg",144,15,93,3,1,1,85,144,211,30,310,144,"popcorn1_tr.png",1,168,168,4.4027,1,2.5654,1,0.4014
"Sub076_ToD_Online","OA","Night",1,"rubikscube1_tr.png",116,116,0.133436456,-0.065081308,3.8689,19,NA,NA,"Bckg122.jpg",113,105,74,2,1,1,78,113,4,222,200,113,"rubikscube1_tr.png",1,222,222,2.2271,1,3.5477,2,0.6217
"Sub076_ToD_Online","OA","Night",1,"scarf1_tr.png",279,279,-0.146633851,0.02322452,2.6336,19,-0.147648371,-0.015518469,"Bckg51.jpg",276,59,16,1,1,1,24,276,231,56,236,276,"scarf1_tr.png",1,-96,264,6.1668,1,3.0819,1,0.8112
"Sub076_ToD_Online","OA","Night",1,"sippycup1_tr.png",110,110,0.139508326,-0.050776878,3.6221,19,0.12725648,-0.076463408,"Bckg105.jpg",107,106,19,1,1,1,28,107,24,15,204,107,"sippycup1_tr.png",1,121,121,6.4844,1,1.6678,1,1.6958
"Sub076_ToD_Online","OA","Night",1,"slide1_tr.png",42,42,0.099340241,0.110328514,3.3233,19,-0.1386009,0.053203901,"Bckg94.jpg",44,44,96,3,1,1,81,44,4,217,28,44,"slide1_tr.png",1,291,291,3.2018,1,1.7354,1,0.1476
"Sub076_ToD_Online","OA","Night",1,"spoon1_tr.png",523,163,0.043405989,-0.141974592,5.8974,19,0.018092925,-0.147355049,"Bckg67.jpg",161,10,95,3,1,1,100,161,301,195,183,161,"spoon1_tr.png",1,173,173,5.2942,1,1.7486,1,0.5328
"Sub076_ToD_Online","OA","Night",1,"starfish1_tr.png",65,65,0.134551959,0.062742609,4.1674,19,0.148439049,0.002591013,"Bckg106.jpg",77,54,17,1,1,1,15,77,197,61,78,77,"starfish1_tr.png",1,89,89,4.9684,1,1.6316,1,0.7339
"Sub076_ToD_Online","OA","Night",1,"stoplights1_tr.png",214,214,NA,NA,1.286,19,-0.091402125,-0.116989385,"Bckg53.jpg",219,60,27,1,1,1,11,219,214,124,240,219,"stoplights1_tr.png",1,218,218,5.2184,1,1.851,1,0.4856
"Sub076_ToD_Online","OA","Night",1,"suit1_tr.png",257,257,-0.144656597,-0.033396607,3.7149,19,-0.124510425,0.080858015,"Bckg52.jpg",262,36,53,2,1,1,51,262,153,255,138,262,"suit1_tr.png",1,303,303,4.1857,1,1.3872,1,0.3832
"Sub076_ToD_Online","OA","Night",1,"telephonebooth1_tr.png",222,222,-0.099340241,-0.110328514,4.3656,19,-0.071975641,-0.129847494,"Bckg107.jpg",214,63,82,3,1,1,92,214,64,281,300,214,"telephonebooth1_tr.png",1,209,209,3.5537,1,1.3702,1,0.2544
"Sub076_ToD_Online","OA","Night",1,"toad1_tr.png",392,32,0.078672694,0.125902628,3.9469,19,-0.11372823,-0.095429316,"Bckg65.jpg",25,27,63,2,1,1,79,25,278,24,220,25,"toad1_tr.png",1,230,230,5.5328,1,1.7888,1,0.3288
"Sub077_ToD_Online","OA","Night",1,"airfreshener1_tr.png",-20,340,-0.08253115,0.226752471,7.6476,188,0.206838704,0.124281232,"Bckg42.jpg",2,91,59,2,1,1,79,2,156,345,88,2,"airfreshener1_tr.png",1,419,59,5.3226,1,2.118,2,1.0615
"Sub077_ToD_Online","OA","Night",1,"asparagus1_tr.png",266,266,-0.240717133,-0.016832582,7.0219,188,-0.222122368,0.094285352,"Bckg134.jpg",263,47,112,3,1,1,112,263,290,137,190,263,"asparagus1_tr.png",1,293,293,5.5642,1,1.849,2,0.6999
"Sub077_ToD_Online","OA","Night",1,"bathingsuit1_tr.png",291,291,-0.225277569,0.086475957,4.1099,188,0.241268188,-0.004211352,"Bckg19.jpg",288,65,81,3,1,1,111,288,311,51,176,288,"bathingsuit1_tr.png",1,91,91,4.3197,1,1.8606,2,0.5009
"Sub077_ToD_Online","OA","Night",1,"bbqmachine1_tr.png",521,161,0.078561204,-0.228158303,6.8616,188,0.08253115,-0.226752471,"Bckg48.jpg",172,40,80,2,1,1,54,172,331,332,338,172,"bbqmachine1_tr.png",1,520,160,6.2702,1,1.3742,1,0.65
"Sub077_ToD_Online","OA","Night",1,"binder1_tr.png",120,120,0.208976208,-0.12065247,6.1789,188,0.155107826,0.184850308,"Bckg82.jpg",91,21,77,2,1,1,42,91,236,320,312,91,"binder1_tr.png",1,400,40,5.1822,1,2.9101,1,1.0579
"Sub077_ToD_Online","OA","Night",1,"bird1_tr.png",56,56,0.200050862,0.13493601,5.2236,188,0.145220938,0.192714694,"Bckg2.jpg",39,72,89,3,1,1,84,39,118,137,33,39,"bird1_tr.png",1,37,37,8.3523,1,1.5394,1,1.0002
"Sub077_ToD_Online","OA","Night",1,"bowls1_tr.png",66,66,0.220443032,0.098147561,8.186,188,-0.23512031,0.054281801,"Bckg103.jpg",76,79,76,2,1,1,49,76,238,207,139,76,"bowls1_tr.png",1,283,283,11.0559,1,2.3545,1,1.2437
"Sub077_ToD_Online","OA","Night",1,"boxinggloves1_tr.png",269,269,-0.241268188,-0.004211352,3.9368,188,-0.24097424,0.012628925,"Bckg131.jpg",276,95,66,2,1,1,70,276,159,125,149,276,"boxinggloves1_tr.png",1,273,273,11.1,1,0.8427,1,0.5157
"Sub077_ToD_Online","OA","Night",1,"cabinet1_tr.png",365,5,0.021031111,0.240386702,4.3083,188,-0.098147561,0.220443032,"Bckg13.jpg",355,110,9,1,1,1,25,355,291,250,164,355,"cabinet1_tr.png",1,336,336,8.1675,1,1.8303,1,1.0812
"Sub077_ToD_Online","OA","Night",1,"cakemixer1_tr.png",252,252,-0.229494636,-0.074567327,5.5642,188,0.179324518,0.161464521,"Bckg12.jpg",255,117,46,2,1,1,65,255,108,314,330,255,"cakemixer1_tr.png",1,408,48,4.3379,1,2.21,1,0.8019
"Sub077_ToD_Online","OA","Night",1,"clock1_tr.png",128,128,NA,NA,3.9382,188,0.225277569,-0.086475957,"Bckg137.jpg",133,76,17,1,1,1,12,133,128,1,280,133,"clock1_tr.png",1,471,111,15.916,1,2.7355,2,3.6701
"Sub077_ToD_Online","OA","Night",1,"coffeemug1_tr.png",301,301,-0.206838704,0.124281232,6.2741,188,0.197665435,0.138406828,"Bckg20.jpg",325,70,83,3,1,1,108,325,253,113,22,325,"coffeemug1_tr.png",1,55,55,5.297,1,2.1737,1,1.084
"Sub077_ToD_Online","OA","Night",1,"highheel1_tr.png",126,126,0.195219797,-0.141835485,2.2439,188,0.050170118,-0.236031848,"Bckg57.jpg",128,77,71,2,1,1,53,128,108,34,194,128,"highheel1_tr.png",1,168,168,7.8722,1,2.5919,1,0.823
"Sub077_ToD_Online","OA","Night",1,"iceskates1_tr.png",204,204,-0.098147561,-0.220443032,3.7182,188,-0.138406828,0.197665435,"Bckg27.jpg",186,64,105,3,1,1,82,186,280,131,293,186,"iceskates1_tr.png",1,-35,325,7.6363,1,2.0904,1,1.0027
"Sub077_ToD_Online","OA","Night",1,"jackolantern1_tr.png",43,43,0.164569573,0.176479261,4.4865,188,NA,NA,"Bckg21.jpg",51,93,88,3,1,1,120,51,161,66,118,51,"jackolantern1_tr.png",1,66,66,1.8357,1,1.4096,1,1.0224
"Sub077_ToD_Online","OA","Night",1,"kite1_tr.png",203,203,-0.094285352,-0.222122368,6.0456,188,0.004211352,-0.241268188,"Bckg128.jpg",181,115,40,1,1,1,38,181,59,221,177,181,"kite1_tr.png",1,179,179,8.992,1,1.3973,2,1.749
"Sub077_ToD_Online","OA","Night",1,"lipstick1_tr.png",108,108,0.229494636,-0.074567327,6.0961,188,0.23512031,-0.054281801,"Bckg22.jpg",106,22,119,3,1,1,92,106,284,129,228,106,"lipstick1_tr.png",1,103,103,9.2407,1,1.108,1,0.8491
"Sub077_ToD_Online","OA","Night",1,"mouthwash1_tr.png",-23,337,-0.094285352,0.222122368,5.7384,188,-0.148562155,0.190150888,"Bckg109.jpg",352,100,92,3,1,1,104,352,115,250,226,352,"mouthwash1_tr.png",1,322,322,4.4865,1,1.4452,1,0.5172
"Sub077_ToD_Online","OA","Night",1,"nailpolish1_tr.png",314,314,-0.173580247,0.167624496,6.4503,188,NA,NA,"Bckg84.jpg",301,32,8,1,1,1,35,301,148,320,226,301,"nailpolish1_tr.png",1,320,320,3.0574,1,3.6258,1,1.2146
"Sub077_ToD_Online","OA","Night",1,"pin1_tr.png",306,306,-0.195219797,0.141835485,3.252,188,-0.220443032,-0.098147561,"Bckg59.jpg",300,82,20,1,1,1,37,300,260,88,40,300,"pin1_tr.png",1,246,246,10.4659,1,1.014,2,0.0018
"Sub077_ToD_Online","OA","Night",1,"pizza1_tr.png",31,31,0.124281232,0.206838704,8.1233,188,0.18752916,0.151858119,"Bckg83.jpg",31,80,101,3,1,1,101,31,153,237,175,31,"pizza1_tr.png",1,411,51,8.7,1,1.1295,1,0.6288
"Sub077_ToD_Online","OA","Night",1,"potatochips1_tr.png",20,20,0.08253115,0.226752471,6.0924,188,0.033583157,0.238956577,"Bckg124.jpg",13,81,114,3,1,1,100,13,164,112,355,13,"potatochips1_tr.png",1,8,8,7.5743,1,2.355,1,0.7528
"Sub077_ToD_Online","OA","Night",1,"present1_tr.png",189,189,-0.037748409,-0.238334076,5.1063,188,0.025223235,-0.239983046,"Bckg121.jpg",184,46,109,3,1,1,113,184,45,118,188,184,"present1_tr.png",1,174,174,2.7616,1,3.8778,2,0.6866
"Sub077_ToD_Online","OA","Night",1,"scarf1_tr.png",287,287,-0.230761062,0.070550737,5.89,188,-0.220443032,0.098147561,"Bckg51.jpg",276,59,111,3,1,1,87,276,231,56,236,276,"scarf1_tr.png",1,-66,294,6.3767,1,1.1434,1,0.6184
"Sub077_ToD_Online","OA","Night",1,"seashell1_tr.png",206,206,-0.105781123,-0.216883443,2.7803,188,-0.226752471,-0.08253115,"Bckg8.jpg",205,13,55,2,1,1,75,205,224,134,59,205,"seashell1_tr.png",1,250,250,5.8522,1,1.3787,1,0.8878
"Sub077_ToD_Online","OA","Night",1,"sippycup1_tr.png",108,108,0.229494636,-0.074567327,3.7306,188,0.218696546,0.101979874,"Bckg105.jpg",107,106,43,2,1,1,46,107,24,15,204,107,"sippycup1_tr.png",1,65,65,3.2546,1,1.2018,1,0.8861
"Sub077_ToD_Online","OA","Night",1,"suit1_tr.png",277,277,-0.23950629,0.029407675,5.0232,188,-0.202375351,0.13142409,"Bckg52.jpg",262,36,110,3,1,1,105,262,153,255,138,262,"suit1_tr.png",1,303,303,3.0137,1,2.4012,2,0.5023
"Sub077_ToD_Online","OA","Night",1,"sunglasses1_tr.png",405,45,0.170628359,0.170628359,5.9393,188,-0.206838704,0.124281232,"Bckg11.jpg",27,29,85,3,1,1,93,27,287,111,147,27,"sunglasses1_tr.png",1,301,301,15.2062,1,3.1031,1,1.2787
"Sub077_ToD_Online","OA","Night",1,"telephonebooth1_tr.png",206,206,-0.105781123,-0.216883443,12.8534,188,-0.101979874,-0.218696546,"Bckg107.jpg",214,63,33,1,1,1,2,214,64,281,300,214,"telephonebooth1_tr.png",1,205,205,6.9505,1,1.3667,1,1.5326
"Sub077_ToD_Online","OA","Night",1,"toad1_tr.png",390,30,0.12065247,0.208976208,4.6395,188,-0.195219797,0.141835485,"Bckg65.jpg",25,27,65,2,1,1,64,25,278,24,220,25,"toad1_tr.png",1,-54,306,9.6744,1,1.6584,1,0.6306
"Sub077_ToD_Online","OA","Night",1,"towels1_tr.png",204,204,-0.098147561,-0.220443032,3.8604,188,0.228158303,0.078561204,"Bckg115.jpg",193,37,118,3,1,1,94,193,106,21,53,193,"towels1_tr.png",1,71,71,3.6552,1,1.4782,1,0.9852
"Sub077_ToD_Online","OA","Night",1,"train1_tr.png",125,125,0.197665435,-0.138406828,2.1946,188,0.240386702,0.021031111,"Bckg61.jpg",127,104,116,3,1,1,96,127,71,191,165,127,"train1_tr.png",1,445,85,10.8712,1,3.0013,2,0.8993
"Sub077_ToD_Online","OA","Night",1,"trumpet1_tr.png",361,1,0.004211352,0.241268188,5.0555,188,NA,NA,"Bckg130.jpg",355,58,6,1,1,1,23,355,313,133,32,355,"trumpet1_tr.png",1,133,133,5.4485,1,3.6254,1,1.2089
"Sub077_ToD_Online","OA","Night",1,"waterfilter1_tr.png",126,126,0.195219797,-0.141835485,6.8618,188,0.216883443,-0.105781123,"Bckg123.jpg",115,56,75,2,1,1,44,115,280,232,286,115,"waterfilter1_tr.png",1,476,116,9.0076,1,2.0311,2,1.1328
"Sub077_ToD_Online","OA","Night",1,"woodenbox1_tr.png",329,329,-0.124281232,0.206838704,4.7876,188,-0.170628359,0.170628359,"Bckg9.jpg",346,69,26,1,1,1,26,346,209,115,175,346,"woodenbox1_tr.png",1,315,315,12.2849,1,3.4518,2,5.7439
"Sub078_ToD_Online","OA","Night",1,"abacus1_tr.png",-59,301,-0.188632393,0.113341777,5.952,10,-0.201039244,0.089508438,"Bckg135.jpg",299,41,83,3,1,1,98,299,113,108,23,299,"abacus1_tr.png",1,-66,294,7.808,1,4.4,1,1.57
"Sub078_ToD_Online","OA","Night",1,"airfreshener1_tr.png",0,0,1.34751e-17,0.22006485,7.366,10,0.011517304,0.219763259,"Bckg42.jpg",2,91,12,1,1,1,16,2,156,345,88,2,"airfreshener1_tr.png",1,363,3,5.77,1,5.886,1,1.662
"Sub078_ToD_Online","OA","Night",1,"banana1_tr.png",377,17,0.064340735,0.210449063,9.195,10,NA,NA,"Bckg93.jpg",44,114,65,2,1,1,62,44,233,78,338,44,"banana1_tr.png",1,78,78,2.732,1,2.652,2,1.579
"Sub078_ToD_Online","OA","Night",1,"bandaid1_tr.png",253,253,-0.210449063,-0.064340735,4.811,10,NA,NA,"Bckg45.jpg",246,107,60,2,1,1,79,246,143,243,11,246,"bandaid1_tr.png",1,243,243,4.371,1,5.077,2,1.988
"Sub078_ToD_Online","OA","Night",1,"bed1_tr.png",256,256,-0.213527983,-0.053238506,4.657,10,NA,NA,"Bckg77.jpg",245,120,35,1,1,1,37,245,138,143,160,245,"bed1_tr.png",1,143,143,2.648,1,1.949,2,1.888
"Sub078_ToD_Online","OA","Night",1,"binder1_tr.png",96,96,0.218859312,-0.023003041,5.816,10,0.218859312,-0.023003041,"Bckg82.jpg",91,21,80,2,1,1,52,91,236,320,312,91,"binder1_tr.png",1,456,96,6.702,1,1.831,1,1.648
"Sub078_ToD_Online","OA","Night",1,"bowls1_tr.png",440,80,0.21672157,0.03821386,7.232,10,NA,NA,"Bckg103.jpg",76,79,76,2,1,1,78,76,238,207,139,76,"bowls1_tr.png",1,207,207,2.454,1,1.791,1,1.485
"Sub078_ToD_Online","OA","Night",1,"breakfast1_tr.png",300,300,-0.190581751,0.110032425,3.467,10,NA,NA,"Bckg89.jpg",300,3,39,1,1,1,10,300,348,149,173,300,"breakfast1_tr.png",1,149,149,1.206,1,1.774,2,1.237
"Sub078_ToD_Online","OA","Night",1,"cabinet1_tr.png",337,337,-0.085986187,0.202570762,4.911,10,NA,NA,"Bckg13.jpg",355,110,95,3,1,1,118,355,291,250,164,355,"cabinet1_tr.png",1,250,250,2.693,1,2.01,2,1.608
"Sub078_ToD_Online","OA","Night",1,"christmasstocking1_tr.png",160,160,0.075266612,-0.206793316,6.896,10,-0.123058702,0.182442029,"Bckg136.jpg",165,50,101,3,1,1,116,165,322,246,121,165,"christmasstocking1_tr.png",1,326,326,4.864,1,2.044,1,1.616
"Sub078_ToD_Online","OA","Night",1,"clock1_tr.png",128,128,NA,NA,1.674,10,NA,NA,"Bckg137.jpg",133,76,117,3,1,1,93,133,128,1,280,133,"clock1_tr.png",1,1,1,1.402,1,1.858,2,1.988
"Sub078_ToD_Online","OA","Night",1,"coffeemug1_tr.png",323,323,-0.132438333,0.175751604,5.165,10,NA,NA,"Bckg20.jpg",325,70,110,3,1,1,94,325,253,113,22,325,"coffeemug1_tr.png",1,113,113,1.84,1,2.162,2,2.111
"Sub078_ToD_Online","OA","Night",1,"cookie1_tr.png",214,214,-0.123058702,-0.182442029,4.241,10,-0.106689556,-0.192473055,"Bckg1.jpg",196,109,48,2,1,1,75,196,142,307,242,196,"cookie1_tr.png",1,209,209,7.488,1,2.705,1,1.695
"Sub078_ToD_Online","OA","Night",1,"cow1_tr.png",-16,344,-0.060658093,0.211539911,7.237,10,NA,NA,"Bckg113.jpg",352,24,16,1,1,1,21,352,172,11,137,352,"cow1_tr.png",1,11,11,1.023,1,2.891,2,2.137
"Sub078_ToD_Online","OA","Night",1,"crayon1_tr.png",282,282,-0.215255905,0.045754055,3.764,10,NA,NA,"Bckg87.jpg",267,33,115,3,1,1,101,267,220,22,283,267,"crayon1_tr.png",1,22,22,1.086,1,2.472,2,1.964
"Sub078_ToD_Online","OA","Night",1,"dog1_tr.png",154,154,0.096470081,-0.197792977,6.435,10,0.182442029,-0.123058702,"Bckg23.jpg",167,111,6,1,1,1,13,167,16,26,214,167,"dog1_tr.png",1,124,124,5.95,1,4.288,1,1.522
"Sub078_ToD_Online","OA","Night",1,"dress1_tr.png",445,85,0.219227437,0.019179915,6.711,10,NA,NA,"Bckg96.jpg",83,51,51,2,1,1,65,83,239,71,9,83,"dress1_tr.png",1,71,71,1.405,1,2.193,2,1.62
"Sub078_ToD_Online","OA","Night",1,"eggs1_tr.png",90,90,0.22006485,0,5.172,10,NA,NA,"Bckg132.jpg",84,28,63,2,1,1,73,84,124,265,170,84,"eggs1_tr.png",1,265,265,1.167,1,2.179,2,1.592
"Sub078_ToD_Online","OA","Night",1,"fantacan1_tr.png",120,120,0.190581751,-0.110032425,4.108,10,0.19430573,-0.103314189,"Bckg86.jpg",126,84,108,3,1,1,110,126,32,278,53,126,"fantacan1_tr.png",1,478,118,6.861,1,3.396,1,1.623
"Sub078_ToD_Online","OA","Night",1,"granola1_tr.png",194,194,-0.053238506,-0.213527983,3.888,10,NA,NA,"Bckg49.jpg",191,103,64,2,1,1,71,191,262,206,48,191,"granola1_tr.png",1,206,206,3.253,1,2.031,1,1.876
"Sub078_ToD_Online","OA","Night",1,"handsoap1_tr.png",430,70,0.206793316,0.075266612,4.045,10,NA,NA,"Bckg73.jpg",74,57,88,3,1,1,85,74,352,41,5,74,"handsoap1_tr.png",1,41,41,1.318,1,3.145,2,1.707
"Sub078_ToD_Online","OA","Night",1,"iceskates1_tr.png",194,194,-0.053238506,-0.213527983,5.768,10,-0.056956974,-0.212566322,"Bckg27.jpg",186,64,9,1,1,1,40,186,280,131,293,186,"iceskates1_tr.png",1,195,195,8.845,1,2.947,1,1.903
"Sub078_ToD_Online","OA","Night",1,"jackolantern1_tr.png",51,51,0.171022509,0.138491297,7.982,10,0.219528783,0.015350948,"Bckg21.jpg",51,93,50,2,1,1,56,51,161,66,118,51,"jackolantern1_tr.png",1,86,86,4.343,1,4.203,1,1.273
"Sub078_ToD_Online","OA","Night",1,"jellybeans1_tr.png",261,261,-0.217355487,-0.034425727,5.034,10,NA,NA,"Bckg46.jpg",235,49,22,1,1,1,23,235,347,110,157,235,"jellybeans1_tr.png",1,110,110,1.226,1,2.121,2,2.242
"Sub078_ToD_Online","OA","Night",1,"kite1_tr.png",181,181,-0.003840661,-0.220031333,7.11,10,-0.003840661,0.220031333,"Bckg128.jpg",181,115,57,2,1,1,60,181,59,221,177,181,"kite1_tr.png",1,359,359,7.673,1,4,1,1.354
"Sub078_ToD_Online","OA","Night",1,"lemon1_tr.png",383,23,0.085986187,0.202570762,5,10,NA,NA,"Bckg99.jpg",20,66,86,3,1,1,103,20,265,285,180,20,"lemon1_tr.png",1,285,285,1.591,1,3.969,2,1.328
"Sub078_ToD_Online","OA","Night",1,"loaf1_tr.png",453,93,0.219763259,-0.011517304,7.278,10,NA,NA,"Bckg90.jpg",101,25,96,3,1,1,88,101,357,138,325,101,"loaf1_tr.png",1,138,138,1.632,1,2.305,1,2.125
"Sub078_ToD_Online","OA","Night",1,"motorcycle1_tr.png",264,264,-0.218859312,-0.023003041,5.81,10,NA,NA,"Bckg100.jpg",260,4,90,3,1,1,105,260,342,17,98,260,"motorcycle1_tr.png",1,17,17,1.487,1,2.399,2,1.725
"Sub078_ToD_Online","OA","Night",1,"mouthwash1_tr.png",-21,339,-0.078864189,0.205448237,6.513,10,-0.030627108,0.217923194,"Bckg109.jpg",352,100,7,1,1,1,6,352,115,250,226,352,"mouthwash1_tr.png",1,352,352,5.8,1,2.314,1,1.424
"Sub078_ToD_Online","OA","Night",1,"nailpolish1_tr.png",304,304,-0.182442029,0.123058702,5.615,10,NA,NA,"Bckg84.jpg",301,32,73,2,1,1,67,301,148,320,226,301,"nailpolish1_tr.png",1,320,320,1.279,1,2.171,1,1.299
"Sub078_ToD_Online","OA","Night",1,"penguin1_tr.png",437,77,0.214424602,0.04950382,5.322,10,NA,NA,"Bckg114.jpg",71,7,94,3,1,1,107,71,333,350,66,71,"penguin1_tr.png",1,350,350,1.36,1,2.618,2,3.051
"Sub078_ToD_Online","OA","Night",1,"pizza1_tr.png",37,37,0.132438333,0.175751604,5.396,10,NA,NA,"Bckg83.jpg",31,80,33,1,1,1,20,31,153,237,175,31,"pizza1_tr.png",1,237,237,1.283,1,2.796,2,1.816
"Sub078_ToD_Online","OA","Night",1,"podium1_tr.png",-5,355,-0.019179915,0.219227437,4.828,10,-0.045754055,0.215255905,"Bckg75.jpg",356,113,85,3,1,1,102,356,73,322,182,356,"podium1_tr.png",1,348,348,5.226,1,2.572,1,1.504
"Sub078_ToD_Online","OA","Night",1,"pokerchips1_tr.png",15,15,0.056956974,0.212566322,4.815,10,0.034425727,0.217355487,"Bckg127.jpg",11,88,30,1,1,1,2,11,51,229,63,11,"pokerchips1_tr.png",1,369,9,7.771,1,2.713,1,1.597
"Sub078_ToD_Online","OA","Night",1,"popcorn1_tr.png",133,133,0.160945243,-0.150083867,6.043,10,NA,NA,"Bckg76.jpg",144,15,26,1,1,1,34,144,211,30,310,144,"popcorn1_tr.png",1,30,30,1.781,1,2.87,2,1.508
"Sub078_ToD_Online","OA","Night",1,"potatochips1_tr.png",8,8,0.030627108,0.217923194,5.911,10,0.053238506,0.213527983,"Bckg124.jpg",13,81,114,3,1,1,99,13,164,112,355,13,"potatochips1_tr.png",1,14,14,6.893,1,2.757,1,1.841
"Sub078_ToD_Online","OA","Night",1,"present1_tr.png",-165,195,-0.056956974,-0.212566322,8.023,10,NA,NA,"Bckg121.jpg",184,46,13,1,1,1,39,184,45,118,188,184,"present1_tr.png",1,118,118,1.811,1,2.624,1,2.587
"Sub078_ToD_Online","OA","Night",1,"rollingpin1_tr.png",-136,224,-0.15286989,-0.158301405,6.718,10,NA,NA,"Bckg69.jpg",228,89,15,1,1,1,17,228,12,120,126,228,"rollingpin1_tr.png",1,120,120,2.12,1,3.063,2,2.932
"Sub078_ToD_Online","OA","Night",1,"seashell1_tr.png",208,208,-0.103314189,-0.19430573,4.368,10,NA,NA,"Bckg8.jpg",205,13,72,2,1,1,74,205,224,134,59,205,"seashell1_tr.png",1,134,134,1.218,1,1.74,2,1.557
"Sub078_ToD_Online","OA","Night",1,"spoon1_tr.png",159,159,0.078864189,-0.205448237,5.662,10,NA,NA,"Bckg67.jpg",161,10,98,3,1,1,115,161,301,195,183,161,"spoon1_tr.png",1,195,195,1.117,1,2.523,2,1.388
"Sub078_ToD_Online","OA","Night",1,"starfish1_tr.png",69,69,0.205448237,0.078864189,5.259,10,0.219763259,0.011517304,"Bckg106.jpg",77,54,5,1,1,1,8,77,197,61,78,77,"starfish1_tr.png",1,87,87,6.382,1,3.566,1,1.569
"Sub078_ToD_Online","OA","Night",1,"steeringwheel1_tr.png",236,236,-0.182442029,-0.123058702,4.441,10,NA,NA,"Bckg62.jpg",229,90,27,1,1,1,25,229,132,225,181,229,"steeringwheel1_tr.png",1,225,225,3.275,1,2.479,1,1.381
"Sub078_ToD_Online","OA","Night",1,"suit1_tr.png",267,267,-0.219763259,-0.011517304,5.805,10,NA,NA,"Bckg52.jpg",262,36,55,2,1,1,64,262,153,255,138,262,"suit1_tr.png",1,255,255,1.401,1,2.426,2,2.104
"Sub078_ToD_Online","OA","Night",1,"telephonebooth1_tr.png",212,212,-0.116616603,-0.186625577,5.775,10,NA,NA,"Bckg107.jpg",214,63,46,2,1,1,54,214,64,281,300,214,"telephonebooth1_tr.png",1,281,281,1.372,1,2.063,2,3.631
"Sub078_ToD_Online","OA","Night",1,"tennisball1_tr.png",376,16,0.060658093,0.211539911,6.383,10,NA,NA,"Bckg125.jpg",15,31,44,2,1,1,45,15,270,276,311,15,"tennisball1_tr.png",1,276,276,1.258,1,2.687,2,1.503
"Sub078_ToD_Online","OA","Night",1,"toad1_tr.png",388,28,0.103314189,0.19430573,6.282,10,NA,NA,"Bckg65.jpg",25,27,92,3,1,1,119,25,278,24,220,25,"toad1_tr.png",1,24,24,2.568,1,1.718,2,1.594
"Sub078_ToD_Online","OA","Night",1,"toaster1_tr.png",363,3,0.011517304,0.219763259,4.845,10,NA,NA,"Bckg104.jpg",358,119,70,2,1,1,69,358,291,211,356,358,"toaster1_tr.png",1,211,211,1.131,1,2.227,2,1.359
"Sub078_ToD_Online","OA","Night",1,"tractor1_tr.png",-48,312,-0.163540055,0.147252127,7.162,10,NA,NA,"Bckg63.jpg",316,86,69,2,1,1,43,316,132,20,87,316,"tractor1_tr.png",1,20,20,1.653,1,1.621,2,1.431
"Sub078_ToD_Online","OA","Night",1,"umbrella1_tr.png",120,120,0.190581751,-0.110032425,3.974,10,NA,NA,"Bckg50.jpg",134,101,19,1,1,1,30,134,64,344,85,134,"umbrella1_tr.png",1,344,344,1.562,1,1.775,2,1.893
"Sub078_ToD_Online","OA","Night",1,"valentinesdaycard1_tr.png",338,338,-0.082437744,0.204040576,4.63,10,NA,NA,"Bckg111.jpg",338,26,100,3,1,1,92,338,234,203,108,338,"valentinesdaycard1_tr.png",1,203,203,1.201,1,2.192,2,2.49
"Sub078_ToD_Online","OA","Night",1,"vegeplatter1_tr.png",250,250,-0.206793316,-0.075266612,4.897,10,NA,NA,"Bckg70.jpg",246,30,58,2,1,1,47,246,122,321,75,246,"vegeplatter1_tr.png",1,321,321,2.087,1,1.533,2,2.017
"Sub078_ToD_Online","OA","Night",1,"wagon1_tr.png",101,101,0.216021639,-0.041990353,3.808,10,0.219528783,-0.015350948,"Bckg47.jpg",95,38,111,3,1,1,112,95,87,36,143,95,"wagon1_tr.png",1,94,94,5.23,1,3.194,1,1.489
"Sub078_ToD_Online","OA","Night",1,"washingmachine1_tr.png",334,334,-0.096470081,0.197792977,4.916,10,NA,NA,"Bckg85.jpg",341,34,24,1,1,1,14,341,282,53,158,341,"washingmachine1_tr.png",1,53,53,4.769,1,3.204,2,3.292
"Sub078_ToD_Online","OA","Night",1,"wheelchair1_tr.png",172,172,0.030627108,-0.217923194,4.858,10,0.030627108,-0.217923194,"Bckg80.jpg",171,52,59,2,1,1,50,171,180,294,263,171,"wheelchair1_tr.png",1,172,172,7.287,1,3.034,1,1.46
"Sub079_ToD_Online","OA","Night",1,"airfreshener1_tr.png",0,0,1.55667e-17,0.25422417,5.1262,239,0.004436824,0.25418545,"Bckg42.jpg",2,91,30,1,1,1,33,2,156,345,88,2,"airfreshener1_tr.png",1,361,1,5.6544,1,1.5969,1,1.0855
"Sub079_ToD_Online","OA","Night",1,"banana1_tr.png",41,41,0.166786062,0.191865417,5.7879,239,NA,NA,"Bckg93.jpg",44,114,67,2,1,1,56,44,233,78,338,44,"banana1_tr.png",1,78,78,3.204,1,1.3676,1,3.1765
"Sub079_ToD_Online","OA","Night",1,"bandaid1_tr.png",239,239,-0.217912646,-0.130935127,6.3979,239,-0.159988454,-0.197569287,"Bckg45.jpg",246,107,34,1,1,1,12,246,143,243,11,246,"bandaid1_tr.png",1,219,219,3.8864,1,0.7287,1,1.2181
"Sub079_ToD_Online","OA","Night",1,"bike1_tr.png",139,139,0.166786062,-0.191865417,3.8024,239,-0.226515394,-0.115415358,"Bckg39.jpg",135,2,89,3,1,1,104,135,209,107,240,135,"bike1_tr.png",1,243,243,7.0696,1,1.5699,2,0.9186
"Sub079_ToD_Online","OA","Night",1,"bow1_tr.png",167,167,0.057187995,-0.247708421,6.2578,239,0.138460407,-0.213210329,"Bckg54.jpg",172,67,14,1,1,1,13,172,311,5,258,172,"bow1_tr.png",1,147,147,6.8218,1,1.3904,1,1.0043
"Sub079_ToD_Online","OA","Night",1,"cakemixer1_tr.png",260,260,-0.250361934,-0.044145564,5.5815,239,-0.25422417,-3.11335e-17,"Bckg12.jpg",255,117,36,1,1,1,35,255,108,314,330,255,"cakemixer1_tr.png",1,270,270,5.8718,1,2.2737,1,0.8704
"Sub079_ToD_Online","OA","Night",1,"dress1_tr.png",85,85,0.25325677,0.022157096,6.305,239,0.245561691,0.065798057,"Bckg96.jpg",83,51,86,3,1,1,105,83,239,71,9,83,"dress1_tr.png",1,75,75,3.8532,1,2.3845,1,0.9544
"Sub079_ToD_Online","OA","Night",1,"hammer1_tr.png",245,245,-0.230405345,-0.107439777,4.7183,239,0.191865417,0.166786062,"Bckg138.jpg",237,118,72,2,1,1,65,237,139,321,245,237,"hammer1_tr.png",1,409,49,4.6393,1,1.7553,2,1.6858
"Sub079_ToD_Online","OA","Night",1,"iceskates1_tr.png",174,174,0.026573662,-0.252831503,4.007,239,-0.039769422,-0.251094249,"Bckg27.jpg",186,64,96,3,1,1,114,186,280,131,293,186,"iceskates1_tr.png",1,189,189,4.8087,1,1.7756,1,0.7876
"Sub079_ToD_Online","OA","Night",1,"jellybeans1_tr.png",233,233,-0.20303245,-0.152995925,4.306,239,-0.156516028,-0.20033138,"Bckg46.jpg",235,49,5,1,1,1,27,235,347,110,157,235,"jellybeans1_tr.png",1,218,218,3.7869,1,2.7464,2,1.3358
"Sub079_ToD_Online","OA","Night",1,"lipstick1_tr.png",114,114,0.232245336,-0.103402285,4.7476,239,-0.013305065,-0.253875765,"Bckg22.jpg",106,22,76,2,1,1,48,106,284,129,228,106,"lipstick1_tr.png",1,183,183,3.7662,1,3.189,2,1.3578
"Sub079_ToD_Online","OA","Night",1,"motorcycle1_tr.png",250,250,-0.238892577,-0.086949787,3.936,239,-0.130935127,0.217912646,"Bckg100.jpg",260,4,37,1,1,1,17,260,342,17,98,260,"motorcycle1_tr.png",1,-31,329,2.919,1,5.5826,2,0.8494
"Sub079_ToD_Online","OA","Night",1,"oven1_tr.png",477,117,0.226515394,-0.115415358,4.2796,239,NA,NA,"Bckg55.jpg",111,9,115,3,1,1,100,111,305,27,70,111,"oven1_tr.png",1,27,27,1.9524,1,1.9021,2,0.9767
"Sub079_ToD_Online","OA","Night",1,"pinecone1_tr.png",164,164,0.070073678,-0.244375957,2.7696,239,0.004436824,-0.25418545,"Bckg10.jpg",167,55,106,3,1,1,90,167,204,167,102,167,"pinecone1_tr.png",1,179,179,6.0358,1,1.0454,1,0.9851
"Sub079_ToD_Online","OA","Night",1,"pizza1_tr.png",37,37,0.152995925,0.20303245,4.1204,239,0.065798057,0.245561691,"Bckg83.jpg",31,80,94,3,1,1,91,31,153,237,175,31,"pizza1_tr.png",1,375,15,4.3872,1,1.3103,1,0.7403
"Sub079_ToD_Online","OA","Night",1,"pokerchips1_tr.png",17,17,0.074327954,0.243115783,2.1739,239,0.208248249,-0.145816993,"Bckg127.jpg",11,88,45,2,1,1,62,11,51,229,63,11,"pokerchips1_tr.png",1,125,125,5.2246,1,1.5353,2,0.8883
"Sub079_ToD_Online","OA","Night",1,"present1_tr.png",189,189,-0.039769422,-0.251094249,5.3376,239,0.111444541,-0.22849517,"Bckg121.jpg",184,46,35,1,1,1,5,184,45,118,188,184,"present1_tr.png",1,154,154,3.5516,1,2.3692,1,1.0215
"Sub079_ToD_Online","OA","Night",1,"qtips1_tr.png",169,169,0.048508258,-0.249553356,3.919,239,0.197569287,-0.159988454,"Bckg129.jpg",171,92,2,1,1,1,32,171,235,155,124,171,"qtips1_tr.png",1,129,129,5.0044,1,1.2752,2,1.0557
"Sub079_ToD_Online","OA","Night",1,"rollingpin1_tr.png",-138,222,-0.170109173,-0.188925376,5.956,239,-0.188925376,-0.170109173,"Bckg69.jpg",228,89,41,2,1,1,54,228,12,120,126,228,"rollingpin1_tr.png",1,228,228,6.0889,1,1.9413,1,0.9174
"Sub079_ToD_Online","OA","Night",1,"scarf1_tr.png",263,263,-0.252329222,-0.030982133,3.9968,239,-0.25422417,3.11335e-17,"Bckg51.jpg",276,59,15,1,1,1,25,276,231,56,236,276,"scarf1_tr.png",1,-90,270,4.6453,1,4.1955,2,3.4763
"Sub079_ToD_Online","OA","Night",1,"silvertray1_tr.png",293,293,-0.234014582,0.099333297,3.5169,239,-0.20303245,0.152995925,"Bckg64.jpg",288,6,56,2,1,1,43,288,241,343,248,288,"silvertray1_tr.png",1,307,307,3.8825,1,1.5005,2,0.8343
"Sub079_ToD_Online","OA","Night",1,"sink1_tr.png",179,179,0.004436824,-0.25418545,4.6112,239,0.004436824,-0.25418545,"Bckg32.jpg",178,112,23,1,1,1,1,178,267,137,336,178,"sink1_tr.png",1,179,179,5.5928,1,2.8028,1,1.3017
"Sub079_ToD_Online","OA","Night",1,"starfish1_tr.png",77,77,0.247708421,0.057187995,5.0036,239,0.245561691,0.065798057,"Bckg106.jpg",77,54,118,3,1,1,119,77,197,61,78,77,"starfish1_tr.png",1,75,75,7.0277,1,2.4627,1,1.1346
"Sub079_ToD_Online","OA","Night",1,"sunglasses1_tr.png",389,29,0.123250323,0.222349469,3.4862,239,0.197569287,0.159988454,"Bckg11.jpg",27,29,48,2,1,1,71,27,287,111,147,27,"sunglasses1_tr.png",1,51,51,5.1465,1,1.1045,2,1.9948
"Sub079_ToD_Online","OA","Night",1,"telephonebooth1_tr.png",228,228,-0.188925376,-0.170109173,4.4867,239,-0.240373675,0.082767294,"Bckg107.jpg",214,63,92,3,1,1,95,214,64,281,300,214,"telephonebooth1_tr.png",1,289,289,3.9619,1,1.4192,2,1.0351
"Sub079_ToD_Online","OA","Night",1,"tissuebox1_tr.png",5,5,0.022157096,0.25325677,3.9866,239,0.008872296,0.254069304,"Bckg98.jpg",1,12,64,2,1,1,46,1,95,272,311,1,"tissuebox1_tr.png",1,362,2,6.3142,1,2.0009,1,0.9677
"Sub079_ToD_Online","OA","Night",1,"toad1_tr.png",392,32,0.134718285,0.215594323,3.9162,239,0.215594323,0.134718285,"Bckg65.jpg",25,27,43,2,1,1,66,25,278,24,220,25,"toad1_tr.png",1,58,58,9.0064,1,1.5419,2,1.502
"Sub079_ToD_Online","OA","Night",1,"toaster1_tr.png",343,343,-0.074327954,0.243115783,3.1953,239,0.138460407,0.213210329,"Bckg104.jpg",358,119,32,1,1,1,22,358,291,211,356,358,"toaster1_tr.png",1,393,33,6.1657,1,1.5935,2,1.3074
"Sub079_ToD_Online","OA","Night",1,"trumpet1_tr.png",355,355,-0.022157096,0.25325677,3.8275,239,0.048508258,0.249553356,"Bckg130.jpg",355,58,18,1,1,1,8,355,313,133,32,355,"trumpet1_tr.png",1,11,11,5.8881,1,1.5351,1,0.7452
"Sub079_ToD_Online","OA","Night",1,"turtle1_tr.png",223,223,-0.173380467,-0.185927788,2.2182,239,-0.176598948,-0.182873564,"Bckg44.jpg",223,61,119,3,1,1,92,223,185,158,305,223,"turtle1_tr.png",1,224,224,3.9698,1,1.9594,1,0.9868
"Sub079_ToD_Online","OA","Night",1,"umbrella1_tr.png",142,142,0.156516028,-0.20033138,2.5958,239,NA,NA,"Bckg50.jpg",134,101,58,2,1,1,70,134,64,344,85,134,"umbrella1_tr.png",1,344,344,0.8932,1,1.3434,2,6.7769
"Sub079_ToD_Online","OA","Night",1,"vacuum1_tr.png",473,113,0.234014582,-0.099333297,5.1379,239,0.156516028,0.20033138,"Bckg60.jpg",108,97,108,3,1,1,94,108,327,356,335,108,"vacuum1_tr.png",1,398,38,2.9535,1,0.9179,2,1.2033
"Sub079_ToD_Online","OA","Night",1,"valentinesdaycard1_tr.png",324,324,-0.149429218,0.205671674,2.8388,239,-0.123250323,0.222349469,"Bckg111.jpg",338,26,55,2,1,1,73,338,234,203,108,338,"valentinesdaycard1_tr.png",1,331,331,5.379,1,3.3481,2,0.8166
"Sub079_ToD_Online","OA","Night",1,"wheelchair1_tr.png",174,174,0.026573662,-0.252831503,3.4258,239,-0.254069304,-0.008872296,"Bckg80.jpg",171,52,11,1,1,1,24,171,180,294,263,171,"wheelchair1_tr.png",1,268,268,4.152,1,2.0848,2,0.7205
"Sub079_ToD_Online","OA","Night",1,"wisk1_tr.png",308,308,-0.20033138,0.156516028,4.8747,239,0.179763635,-0.179763635,"Bckg95.jpg",315,23,71,2,1,1,77,315,150,163,135,315,"wisk1_tr.png",1,135,135,4.9869,1,1.0775,2,0.8598
"Sub079_ToD_Online","OA","Night",1,"wreath1_tr.png",227,227,-0.185927788,-0.173380467,4.1761,239,0.166786062,-0.191865417,"Bckg71.jpg",229,98,77,2,1,1,57,229,357,97,101,229,"wreath1_tr.png",1,139,139,7.9718,1,1.4246,2,0.8928
"Sub080_ToD_Online","YA","Night",1,"bandaid1_tr.png",251,251,-0.213251409,-0.073428349,14.7743,10,-0.210558889,-0.080825985,"Bckg45.jpg",246,107,60,2,1,1,79,246,143,243,11,246,"bandaid1_tr.png",1,249,249,2.6704,1,1.9134,1,2.1383
"Sub080_ToD_Online","YA","Night",1,"binder1_tr.png",450,90,0.2255391,5.52411e-17,4.4999,10,0.162239251,0.156672624,"Bckg82.jpg",91,21,80,2,1,1,52,91,236,320,312,91,"binder1_tr.png",1,406,46,3.9179,1,1.3475,1,0.3164
"Sub080_ToD_Online","YA","Night",1,"bowls1_tr.png",80,80,0.222112654,0.039164454,4.3338,10,0.164948856,-0.153817296,"Bckg103.jpg",76,79,76,2,1,1,78,76,238,207,139,76,"bowls1_tr.png",1,133,133,5.1991,1,1.9299,2,0.3856
"Sub080_ToD_Online","YA","Night",1,"cabinet1_tr.png",357,357,-0.011803804,0.225230007,10.4982,10,0.054562847,0.218839625,"Bckg13.jpg",355,110,95,3,1,1,118,355,291,250,164,355,"cabinet1_tr.png",1,374,14,4.8504,1,1.3791,1,0.7738
"Sub080_ToD_Online","YA","Night",1,"christmasstocking1_tr.png",164,164,0.062167001,-0.216802098,16.0076,10,0.119517514,-0.191268004,"Bckg136.jpg",165,50,101,3,1,1,116,165,322,246,121,165,"christmasstocking1_tr.png",1,148,148,5.4567,1,1.6303,2,0.2997
"Sub080_ToD_Online","YA","Night",1,"clock1_tr.png",134,134,0.162239251,-0.156672624,3.8847,10,NA,NA,"Bckg137.jpg",133,76,117,3,1,1,93,133,128,1,280,133,"clock1_tr.png",1,1,1,0.6429,1,2.0564,2,0.3745
"Sub080_ToD_Online","YA","Night",1,"crayon1_tr.png",266,266,-0.224989698,-0.015732812,3.8099,10,-0.222112654,0.039164454,"Bckg87.jpg",267,33,115,3,1,1,101,267,220,22,283,267,"crayon1_tr.png",1,-80,280,3.5258,1,1.4887,1,1.4102
"Sub080_ToD_Online","YA","Night",1,"eggs1_tr.png",84,84,0.224303573,0.023575256,2.13,10,0.170216519,-0.147966963,"Bckg132.jpg",84,28,63,2,1,1,73,84,124,265,170,84,"eggs1_tr.png",1,131,131,4.0759,1,1.6305,1,0.5743
"Sub080_ToD_Online","YA","Night",1,"iceskates1_tr.png",190,190,-0.039164454,-0.222112654,7.971,10,-0.102392609,-0.20095681,"Bckg27.jpg",186,64,9,1,1,1,40,186,280,131,293,186,"iceskates1_tr.png",1,207,207,3.2025,1,1.339,2,1.7471
"Sub080_ToD_Online","YA","Night",1,"jackolantern1_tr.png",413,53,0.180123534,0.135732819,6.4054,10,0.182464965,0.132568557,"Bckg21.jpg",51,93,50,2,1,1,56,51,161,66,118,51,"jackolantern1_tr.png",1,54,54,1.7468,1,1.0904,1,1.0068
"Sub080_ToD_Online","YA","Night",1,"kite1_tr.png",183,183,-0.011803804,-0.225230007,4.7753,10,0.027486302,-0.223857966,"Bckg128.jpg",181,115,57,2,1,1,60,181,59,221,177,181,"kite1_tr.png",1,173,173,4.2225,1,1.306,1,0.8153
"Sub080_ToD_Online","YA","Night",1,"lei1_tr.png",50,50,0.172772974,0.144973739,5.0351,10,0.167608215,0.150915115,"Bckg119.jpg",49,5,82,3,1,1,87,49,174,32,226,49,"lei1_tr.png",1,48,48,1.1412,1,1.7745,1,0.7819
"Sub080_ToD_Online","YA","Night",1,"lemon1_tr.png",387,27,0.102392609,0.20095681,2.6369,10,NA,NA,"Bckg99.jpg",20,66,86,3,1,1,103,20,265,285,180,20,"lemon1_tr.png",1,285,285,1.8961,1,1.2728,2,0.4698
"Sub080_ToD_Online","YA","Night",1,"loaf1_tr.png",485,125,0.184750815,-0.129363913,3.0861,10,0.144973739,-0.172772974,"Bckg90.jpg",101,25,96,3,1,1,88,101,357,138,325,101,"loaf1_tr.png",1,140,140,1.256,1,1.1716,1,0.7821
"Sub080_ToD_Online","YA","Night",1,"motorcycle1_tr.png",260,260,-0.222112654,-0.039164454,2.2873,10,-0.215684114,-0.065941251,"Bckg100.jpg",260,4,90,3,1,1,105,260,342,17,98,260,"motorcycle1_tr.png",1,-107,253,3.4842,1,1.404,1,1.1344
"Sub080_ToD_Online","YA","Night",1,"nailpolish1_tr.png",-62,298,-0.199139205,0.105884194,3.9348,10,-0.132568557,0.182464965,"Bckg84.jpg",301,32,73,2,1,1,67,301,148,320,226,301,"nailpolish1_tr.png",1,324,324,1.6661,1,1.2806,1,0.6933
"Sub080_ToD_Online","YA","Night",1,"penguin1_tr.png",431,71,0.213251409,0.073428349,2.6704,10,0.177727236,0.138855735,"Bckg114.jpg",71,7,94,3,1,1,107,71,333,350,66,71,"penguin1_tr.png",1,412,52,2.0963,1,1.5128,2,0.5601
"Sub080_ToD_Online","YA","Night",1,"pizza1_tr.png",27,27,0.102392609,0.20095681,4.2141,10,0.159480227,0.159480227,"Bckg83.jpg",31,80,33,1,1,1,20,31,153,237,175,31,"pizza1_tr.png",1,405,45,4.3361,1,1.0408,1,0.8155
"Sub080_ToD_Online","YA","Night",1,"podium1_tr.png",7,7,0.027486302,0.223857966,3.6436,10,0.098869834,0.2027132,"Bckg75.jpg",356,113,85,3,1,1,102,356,73,322,182,356,"podium1_tr.png",1,386,26,3.2997,1,2.0018,1,0.663
"Sub080_ToD_Online","YA","Night",1,"pokerchips1_tr.png",17,17,0.065941251,0.215684114,2.9782,10,0.175276801,0.141936355,"Bckg127.jpg",11,88,30,1,1,1,2,11,51,229,63,11,"pokerchips1_tr.png",1,411,51,4.3869,1,1.3223,1,0.8573
"Sub080_ToD_Online","YA","Night",1,"popcorn1_tr.png",143,143,0.135732819,-0.180123534,3.6104,10,0.156672624,-0.162239251,"Bckg76.jpg",144,15,26,1,1,1,34,144,211,30,310,144,"popcorn1_tr.png",1,136,136,3.2027,1,1.3892,1,0.832
"Sub080_ToD_Online","YA","Night",1,"potatochips1_tr.png",12,12,0.046892216,0.22061053,3.8931,10,NA,NA,"Bckg124.jpg",13,81,114,3,1,1,99,13,164,112,355,13,"potatochips1_tr.png",1,112,112,25.348,1,1.6457,2,1.111
"Sub080_ToD_Online","YA","Night",1,"radish1_tr.png",213,213,-0.122837398,-0.189153005,2.6777,10,0.138855735,-0.177727236,"Bckg112.jpg",221,14,18,1,1,1,4,221,203,64,59,221,"radish1_tr.png",1,142,142,2.1212,1,2.9365,2,0.9176
"Sub080_ToD_Online","YA","Night",1,"rollingpin1_tr.png",-136,224,-0.156672624,-0.162239251,10.1326,10,-0.138855735,-0.177727236,"Bckg69.jpg",228,89,15,1,1,1,17,228,12,120,126,228,"rollingpin1_tr.png",1,218,218,4.5785,1,1.8742,1,0.5993
"Sub080_ToD_Online","YA","Night",1,"scarf1_tr.png",289,289,-0.213251409,0.073428349,9.7246,10,-0.138855735,-0.177727236,"Bckg51.jpg",276,59,28,1,1,1,27,276,231,56,236,276,"scarf1_tr.png",1,-142,218,5.1911,1,1.4472,1,0.7905
"Sub080_ToD_Online","YA","Night",1,"spoon1_tr.png",157,157,0.088125147,-0.207609836,13.6825,10,-0.175276801,-0.141936355,"Bckg67.jpg",161,10,98,3,1,1,115,161,301,195,183,161,"spoon1_tr.png",1,231,231,1.9734,1,1.2047,1,0.5078
"Sub080_ToD_Online","YA","Night",1,"starfish1_tr.png",441,81,0.222762339,0.035282088,6.4138,10,0.147966963,-0.170216519,"Bckg106.jpg",77,54,5,1,1,1,8,77,197,61,78,77,"starfish1_tr.png",1,139,139,2.9783,1,1.8297,2,0.6493
"Sub080_ToD_Online","YA","Night",1,"steeringwheel1_tr.png",236,236,-0.186980388,-0.126119864,5.9726,10,-0.095316942,-0.204407843,"Bckg62.jpg",229,90,27,1,1,1,25,229,132,225,181,229,"steeringwheel1_tr.png",1,205,205,2.2458,1,1.9467,1,0.6977
"Sub080_ToD_Online","YA","Night",1,"suit1_tr.png",-99,261,-0.222762339,-0.035282088,6.1259,10,NA,NA,"Bckg52.jpg",262,36,55,2,1,1,64,262,153,255,138,262,"suit1_tr.png",1,255,255,0.6656,1,1.8969,2,0.589
"Sub080_ToD_Online","YA","Night",1,"sunglasses1_tr.png",397,37,0.135732819,0.180123534,3.3752,10,-0.135732819,0.180123534,"Bckg11.jpg",27,29,68,2,1,1,41,27,287,111,147,27,"sunglasses1_tr.png",1,-37,323,4.1425,1,1.3474,1,1.2981
"Sub080_ToD_Online","YA","Night",1,"tennisball1_tr.png",24,24,0.091735016,0.20604022,4.9662,10,0.126119864,0.186980388,"Bckg125.jpg",15,31,44,2,1,1,45,15,270,276,311,15,"tennisball1_tr.png",1,394,34,2.853,1,1.804,1,1.2148
"Sub080_ToD_Online","YA","Night",1,"toad1_tr.png",384,24,0.091735016,0.20604022,6.2142,10,0.11276955,0.19532259,"Bckg65.jpg",25,27,92,3,1,1,119,25,278,24,220,25,"toad1_tr.png",1,30,30,1.4787,1,1.2476,1,0.7273
"Sub080_ToD_Online","YA","Night",1,"umbrella1_tr.png",136,136,0.156672624,-0.162239251,2.7977,10,-0.19532259,-0.11276955,"Bckg50.jpg",134,101,19,1,1,1,30,134,64,344,85,134,"umbrella1_tr.png",1,240,240,4.6833,1,1.2395,2,1.2065
"Sub080_ToD_Online","YA","Night",1,"valentinesdaycard1_tr.png",340,340,-0.077138915,0.211937428,6.1308,10,0.043034889,0.221395311,"Bckg111.jpg",338,26,100,3,1,1,92,338,234,203,108,338,"valentinesdaycard1_tr.png",1,371,11,5.4775,1,19.2664,1,1.2526
"Sub080_ToD_Online","YA","Night",1,"washingmachine1_tr.png",318,318,-0.150915115,0.167608215,5.2768,10,-0.193324742,0.116161224,"Bckg85.jpg",341,34,24,1,1,1,14,341,282,53,158,341,"washingmachine1_tr.png",1,-59,301,3.2947,1,9.9961,2,1.9724
"Sub081_ToD_Online","YA","Night",1,"asparagus1_tr.png",262,262,-0.262592028,-0.036904903,2.85,32,-0.260300701,0.050597331,"Bckg134.jpg",263,47,39,1,1,1,20,263,290,137,190,263,"asparagus1_tr.png",1,281,281,5.6382,1,2.2079,1,0.5708
"Sub081_ToD_Online","YA","Night",1,"bagel1_tr.png",243,243,-0.236270579,-0.120385873,1.8727,32,-0.229646269,-0.132586335,"Bckg43.jpg",246,20,118,3,1,1,113,246,243,284,250,246,"bagel1_tr.png",1,240,240,1.8187,1,0.9045,1,0.3825
"Sub081_ToD_Online","YA","Night",1,"basket1_tr.png",120,120,0.229646269,-0.132586335,3.0491,32,0.242247288,-0.107855442,"Bckg24.jpg",110,8,103,3,1,1,120,110,14,332,96,110,"basket1_tr.png",1,474,114,3.8636,1,6.6917,1,0.9637
"Sub081_ToD_Online","YA","Night",1,"bathroomscale1_tr.png",221,221,-0.173968924,-0.200128354,1.9395,32,-0.193935014,-0.180847326,"Bckg17.jpg",226,17,60,2,1,1,60,226,235,285,318,226,"bathroomscale1_tr.png",1,587,227,6.846,1,0.8186,1,0.4846
"Sub081_ToD_Online","YA","Night",1,"bed1_tr.png",244,244,-0.238335617,-0.116244047,4.2329,32,-0.217216735,-0.152096795,"Bckg77.jpg",245,120,41,2,1,1,62,245,138,143,160,245,"bed1_tr.png",1,-125,235,10.6953,1,1.1176,2,0.6842
"Sub081_ToD_Online","YA","Night",1,"binder1_tr.png",94,94,0.264526723,-0.01849751,3.9659,32,0.257295908,-0.064151075,"Bckg82.jpg",91,21,100,3,1,1,83,91,236,320,312,91,"binder1_tr.png",1,104,104,6.1807,1,0.9841,2,0.3697
"Sub081_ToD_Online","YA","Night",1,"bottleofwine1_tr.png",123,123,0.222392514,-0.144423387,2.1725,32,0.240328056,-0.112066813,"Bckg29.jpg",126,71,94,3,1,1,102,126,55,131,270,126,"bottleofwine1_tr.png",1,475,115,9.775,1,0.8185,2,0.4171
"Sub081_ToD_Online","YA","Night",1,"breakfast1_tr.png",300,300,-0.229646269,0.132586335,3.7157,32,-0.231925243,0.128558261,"Bckg89.jpg",300,3,57,2,1,1,57,300,348,149,173,300,"breakfast1_tr.png",1,-61,299,6.5966,1,0.9514,1,0.702
"Sub081_ToD_Online","YA","Night",1,"christmasstocking1_tr.png",526,166,0.064151075,-0.257295908,5.378,32,0.170449707,-0.20313405,"Bckg136.jpg",165,50,69,2,1,1,70,165,322,246,121,165,"christmasstocking1_tr.png",1,140,140,8.8806,1,0.9012,2,0.8018
"Sub081_ToD_Online","YA","Night",1,"coke1_tr.png",-39,321,-0.166878568,0.20607787,2.3513,32,-0.200128354,0.173968924,"Bckg78.jpg",322,74,72,2,1,1,66,322,31,323,307,322,"coke1_tr.png",1,311,311,3.0003,1,0.8872,1,0.8014
"Sub081_ToD_Online","YA","Night",1,"cookie1_tr.png",196,196,-0.073091494,-0.25490033,4.2156,32,-0.144423387,-0.222392514,"Bckg1.jpg",196,109,54,2,1,1,46,196,142,307,242,196,"cookie1_tr.png",1,573,213,7.1813,1,1.1488,2,0.9015
"Sub081_ToD_Online","YA","Night",1,"crayon1_tr.png",268,268,-0.265011134,-0.009254393,5.4211,32,-0.26517267,3.24743e-17,"Bckg87.jpg",267,33,65,2,1,1,58,267,220,22,283,267,"crayon1_tr.png",1,-90,270,3.7678,1,1.1256,1,0.4174
"Sub081_ToD_Online","YA","Night",1,"cucumber1_tr.png",438,78,0.259378011,0.055132498,3.3511,32,0.224879178,-0.140520106,"Bckg92.jpg",82,87,84,3,1,1,110,82,286,332,303,82,"cucumber1_tr.png",1,482,122,4.9743,1,0.7813,1,0.2837
"Sub081_ToD_Online","YA","Night",1,"dog1_tr.png",166,166,0.064151075,-0.257295908,9.4305,32,0.01849751,-0.264526723,"Bckg23.jpg",167,111,38,1,1,1,17,167,16,26,214,167,"dog1_tr.png",1,176,176,5.7673,1,1.3335,1,0.5881
"Sub081_ToD_Online","YA","Night",1,"dress1_tr.png",85,85,0.264163608,0.023111321,3.8485,32,0.264163608,0.023111321,"Bckg96.jpg",83,51,58,2,1,1,77,83,239,71,9,83,"dress1_tr.png",1,85,85,6.2814,1,1.1737,1,0.5476
"Sub081_ToD_Online","YA","Night",1,"eggs1_tr.png",80,80,0.261144101,0.046046751,2.6157,32,0.261907954,-0.041482145,"Bckg132.jpg",84,28,26,1,1,1,8,84,124,265,170,84,"eggs1_tr.png",1,459,99,6.2482,1,1.3377,1,0.3524
"Sub081_ToD_Online","YA","Night",1,"grater1_tr.png",227,227,-0.193935014,-0.180847326,2.4553,32,-0.144423387,-0.222392514,"Bckg118.jpg",227,108,71,2,1,1,55,227,183,311,225,227,"grater1_tr.png",1,213,213,3.5995,1,1.488,2,0.6343
"Sub081_ToD_Online","YA","Night",1,"hammer1_tr.png",237,237,-0.222392514,-0.144423387,5.0324,32,-0.136574021,-0.227297342,"Bckg138.jpg",237,118,24,1,1,1,37,237,139,321,245,237,"hammer1_tr.png",1,-149,211,14.3267,1,1.3168,1,0.8513
"Sub081_ToD_Online","YA","Night",1,"handsoap1_tr.png",432,72,0.252194196,0.081942861,2.9823,32,-0.173968924,0.200128354,"Bckg73.jpg",74,57,106,3,1,1,116,74,352,41,5,74,"handsoap1_tr.png",1,-41,319,3.1823,1,1.3242,2,0.8395
"Sub081_ToD_Online","YA","Night",1,"hat1_tr.png",229,229,-0.200128354,-0.173968924,2.5412,32,-0.155864585,-0.214529196,"Bckg133.jpg",235,68,61,2,1,1,42,235,251,330,13,235,"hat1_tr.png",1,216,216,5.1183,1,1.1696,2,0.7235
"Sub081_ToD_Online","YA","Night",1,"iceskates1_tr.png",188,188,-0.036904903,-0.262592028,3.7368,32,-0.041482145,-0.261907954,"Bckg27.jpg",186,64,5,1,1,1,34,186,280,131,293,186,"iceskates1_tr.png",1,189,189,5.9993,1,2.7505,1,0.3853
"Sub081_ToD_Online","YA","Night",1,"jellybeans1_tr.png",235,235,-0.217216735,-0.152096795,4.0825,32,-0.190749255,0.184204415,"Bckg46.jpg",235,49,28,1,1,1,2,235,347,110,157,235,"jellybeans1_tr.png",1,314,314,6.9655,1,0.9173,2,0.5851
"Sub081_ToD_Online","YA","Night",1,"kite1_tr.png",185,185,-0.023111321,-0.264163608,3.3711,32,0.032316419,-0.263196113,"Bckg128.jpg",181,115,89,3,1,1,87,181,59,221,177,181,"kite1_tr.png",1,173,173,3.5298,1,1.2123,1,0.9693
"Sub081_ToD_Online","YA","Night",1,"lipstick1_tr.png",460,100,0.261144101,-0.046046751,4.4219,32,0.265132283,0.004627901,"Bckg22.jpg",106,22,115,3,1,1,103,106,284,129,228,106,"lipstick1_tr.png",1,89,89,3.6012,1,0.9856,1,0.5515
"Sub081_ToD_Online","YA","Night",1,"mouthwash1_tr.png",337,337,-0.103611217,0.24409273,8.5424,32,-0.090694395,0.249180801,"Bckg109.jpg",352,100,2,1,1,1,22,352,115,250,226,352,"mouthwash1_tr.png",1,340,340,4.1841,1,1.2539,1,0.4337
"Sub081_ToD_Online","YA","Night",1,"nailpolish1_tr.png",-66,294,-0.242247288,0.107855442,4.834,32,-0.219838107,0.148282675,"Bckg84.jpg",301,32,4,1,1,1,29,301,148,320,226,301,"nailpolish1_tr.png",1,304,304,3.4493,1,1.0534,1,0.5052
"Sub081_ToD_Online","YA","Night",1,"oven1_tr.png",475,115,0.240328056,-0.112066813,3.9568,32,0.217216735,-0.152096795,"Bckg55.jpg",111,9,114,3,1,1,107,111,305,27,70,111,"oven1_tr.png",1,125,125,2.8625,1,0.9664,1,1.3172
"Sub081_ToD_Online","YA","Night",1,"pan1_tr.png",137,137,0.180847326,-0.193935014,4.2051,32,0.219838107,-0.148282675,"Bckg58.jpg",133,116,74,2,1,1,48,133,89,30,229,133,"pan1_tr.png",1,124,124,8.6802,1,2.2601,1,0.6548
"Sub081_ToD_Online","YA","Night",1,"penguin1_tr.png",437,77,0.258376312,0.059650872,4.1937,32,0.264526723,0.01849751,"Bckg114.jpg",71,7,49,2,1,1,73,71,333,350,66,71,"penguin1_tr.png",1,446,86,2.9886,1,0.8253,1,1.1011
"Sub081_ToD_Online","YA","Night",1,"pin1_tr.png",304,304,-0.219838107,0.148282675,2.1167,32,-0.229646269,0.132586335,"Bckg59.jpg",300,82,95,3,1,1,95,300,260,88,40,300,"pin1_tr.png",1,-60,300,4.8857,1,1.0678,1,0.5196
"Sub081_ToD_Online","YA","Night",1,"pizza1_tr.png",35,35,0.152096795,0.217216735,4.1811,32,0.136574021,0.227297342,"Bckg83.jpg",31,80,36,1,1,1,12,31,153,237,175,31,"pizza1_tr.png",1,391,31,5.9151,1,1.6208,1,0.519
"Sub081_ToD_Online","YA","Night",1,"podium1_tr.png",-7,353,-0.032316419,0.263196113,3.8357,32,-0.01849751,0.264526723,"Bckg75.jpg",356,113,8,1,1,1,23,356,73,322,182,356,"podium1_tr.png",1,356,356,6.5865,1,1.1584,1,0.6342
"Sub081_ToD_Online","YA","Night",1,"pokerchips1_tr.png",13,13,0.059650872,0.258376312,1.878,32,-0.231925243,0.128558261,"Bckg127.jpg",11,88,47,2,1,1,74,11,51,229,63,11,"pokerchips1_tr.png",1,299,299,16.2443,1,1.005,2,0.4176
"Sub081_ToD_Online","YA","Night",1,"popcorn1_tr.png",139,139,0.173968924,-0.200128354,2.6848,32,0.208958916,-0.163256597,"Bckg76.jpg",144,15,82,3,1,1,101,144,211,30,310,144,"popcorn1_tr.png",1,128,128,4.6675,1,1.5391,2,0.5015
"Sub081_ToD_Online","YA","Night",1,"present1_tr.png",187,187,-0.032316419,-0.263196113,4.8211,32,-0.009254393,0.265011134,"Bckg121.jpg",184,46,37,1,1,1,26,184,45,118,188,184,"present1_tr.png",1,-362,358,25.7681,1,2.8676,2,0.9185
"Sub081_ToD_Online","YA","Night",1,"qtips1_tr.png",165,165,0.068631737,-0.25613713,3.2837,32,-0.086331777,-0.250725685,"Bckg129.jpg",171,92,1,1,1,1,4,171,235,155,124,171,"qtips1_tr.png",1,199,199,5.4647,1,1.8418,1,0.483
"Sub081_ToD_Online","YA","Night",1,"ricecooker1_tr.png",20,20,0.090694395,0.249180801,4.0385,32,-0.095029386,0.247560014,"Bckg102.jpg",14,19,56,2,1,1,78,14,178,267,92,14,"ricecooker1_tr.png",1,699,339,12.297,1,0.9345,1,1.1336
"Sub081_ToD_Online","YA","Night",1,"rollingpin1_tr.png",-134,226,-0.190749255,-0.184204415,4.4995,32,0.20313405,-0.170449707,"Bckg69.jpg",228,89,112,3,1,1,96,228,12,120,126,228,"rollingpin1_tr.png",1,130,130,6.216,1,0.9595,2,0.3898
"Sub081_ToD_Online","YA","Night",1,"rubikscube1_tr.png",112,112,0.245863818,-0.099335431,3.267,32,0.219838107,-0.148282675,"Bckg122.jpg",113,105,120,3,1,1,93,113,4,222,200,113,"rubikscube1_tr.png",1,124,124,6.2981,1,1.0978,1,0.3508
"Sub081_ToD_Online","YA","Night",1,"silvertray1_tr.png",285,285,-0.25613713,0.068631737,3.167,32,-0.222392514,0.144423387,"Bckg64.jpg",288,6,21,1,1,1,16,288,241,343,248,288,"silvertray1_tr.png",1,663,303,12.2274,1,1.2842,2,1.0344
"Sub081_ToD_Online","YA","Night",1,"skippingrope1_tr.png",61,61,0.231925243,0.128558261,2.3355,32,0.211776311,0.159584897,"Bckg7.jpg",60,45,88,3,1,1,115,60,87,213,277,60,"skippingrope1_tr.png",1,413,53,5.7158,1,0.8817,2,0.4518
"Sub081_ToD_Online","YA","Night",1,"slide1_tr.png",50,50,0.20313405,0.170449707,2.4981,32,0.20607787,0.166878568,"Bckg94.jpg",44,44,32,1,1,1,24,44,4,217,28,44,"slide1_tr.png",1,411,51,6.6537,1,2.2667,1,0.4683
"Sub081_ToD_Online","YA","Night",1,"streamer1_tr.png",-19,341,-0.086331777,0.250725685,2.7826,32,-0.073091494,0.25490033,"Bckg4.jpg",338,35,19,1,1,1,39,338,69,290,195,338,"streamer1_tr.png",1,344,344,6.2661,1,1.891,1,0.5353
"Sub081_ToD_Online","YA","Night",1,"telephonebooth1_tr.png",-142,218,-0.163256597,-0.208958916,5.2984,32,-0.20607787,-0.166878568,"Bckg107.jpg",214,63,85,3,1,1,112,214,64,281,300,214,"telephonebooth1_tr.png",1,231,231,3.7557,1,0.8846,1,0.3509
"Sub081_ToD_Online","YA","Night",1,"tennisball1_tr.png",382,22,0.099335431,0.245863818,3.0332,32,0.107855442,0.242247288,"Bckg125.jpg",15,31,119,3,1,1,97,15,270,276,311,15,"tennisball1_tr.png",1,384,24,3.9858,1,1.0685,1,0.4731
"Sub081_ToD_Online","YA","Night",1,"toad1_tr.png",394,34,0.148282675,0.219838107,3.6171,32,0.140520106,-0.224879178,"Bckg65.jpg",25,27,92,3,1,1,109,25,278,24,220,25,"toad1_tr.png",1,148,148,5.9959,1,0.7808,1,4.0134
"Sub081_ToD_Online","YA","Night",1,"towels1_tr.png",200,200,-0.090694395,-0.249180801,2.9325,32,-0.128558261,-0.231925243,"Bckg115.jpg",193,37,77,2,1,1,63,193,106,21,53,193,"towels1_tr.png",1,209,209,6.3144,1,0.9424,2,0.6393
"Sub081_ToD_Online","YA","Night",1,"tractor1_tr.png",-44,316,-0.184204415,0.190749255,4.5161,32,-0.197061698,0.177435149,"Bckg63.jpg",316,86,27,1,1,1,30,316,132,20,87,316,"tractor1_tr.png",1,312,312,8.5196,1,0.8676,2,0.6372
"Sub081_ToD_Online","YA","Night",1,"trumpet1_tr.png",357,357,-0.013878065,0.26480926,3.3346,32,-0.103611217,0.24409273,"Bckg130.jpg",355,58,109,3,1,1,89,355,313,133,32,355,"trumpet1_tr.png",1,337,337,5.0497,1,0.8191,2,0.4717
"Sub081_ToD_Online","YA","Night",1,"umbrella1_tr.png",138,138,0.177435149,-0.197061698,2.3748,32,0.214529196,-0.155864585,"Bckg50.jpg",134,101,20,1,1,1,33,134,64,344,85,134,"umbrella1_tr.png",1,126,126,14.9309,1,1.4677,2,0.6221
"Sub081_ToD_Online","YA","Night",1,"valentinesdaycard1_tr.png",346,346,-0.064151075,0.257295908,3.5177,32,-0.166878568,0.20607787,"Bckg111.jpg",338,26,91,3,1,1,117,338,234,203,108,338,"valentinesdaycard1_tr.png",1,321,321,4.4668,1,0.7516,1,0.3118
"Sub081_ToD_Online","YA","Night",1,"vegeplatter1_tr.png",242,242,-0.234133571,-0.124491028,4.7827,32,-0.247560014,-0.095029386,"Bckg70.jpg",246,30,64,2,1,1,67,246,122,321,75,246,"vegeplatter1_tr.png",1,249,249,5.0501,1,0.768,1,0.5673
"Sub081_ToD_Online","YA","Night",1,"washingmachine1_tr.png",350,350,-0.046046751,0.261144101,3.8026,32,-0.112066813,0.240328056,"Bckg85.jpg",341,34,12,1,1,1,18,341,282,53,158,341,"washingmachine1_tr.png",1,-25,335,12.9244,1,1.8312,1,1.0977
"Sub082_ToD_Online","YA","Night",1,"abacus1_tr.png",-53,307,-0.203731959,0.153523042,4.3286,157,0.254478639,-0.01779488,"Bckg135.jpg",299,41,82,3,1,1,119,299,113,108,23,299,"abacus1_tr.png",1,94,94,1.6203,1,0.7745,2,0.6014
"Sub082_ToD_Online","YA","Night",1,"asparagus1_tr.png",262,262,-0.252617434,-0.035503065,3.0311,157,-0.192526452,-0.167360691,"Bckg134.jpg",263,47,90,3,1,1,90,263,290,137,190,263,"asparagus1_tr.png",1,229,229,3.6777,1,4.7188,2,0.9834
"Sub082_ToD_Online","YA","Night",1,"bandaid1_tr.png",237,237,-0.213944904,-0.138937445,3.5304,157,-0.234820834,-0.09967553,"Bckg45.jpg",246,107,73,2,1,1,46,246,143,243,11,246,"bandaid1_tr.png",1,247,247,3.6149,1,0.8918,1,0.87
"Sub082_ToD_Online","YA","Night",1,"basket1_tr.png",108,108,0.242614565,-0.078830251,3.7528,157,-0.206380276,0.149944047,"Bckg24.jpg",110,8,95,3,1,1,86,110,14,332,96,110,"basket1_tr.png",1,306,306,1.4067,1,1.6258,2,0.6686
"Sub082_ToD_Online","YA","Night",1,"bathingsuit1_tr.png",299,299,-0.223115531,0.123674958,1.765,157,0.153523042,0.203731959,"Bckg19.jpg",288,65,111,3,1,1,92,288,311,51,176,288,"bathingsuit1_tr.png",1,37,37,1.1363,1,1.0122,2,0.8575
"Sub082_ToD_Online","YA","Night",1,"binder1_tr.png",118,118,0.225239975,-0.119762219,3.4317,157,-0.201021583,-0.157055273,"Bckg82.jpg",91,21,50,2,1,1,61,91,236,320,312,91,"binder1_tr.png",1,232,232,2.4636,1,1.3627,2,2.2484
"Sub082_ToD_Online","YA","Night",1,"bowlingpin1_tr.png",305,305,-0.208965727,0.146319378,3.5896,157,-0.192526452,0.167360691,"Bckg34.jpg",301,48,56,2,1,1,77,301,219,51,324,301,"bowlingpin1_tr.png",1,-49,311,4.5435,1,0.9793,1,0.9721
"Sub082_ToD_Online","YA","Night",1,"boxinggloves1_tr.png",295,295,-0.231199162,0.10780994,4.7307,157,0.057385025,-0.248561852,"Bckg131.jpg",276,95,89,3,1,1,98,276,159,125,149,276,"boxinggloves1_tr.png",1,167,167,2.1975,1,1.0958,2,0.6353
"Sub082_ToD_Online","YA","Night",1,"cakemixer1_tr.png",274,274,-0.254478639,0.01779488,5.5631,157,-0.239715635,-0.087249356,"Bckg12.jpg",255,117,74,2,1,1,51,255,108,314,330,255,"cakemixer1_tr.png",1,250,250,3.9628,1,1.2072,1,0.5537
"Sub082_ToD_Online","YA","Night",1,"christmasstocking1_tr.png",166,166,0.061714288,-0.247522488,4.2434,157,-0.183503619,0.177207385,"Bckg136.jpg",165,50,94,3,1,1,84,165,322,246,121,165,"christmasstocking1_tr.png",1,314,314,2.9053,1,1.1016,2,1.0579
"Sub082_ToD_Online","YA","Night",1,"coke1_tr.png",-35,325,-0.146319378,0.208965727,2.8788,157,-0.00445211,0.255061197,"Bckg78.jpg",322,74,6,1,1,1,13,322,31,323,307,322,"coke1_tr.png",1,359,359,5.465,1,1.4085,2,0.6014
"Sub082_ToD_Online","YA","Night",1,"cookie1_tr.png",212,212,-0.135182431,-0.216337112,2.7578,157,-0.03990644,-0.251959345,"Bckg1.jpg",196,109,97,3,1,1,107,196,142,307,242,196,"cookie1_tr.png",1,189,189,4.2916,1,0.876,2,0.6199
"Sub082_ToD_Online","YA","Night",1,"cucumber1_tr.png",436,76,0.247522488,0.061714288,16.0886,157,-0.229282406,-0.111828501,"Bckg92.jpg",82,87,77,2,1,1,73,82,286,332,303,82,"cucumber1_tr.png",1,244,244,16.3014,1,4.2578,2,1.266
"Sub082_ToD_Online","YA","Night",1,"eggs1_tr.png",96,96,0.253702585,-0.026665216,1.6633,157,0.255061197,0.00445211,"Bckg132.jpg",84,28,35,1,1,1,36,84,124,265,170,84,"eggs1_tr.png",1,89,89,5.845,1,1.4798,2,0.8895
"Sub082_ToD_Online","YA","Night",1,"encyclopedia1_tr.png",-73,287,-0.243953391,0.074584036,6.1957,157,0.25494465,0.008902863,"Bckg72.jpg",286,11,70,2,1,1,57,286,151,110,236,286,"encyclopedia1_tr.png",1,88,88,5.0998,1,1.9174,2,0.7171
"Sub082_ToD_Online","YA","Night",1,"granola1_tr.png",204,204,-0.103758538,-0.233045492,2.8631,157,0.239715635,-0.087249356,"Bckg49.jpg",191,103,25,1,1,1,35,191,262,206,48,191,"granola1_tr.png",1,470,110,8.2412,1,1.4529,2,0.685
"Sub082_ToD_Online","YA","Night",1,"highheel1_tr.png",128,128,0.201021583,-0.157055273,2.0834,157,0.201021583,-0.157055273,"Bckg57.jpg",128,77,29,1,1,1,40,128,108,34,194,128,"highheel1_tr.png",1,128,128,3.1325,1,1.1131,1,1.0351
"Sub082_ToD_Online","YA","Night",1,"jackolantern1_tr.png",47,47,0.186568366,0.173977816,4.4951,157,0.195417976,-0.163975151,"Bckg21.jpg",51,93,2,1,1,1,28,51,161,66,118,51,"jackolantern1_tr.png",1,130,130,6.6437,1,1.0841,1,0.7002
"Sub082_ToD_Online","YA","Night",1,"loaf1_tr.png",467,107,0.243953391,-0.074584036,4.248,157,0.25510005,0,"Bckg90.jpg",101,25,76,2,1,1,52,101,357,138,325,101,"loaf1_tr.png",1,90,90,4.4667,1,1.1854,1,0.5332
"Sub082_ToD_Online","YA","Night",1,"mouthwash1_tr.png",9,9,0.03990644,0.251959345,3.2873,157,0.127550025,0.220923124,"Bckg109.jpg",352,100,93,3,1,1,88,352,115,250,226,352,"mouthwash1_tr.png",1,390,30,4.2955,1,0.9116,1,1.3567
"Sub082_ToD_Online","YA","Night",1,"paintpalette1_tr.png",145,145,0.146319378,-0.208965727,6.476,157,-0.236524648,-0.095562161,"Bckg56.jpg",259,16,86,3,1,1,104,259,311,154,192,259,"paintpalette1_tr.png",1,248,248,5.046,1,1.5327,2,19.5712
"Sub082_ToD_Online","YA","Night",1,"pin1_tr.png",302,302,-0.216337112,0.135182431,3.2308,157,0.078830251,0.242614565,"Bckg59.jpg",300,82,18,1,1,1,6,300,260,88,40,300,"pin1_tr.png",1,18,18,2.4959,1,1.2998,2,0.8021
"Sub082_ToD_Online","YA","Night",1,"pinecone1_tr.png",160,160,0.087249356,-0.239715635,2.3819,157,0.251959345,0.03990644,"Bckg10.jpg",167,55,87,3,1,1,106,167,204,167,102,167,"pinecone1_tr.png",1,81,81,2.3141,1,1.7284,2,0.6681
"Sub082_ToD_Online","YA","Night",1,"plant1_tr.png",229,229,-0.192526452,-0.167360691,2.2832,157,-0.208965727,-0.146319378,"Bckg116.jpg",229,75,67,2,1,1,76,229,191,233,122,229,"plant1_tr.png",1,235,235,1.9788,1,0.9762,2,1.0178
"Sub082_ToD_Online","YA","Night",1,"pokerchips1_tr.png",27,27,0.115812999,0.227295809,2.6134,157,-0.255061197,0.00445211,"Bckg127.jpg",11,88,24,1,1,1,12,11,51,229,63,11,"pokerchips1_tr.png",1,271,271,3.4636,1,1.1408,2,0.8999
"Sub082_ToD_Online","YA","Night",1,"popcorn1_tr.png",139,139,0.167360691,-0.192526452,3.9789,157,0.25494465,0.008902863,"Bckg76.jpg",144,15,15,1,1,1,29,144,211,30,310,144,"popcorn1_tr.png",1,88,88,3.3443,1,1.8621,1,0.6658
"Sub082_ToD_Online","YA","Night",1,"qtips1_tr.png",157,157,0.09967553,-0.234820834,4.4165,157,0.00445211,0.255061197,"Bckg129.jpg",171,92,34,1,1,1,8,171,235,155,124,171,"qtips1_tr.png",1,1,1,5.0244,1,1.4466,1,1.1586
"Sub082_ToD_Online","YA","Night",1,"radish1_tr.png",221,221,-0.167360691,-0.192526452,1.8214,157,-0.149944047,-0.206380276,"Bckg112.jpg",221,14,79,2,1,1,60,221,203,64,59,221,"radish1_tr.png",1,-144,216,5.2264,1,0.9005,2,0.6911
"Sub082_ToD_Online","YA","Night",1,"scarf1_tr.png",269,269,-0.255061197,-0.00445211,1.9764,157,-0.225239975,-0.119762219,"Bckg51.jpg",276,59,13,1,1,1,21,276,231,56,236,276,"scarf1_tr.png",1,-118,242,4.7304,1,0.9765,1,0.867
"Sub082_ToD_Online","YA","Night",1,"scrabble1_tr.png",20,20,0.087249356,0.239715635,4.5449,157,0.087249356,0.239715635,"Bckg91.jpg",15,39,10,1,1,1,3,15,152,156,110,15,"scrabble1_tr.png",1,20,20,5.3453,1,1.2091,1,1.2721
"Sub082_ToD_Online","YA","Night",1,"skippingrope1_tr.png",61,61,0.223115531,0.123674958,2.0522,157,-0.213944904,-0.138937445,"Bckg7.jpg",60,45,54,2,1,1,70,60,87,213,277,60,"skippingrope1_tr.png",1,237,237,2.0547,1,1.5156,2,1.0436
"Sub082_ToD_Online","YA","Night",1,"soccerball1_tr.png",46,46,0.183503619,0.177207385,2.6634,157,0.173977816,0.186568366,"Bckg101.jpg",43,53,28,1,1,1,24,43,86,145,39,43,"soccerball1_tr.png",1,43,43,4.9473,1,1.3508,1,1.0673
"Sub082_ToD_Online","YA","Night",1,"spoon1_tr.png",163,163,0.074584036,-0.243953391,4.3283,157,0.03990644,-0.251959345,"Bckg67.jpg",161,10,64,2,1,1,49,161,301,195,183,161,"spoon1_tr.png",1,171,171,4.0753,1,1.5257,1,0.57
"Sub082_ToD_Online","YA","Night",1,"sunglasses1_tr.png",393,33,0.138937445,0.213944904,3.231,157,0.203731959,-0.153523042,"Bckg11.jpg",27,29,88,3,1,1,111,27,287,111,147,27,"sunglasses1_tr.png",1,127,127,1.9594,1,1.5481,2,0.6272
"Sub082_ToD_Online","YA","Night",1,"toad1_tr.png",384,24,0.103758538,0.233045492,3.0126,157,0.170695251,0.189576282,"Bckg65.jpg",25,27,118,3,1,1,116,25,278,24,220,25,"toad1_tr.png",1,42,42,1.6,1,1.5508,2,0.6353
"Sub082_ToD_Online","YA","Night",1,"toothpaste1_tr.png",262,262,-0.252617434,-0.035503065,3.6152,157,-0.173977816,-0.186568366,"Bckg38.jpg",259,1,30,1,1,1,32,259,232,85,230,259,"toothpaste1_tr.png",1,223,223,8.1968,1,2.0364,2,1.5232
"Sub082_ToD_Online","YA","Night",1,"train1_tr.png",113,113,0.234820834,-0.09967553,3.0141,157,0.223115531,-0.123674958,"Bckg61.jpg",127,104,84,3,1,1,109,127,71,191,165,127,"train1_tr.png",1,119,119,2.4152,1,2.2034,2,0.7821
"Sub082_ToD_Online","YA","Night",1,"vacuum1_tr.png",471,111,0.238156413,-0.091419682,4.4304,157,-0.01779488,0.254478639,"Bckg60.jpg",108,97,33,1,1,1,37,108,327,356,335,108,"vacuum1_tr.png",1,356,356,5.5773,1,2.0275,2,3.6219
"Sub082_ToD_Online","YA","Night",1,"vegeplatter1_tr.png",242,242,-0.225239975,-0.119762219,5.4412,157,-0.254750444,0.013350905,"Bckg70.jpg",246,30,23,1,1,1,11,246,122,321,75,246,"vegeplatter1_tr.png",1,273,273,4.8814,1,1.6541,2,0.8233
"Sub082_ToD_Online","YA","Night",1,"watch1_tr.png",123,123,0.213944904,-0.138937445,2.9261,157,0.09967553,-0.234820834,"Bckg117.jpg",119,43,101,3,1,1,113,119,181,237,158,119,"watch1_tr.png",1,157,157,3.3587,1,1.3993,1,0.6101
"Sub082_ToD_Online","YA","Night",1,"wisk1_tr.png",-40,320,-0.163975151,0.195417976,5.1539,157,0.254129317,-0.022233434,"Bckg95.jpg",315,23,66,2,1,1,54,315,150,163,135,315,"wisk1_tr.png",1,95,95,2.1927,1,1.5288,2,0.9847
"Sub082_ToD_Online","YA","Night",1,"woodenbox1_tr.png",337,337,-0.09967553,0.234820834,4.2223,157,-0.146319378,0.208965727,"Bckg9.jpg",346,69,39,1,1,1,33,346,209,115,175,346,"woodenbox1_tr.png",1,-35,325,4.2384,1,3.47,1,1.4828
"Sub083_ToD_Online","YA","Night",1,"bandaid1_tr.png",-7,353,-0.030928761,0.251894546,4.9149,124,NA,NA,"Bckg45.jpg",246,107,52,2,1,1,56,246,143,243,11,246,"bandaid1_tr.png",1,243,243,0.9812,1,1.8822,2,0.8072
"Sub083_ToD_Online","YA","Night",1,"basket1_tr.png",100,100,0.249930647,-0.044069516,2.8177,124,0.188599924,0.169816134,"Bckg24.jpg",110,8,44,2,1,1,71,110,14,332,96,110,"basket1_tr.png",1,408,48,4.776,1,1.2816,1,0.4334
"Sub083_ToD_Online","YA","Night",1,"bathingsuit1_tr.png",293,293,-0.233611456,0.09916218,2.9687,124,-0.202682695,0.152732366,"Bckg19.jpg",288,65,18,1,1,1,40,288,311,51,176,288,"bathingsuit1_tr.png",1,-53,307,4.8182,1,2.4656,1,1.2522
"Sub083_ToD_Online","YA","Night",1,"bell1_tr.png",343,343,-0.074199913,0.242696979,2.2629,124,0.017703232,0.253168019,"Bckg36.jpg",349,78,86,3,1,1,102,349,287,282,294,349,"bell1_tr.png",1,364,4,4.2682,1,1.8245,1,0.4355
"Sub083_ToD_Online","YA","Night",1,"bottleofwine1_tr.png",-39,321,-0.15971285,0.197228944,5.235,124,NA,NA,"Bckg29.jpg",126,71,46,2,1,1,47,126,55,131,270,126,"bottleofwine1_tr.png",1,131,131,1.3184,1,1.0681,2,1.7679
"Sub083_ToD_Online","YA","Night",1,"bow1_tr.png",163,163,0.074199913,-0.242696979,4.1363,124,0.253747577,-0.00442918,"Bckg54.jpg",172,67,53,2,1,1,44,172,311,5,258,172,"bow1_tr.png",1,91,91,5.0356,1,4.6934,1,0.5927
"Sub083_ToD_Online","YA","Night",1,"bowlingpin1_tr.png",299,299,-0.221966438,0.123038006,3.8684,124,0.090948851,0.236929857,"Bckg34.jpg",301,48,60,2,1,1,57,301,219,51,324,301,"bowlingpin1_tr.png",1,21,21,6.6813,1,2.3829,1,0.9842
"Sub083_ToD_Online","YA","Night",1,"christmasstocking1_tr.png",156,156,0.103224159,-0.231845258,5.385,124,0.061396446,-0.246247694,"Bckg136.jpg",165,50,73,2,1,1,52,165,322,246,121,165,"christmasstocking1_tr.png",1,166,166,7.4324,1,1.5487,1,0.4734
"Sub083_ToD_Online","YA","Night",1,"coat1_tr.png",451,91,0.253747577,-0.00442918,3.9018,124,0.15971285,0.197228944,"Bckg108.jpg",94,102,38,1,1,1,29,94,309,13,198,94,"coat1_tr.png",1,39,39,2.7872,1,1.4569,2,0.9505
"Sub083_ToD_Online","YA","Night",1,"cow1_tr.png",344,344,-0.069952965,0.243954982,5.0301,124,-0.022118927,0.252820497,"Bckg113.jpg",352,24,102,3,1,1,106,352,172,11,137,352,"cow1_tr.png",1,-5,355,3.168,1,2.7843,1,0.7725
"Sub083_ToD_Online","YA","Night",1,"crayon1_tr.png",266,266,-0.253168019,-0.017703232,5.8757,124,-0.249930647,0.044069516,"Bckg87.jpg",267,33,9,1,1,1,1,267,220,22,283,267,"crayon1_tr.png",1,-80,280,9.0341,1,1.3959,1,0.6086
"Sub083_ToD_Online","YA","Night",1,"cucumber1_tr.png",438,78,0.248240392,0.052765124,4.2016,124,0.215222929,0.134486212,"Bckg92.jpg",82,87,82,3,1,1,100,82,286,332,303,82,"cucumber1_tr.png",1,418,58,4.8985,1,1.2305,1,0.5416
"Sub083_ToD_Online","YA","Night",1,"dress1_tr.png",441,81,0.2506617,0.039700913,5.3308,124,0.226125187,-0.115216537,"Bckg96.jpg",83,51,8,1,1,1,10,83,239,71,9,83,"dress1_tr.png",1,117,117,6.2285,1,2.2941,1,0.633
"Sub083_ToD_Online","YA","Night",1,"encyclopedia1_tr.png",279,279,-0.2506617,0.039700913,5.9512,124,-0.2513164,-0.035320217,"Bckg72.jpg",286,11,47,2,1,1,61,286,151,110,236,286,"encyclopedia1_tr.png",1,262,262,9.5048,1,2.4102,1,1.4276
"Sub083_ToD_Online","YA","Night",1,"fantacan1_tr.png",114,114,0.231845258,-0.103224159,3.5364,124,-0.188599924,0.169816134,"Bckg86.jpg",126,84,75,2,1,1,79,126,32,278,53,126,"fantacan1_tr.png",1,312,312,3.268,1,1.9645,1,0.639
"Sub083_ToD_Online","YA","Night",1,"fireextinguisher1_tr.png",294,294,-0.231845258,0.103224159,3.3511,124,NA,NA,"Bckg88.jpg",294,85,77,2,1,1,68,294,212,94,215,294,"fireextinguisher1_tr.png",1,94,94,2.002,1,1.2848,2,0.6015
"Sub083_ToD_Online","YA","Night",1,"hairdryer1_tr.png",54,54,0.205317373,0.149171803,0.9846,124,NA,NA,"Bckg79.jpg",63,73,118,3,1,1,95,63,52,27,90,63,"hairdryer1_tr.png",1,27,27,1.5179,1,1.1827,2,1.4017
"Sub083_ToD_Online","YA","Night",1,"kite1_tr.png",173,173,0.030928761,-0.251894546,2.9346,124,0.039700913,-0.2506617,"Bckg128.jpg",181,115,33,1,1,1,25,181,59,221,177,181,"kite1_tr.png",1,171,171,12.0685,1,4.9101,2,2.486
"Sub083_ToD_Online","YA","Night",1,"lei1_tr.png",30,30,0.126893115,0.219785322,6.6013,124,NA,NA,"Bckg119.jpg",49,5,55,2,1,1,46,49,174,32,226,49,"lei1_tr.png",1,32,32,0.7988,1,1.4425,2,1.5015
"Sub083_ToD_Online","YA","Night",1,"lipstick1_tr.png",456,96,0.252395962,-0.026527885,6.2014,124,NA,NA,"Bckg22.jpg",106,22,17,1,1,1,38,106,284,129,228,106,"lipstick1_tr.png",1,129,129,2.0078,1,2.6515,1,0.6423
"Sub083_ToD_Online","YA","Night",1,"loaf1_tr.png",451,91,0.253747577,-0.00442918,4.4848,124,0.008857012,-0.25363163,"Bckg90.jpg",101,25,21,1,1,1,3,101,357,138,325,101,"loaf1_tr.png",1,178,178,3.5325,1,1.7481,2,0.8861
"Sub083_ToD_Online","YA","Night",1,"oven1_tr.png",459,99,0.2506617,-0.039700913,3.3536,124,0.048424696,0.249123462,"Bckg55.jpg",111,9,92,3,1,1,96,111,305,27,70,111,"oven1_tr.png",1,11,11,4.0847,1,1.4825,1,0.7017
"Sub083_ToD_Online","YA","Night",1,"paintpalette1_tr.png",243,243,-0.226125187,-0.115216537,2.9835,124,0.219785322,-0.126893115,"Bckg56.jpg",259,16,110,3,1,1,85,259,311,154,192,259,"paintpalette1_tr.png",1,120,120,3.0183,1,1.3353,1,0.7023
"Sub083_ToD_Online","YA","Night",1,"pickle1_tr.png",151,151,0.123038006,-0.221966438,3.2139,124,0.149171803,-0.205317373,"Bckg66.jpg",150,83,12,1,1,1,13,150,65,78,256,150,"pickle1_tr.png",1,144,144,8.6317,1,1.3466,1,1.1391
"Sub083_ToD_Online","YA","Night",1,"pin1_tr.png",298,298,-0.224079941,0.119145418,9.0166,124,-0.248240392,0.052765124,"Bckg59.jpg",300,82,66,2,1,1,41,300,260,88,40,300,"pin1_tr.png",1,-78,282,8.6354,1,1.093,1,0.6664
"Sub083_ToD_Online","YA","Night",1,"plant1_tr.png",221,221,-0.166498748,-0.191534899,3.1352,124,0.166498748,-0.191534899,"Bckg116.jpg",229,75,98,3,1,1,91,229,191,233,122,229,"plant1_tr.png",1,139,139,4.4817,1,1.1265,1,0.7916
"Sub083_ToD_Online","YA","Night",1,"popcorn1_tr.png",135,135,0.179453964,-0.179453964,3.3688,124,-0.026527885,-0.252395962,"Bckg76.jpg",144,15,15,1,1,1,37,144,211,30,310,144,"popcorn1_tr.png",1,186,186,8.2484,1,1.6306,1,0.6177
"Sub083_ToD_Online","YA","Night",1,"potatochips1_tr.png",386,26,0.111252561,0.228101553,5.8353,124,0.163130644,0.194411531,"Bckg124.jpg",13,81,89,3,1,1,98,13,164,112,355,13,"potatochips1_tr.png",1,40,40,4.6665,1,1.6639,1,1.3998
"Sub083_ToD_Online","YA","Night",1,"present1_tr.png",175,175,0.022118927,-0.252820497,3.5082,124,-0.035320217,-0.2513164,"Bckg121.jpg",184,46,32,1,1,1,9,184,45,118,188,184,"present1_tr.png",1,188,188,7.5782,1,2.0401,1,0.8682
"Sub083_ToD_Online","YA","Night",1,"radish1_tr.png",229,229,-0.191534899,-0.166498748,2.6177,124,0.25378623,0,"Bckg112.jpg",221,14,100,3,1,1,82,221,203,64,59,221,"radish1_tr.png",1,90,90,2.448,1,2.2307,1,0.657
"Sub083_ToD_Online","YA","Night",1,"ricecooker1_tr.png",24,24,0.103224159,0.231845258,5.9658,124,-0.00442918,-0.253747577,"Bckg102.jpg",14,19,41,2,1,1,50,14,178,267,92,14,"ricecooker1_tr.png",1,181,181,9.1639,1,2.7809,1,0.7668
"Sub083_ToD_Online","YA","Night",1,"scarf1_tr.png",265,265,-0.252820497,-0.022118927,7.9681,124,0.205317373,0.149171803,"Bckg51.jpg",276,59,42,2,1,1,67,276,231,56,236,276,"scarf1_tr.png",1,54,54,2.6024,1,1.588,2,1.0168
"Sub083_ToD_Online","YA","Night",1,"scrabble1_tr.png",384,24,0.103224159,0.231845258,5.8737,124,-0.169816134,0.188599924,"Bckg91.jpg",15,39,4,1,1,1,6,15,152,156,110,15,"scrabble1_tr.png",1,-42,318,6.8351,1,1.9653,1,0.8849
"Sub083_ToD_Online","YA","Night",1,"seashell1_tr.png",192,192,-0.052765124,-0.248240392,2.9677,124,NA,NA,"Bckg8.jpg",205,13,67,2,1,1,62,205,224,134,59,205,"seashell1_tr.png",1,134,134,1.3977,1,3.6977,1,0.235
"Sub083_ToD_Online","YA","Night",1,"silvertray1_tr.png",285,285,-0.245138674,0.06568471,3.3274,124,-0.252820497,0.022118927,"Bckg64.jpg",288,6,95,3,1,1,81,288,241,343,248,288,"silvertray1_tr.png",1,275,275,3.8344,1,3.6775,1,0.7194
"Sub083_ToD_Online","YA","Night",1,"sink1_tr.png",181,181,-0.00442918,-0.253747577,3.2848,124,NA,NA,"Bckg32.jpg",178,112,58,2,1,1,76,178,267,137,336,178,"sink1_tr.png",1,137,137,3.7781,1,2.9968,2,1.0066
"Sub083_ToD_Online","YA","Night",1,"slide1_tr.png",46,46,0.182558536,0.176294729,2.4255,124,NA,NA,"Bckg94.jpg",44,44,51,2,1,1,66,44,4,217,28,44,"slide1_tr.png",1,217,217,3.4694,1,1.4646,2,1.1074
"Sub083_ToD_Online","YA","Night",1,"starfish1_tr.png",77,77,0.247281705,0.05708948,3.8007,124,NA,NA,"Bckg106.jpg",77,54,71,2,1,1,74,77,197,61,78,77,"starfish1_tr.png",1,61,61,1.7178,1,1.6187,1,0.8181
"Sub083_ToD_Online","YA","Night",1,"steeringwheel1_tr.png",228,228,-0.188599924,-0.169816134,2.6655,124,NA,NA,"Bckg62.jpg",229,90,85,3,1,1,118,229,132,225,181,229,"steeringwheel1_tr.png",1,225,225,5.5364,1,3.0346,1,2.8176
"Sub083_ToD_Online","YA","Night",1,"stoplights1_tr.png",218,218,-0.156246405,-0.199986278,1.4314,124,0.095069995,-0.235306495,"Bckg53.jpg",219,60,107,3,1,1,112,219,214,124,240,219,"stoplights1_tr.png",1,158,158,3.1093,1,4.4154,1,0.466
"Sub083_ToD_Online","YA","Night",1,"suit1_tr.png",259,259,-0.249123462,-0.048424696,3.7846,124,0.00442918,0.253747577,"Bckg52.jpg",262,36,108,3,1,1,88,262,153,255,138,262,"suit1_tr.png",1,361,1,5.1185,1,2.3602,1,0.6192
"Sub083_ToD_Online","YA","Night",1,"sunglasses1_tr.png",387,27,0.115216537,0.226125187,3.4156,124,0.130709571,-0.217537258,"Bckg11.jpg",27,29,11,1,1,1,18,27,287,111,147,27,"sunglasses1_tr.png",1,149,149,5.1508,1,4.8977,2,2.6345
"Sub083_ToD_Online","YA","Night",1,"telephonebooth1_tr.png",206,206,-0.111252561,-0.228101553,4.1351,124,0.107254695,-0.230008436,"Bckg107.jpg",214,63,88,3,1,1,84,214,64,281,300,214,"telephonebooth1_tr.png",1,515,155,6.3804,1,1.8266,1,0.4722
"Sub083_ToD_Online","YA","Night",1,"toaster1_tr.png",361,1,0.00442918,0.253747577,2.6132,124,0.166498748,-0.191534899,"Bckg104.jpg",358,119,116,3,1,1,110,358,291,211,356,358,"toaster1_tr.png",1,139,139,3.7182,1,1.3839,1,0.6057
"Sub083_ToD_Online","YA","Night",1,"toothpaste1_tr.png",256,256,-0.246247694,-0.061396446,1.5171,124,0.145565801,0.207889509,"Bckg38.jpg",259,1,3,1,1,1,17,259,232,85,230,259,"toothpaste1_tr.png",1,35,35,4.6334,1,1.4242,2,3.0855
"Sub083_ToD_Online","YA","Night",1,"towels1_tr.png",194,194,-0.061396446,-0.246247694,3.1986,124,0.05708948,0.247281705,"Bckg115.jpg",193,37,20,1,1,1,16,193,106,21,53,193,"towels1_tr.png",1,13,13,3.7656,1,1.1445,1,1.0678
"Sub083_ToD_Online","YA","Night",1,"turtle1_tr.png",217,217,-0.152732366,-0.202682695,5.3152,124,-0.149171803,-0.205317373,"Bckg44.jpg",223,61,50,2,1,1,58,223,185,158,305,223,"turtle1_tr.png",1,216,216,5.2749,1,2.1441,1,0.6498
"Sub083_ToD_Online","YA","Night",1,"vacuum1_tr.png",467,107,0.242696979,-0.074199913,4.1819,124,0.235306495,-0.095069995,"Bckg60.jpg",108,97,14,1,1,1,20,108,327,356,335,108,"vacuum1_tr.png",1,472,112,4.7304,1,4.3094,1,0.7496
"Sub083_ToD_Online","YA","Night",1,"valentinesdaycard1_tr.png",330,330,-0.126893115,0.219785322,3.944,124,-0.138221887,0.212843042,"Bckg111.jpg",338,26,90,3,1,1,86,338,234,203,108,338,"valentinesdaycard1_tr.png",1,327,327,5.1358,1,1.1508,1,1.0016
"Sub083_ToD_Online","YA","Night",1,"washingmachine1_tr.png",336,336,-0.103224159,0.231845258,2.2348,124,-0.123038006,0.221966438,"Bckg85.jpg",341,34,10,1,1,1,35,341,282,53,158,341,"washingmachine1_tr.png",1,-29,331,5.4611,1,1.4798,1,0.7395
"Sub083_ToD_Online","YA","Night",1,"waterfilter1_tr.png",442,82,0.2513164,0.035320217,5.9354,124,0.149171803,0.205317373,"Bckg123.jpg",115,56,37,1,1,1,33,115,280,232,286,115,"waterfilter1_tr.png",1,396,36,7.3612,1,1.7499,2,1.3526
"Sub084_ToD_Online","YA","Night",1,"abacus1_tr.png",-57,303,-0.124694068,0.080977275,3.5504,39,-0.128761203,0.074340315,"Bckg135.jpg",299,41,57,2,1,1,59,299,113,108,23,299,"abacus1_tr.png",1,300,300,3.9086,1,0.6821,1,0.3216
"Sub084_ToD_Online","YA","Night",1,"airfreshener1_tr.png",-4,356,-0.010371436,0.148318451,5.1472,39,0.012958371,0.148114855,"Bckg42.jpg",2,91,119,3,1,1,91,2,156,345,88,2,"airfreshener1_tr.png",1,365,5,0.8334,1,0.866,1,0.2728
"Sub084_ToD_Online","YA","Night",1,"apple1_tr.png",479,119,0.130039009,-0.0720818,2.7503,39,0.128761203,-0.074340315,"Bckg81.jpg",114,62,65,2,1,1,79,114,347,32,264,114,"apple1_tr.png",1,120,120,2.0704,1,0.9559,1,0.1022
"Sub084_ToD_Online","YA","Night",1,"bandaid1_tr.png",259,259,-0.145948948,-0.028369602,2.7717,39,-0.115546551,0.093567752,"Bckg45.jpg",246,107,108,3,1,1,87,246,143,243,11,246,"bandaid1_tr.png",1,309,309,2.0846,1,1.0945,2,0.0897
"Sub084_ToD_Online","YA","Night",1,"bathingsuit1_tr.png",311,311,NA,NA,0.8836,39,-0.112210696,0.09754327,"Bckg19.jpg",288,65,10,1,1,1,37,288,311,51,176,288,"bathingsuit1_tr.png",1,-49,311,2.5336,1,1.3387,1,1.1671
"Sub084_ToD_Online","YA","Night",1,"bathroomscale1_tr.png",231,231,-0.115546551,-0.093567752,1.0806,39,0.007781343,0.148476868,"Bckg17.jpg",226,17,45,2,1,1,55,226,235,285,318,226,"bathroomscale1_tr.png",1,363,3,2.1506,1,0.9003,2,0.1732
"Sub084_ToD_Online","YA","Night",1,"bike1_tr.png",127,127,0.118741631,-0.089478237,2.953,39,0.136861242,-0.05809415,"Bckg39.jpg",135,2,35,1,1,1,39,135,209,107,240,135,"bike1_tr.png",1,113,113,1.8835,1,0.8751,1,0.8434
"Sub084_ToD_Online","YA","Night",1,"binder1_tr.png",96,96,0.147866142,-0.015541358,4.0666,39,0.14723368,0.020692344,"Bckg82.jpg",91,21,105,3,1,1,111,91,236,320,312,91,"binder1_tr.png",1,442,82,2.6497,1,0.7096,1,0.0384
"Sub084_ToD_Online","YA","Night",1,"bottleofwine1_tr.png",135,135,0.105133082,-0.105133082,2.2157,39,0.053282373,0.138805326,"Bckg29.jpg",126,71,63,2,1,1,47,126,55,131,270,126,"bottleofwine1_tr.png",1,21,21,2.4661,1,1.2401,2,0.6515
"Sub084_ToD_Online","YA","Night",1,"bowlingpin1_tr.png",313,313,-0.108738129,0.101399946,2.4005,39,0.105133082,-0.105133082,"Bckg34.jpg",301,48,64,2,1,1,76,301,219,51,324,301,"bowlingpin1_tr.png",1,-225,135,5.0893,1,1.1825,2,0.9804
"Sub084_ToD_Online","YA","Night",1,"bowls1_tr.png",68,68,0.13785428,0.055696744,3.1886,39,0.132475411,0.067499594,"Bckg103.jpg",76,79,66,2,1,1,51,76,238,207,139,76,"bowls1_tr.png",1,63,63,3.2003,1,1.2502,1,0.2337
"Sub084_ToD_Online","YA","Night",1,"breakfast1_tr.png",308,308,-0.117161935,0.091536936,1.0856,39,-0.124694068,0.080977275,"Bckg89.jpg",300,3,98,3,1,1,113,300,348,149,173,300,"breakfast1_tr.png",1,303,303,3.2828,1,0.8357,1,0.9356
"Sub084_ToD_Online","YA","Night",1,"cakemixer1_tr.png",264,264,-0.147866142,-0.015541358,3.5338,39,-0.145431602,0.030912441,"Bckg12.jpg",255,117,68,2,1,1,74,255,108,314,330,255,"cakemixer1_tr.png",1,282,282,1.1004,1,0.8201,1,0.5336
"Sub084_ToD_Online","YA","Night",1,"cucumber1_tr.png",444,84,0.147866142,0.015541358,3.5496,39,0.074340315,0.128761203,"Bckg92.jpg",82,87,34,1,1,1,1,82,286,332,303,82,"cucumber1_tr.png",1,390,30,1.9613,1,1.4757,2,0.7486
"Sub084_ToD_Online","YA","Night",1,"dress1_tr.png",79,79,0.145948948,0.028369602,3.4274,39,NA,NA,"Bckg96.jpg",83,51,103,3,1,1,81,83,239,71,9,83,"dress1_tr.png",1,71,71,0.678,1,0.8811,1,0.5884
"Sub084_ToD_Online","YA","Night",1,"eggs1_tr.png",94,94,0.148318451,-0.010371436,1.9849,39,0.148114855,0.012958371,"Bckg132.jpg",84,28,36,1,1,1,27,84,124,265,170,84,"eggs1_tr.png",1,85,85,4.2504,1,1.7707,1,0.7041
"Sub084_ToD_Online","YA","Night",1,"fireextinguisher1_tr.png",304,304,-0.123261829,0.083141153,2.1494,39,0.045944841,0.141403682,"Bckg88.jpg",294,85,104,3,1,1,109,294,212,94,215,294,"fireextinguisher1_tr.png",1,18,18,1.7856,1,1.035,2,0.0744
"Sub084_ToD_Online","YA","Night",1,"grater1_tr.png",231,231,-0.115546551,-0.093567752,1.7336,39,-0.112210696,-0.09754327,"Bckg118.jpg",227,108,19,1,1,1,4,227,183,311,225,227,"grater1_tr.png",1,229,229,2.8517,1,1.194,2,0.2983
"Sub084_ToD_Online","YA","Night",1,"hairdryer1_tr.png",52,52,NA,NA,0.9559,39,0.112210696,0.09754327,"Bckg79.jpg",63,73,39,1,1,1,26,63,52,27,90,63,"hairdryer1_tr.png",1,49,49,1.4985,1,1.8683,1,4.2391
"Sub084_ToD_Online","YA","Night",1,"hammer1_tr.png",241,241,-0.130039009,-0.0720818,2.5267,39,-0.0720818,-0.130039009,"Bckg138.jpg",237,118,54,2,1,1,42,237,139,321,245,237,"hammer1_tr.png",1,209,209,2.7235,1,2.2004,1,0.4166
"Sub084_ToD_Online","YA","Night",1,"handbag1_tr.png",433,73,0.142183994,0.043470009,3.8338,39,-0.09948676,0.110491241,"Bckg97.jpg",66,94,59,2,1,1,61,66,275,244,269,66,"handbag1_tr.png",1,318,318,2.1002,1,1.1168,1,0.7178
"Sub084_ToD_Online","YA","Night",1,"hotdog1_tr.png",513,153,0.067499594,-0.132475411,3.5837,39,0.043470009,-0.142183994,"Bckg126.jpg",152,42,49,2,1,1,71,152,327,275,320,152,"hotdog1_tr.png",1,163,163,2.4668,1,0.703,1,0.3004
"Sub084_ToD_Online","YA","Night",1,"lemon1_tr.png",373,13,0.033445864,0.144869955,2.6338,39,-0.089478237,0.118741631,"Bckg99.jpg",20,66,20,1,1,1,11,20,265,285,180,20,"lemon1_tr.png",1,323,323,1.3839,1,1.5123,2,0.8354
"Sub084_ToD_Online","YA","Night",1,"mouthwash1_tr.png",-27,333,-0.067499594,0.132475411,3.3504,39,NA,NA,"Bckg109.jpg",352,100,67,2,1,1,72,352,115,250,226,352,"mouthwash1_tr.png",1,250,250,1.623,1,1.8896,2,0.7109
"Sub084_ToD_Online","YA","Night",1,"nailpolish1_tr.png",310,310,-0.11389597,0.095570067,3.6195,39,0.14868063,3.64163e-17,"Bckg84.jpg",301,32,100,3,1,1,99,301,148,320,226,301,"nailpolish1_tr.png",1,450,90,2.7814,1,1.0636,2,3.3446
"Sub084_ToD_Online","YA","Night",1,"plant1_tr.png",223,223,-0.101399946,-0.108738129,1.6038,39,-0.093567752,-0.115546551,"Bckg116.jpg",229,75,38,1,1,1,32,229,191,233,122,229,"plant1_tr.png",1,219,219,1.5668,1,1.2833,1,0.4504
"Sub084_ToD_Online","YA","Night",1,"popcorn1_tr.png",147,147,0.080977275,-0.124694068,1.3909,39,0.074340315,-0.128761203,"Bckg76.jpg",144,15,6,1,1,1,33,144,211,30,310,144,"popcorn1_tr.png",1,150,150,2.5798,1,0.9789,1,0.558
"Sub084_ToD_Online","YA","Night",1,"potatochips1_tr.png",-4,356,-0.010371436,0.148318451,3.9671,39,0.09948676,-0.110491241,"Bckg124.jpg",13,81,29,1,1,1,17,13,164,112,355,13,"potatochips1_tr.png",1,138,138,1.3742,1,2.6975,2,1.3007
"Sub084_ToD_Online","YA","Night",1,"rollingpin1_tr.png",-132,228,-0.110491241,-0.09948676,3.6019,39,-0.09948676,-0.110491241,"Bckg69.jpg",228,89,114,3,1,1,112,228,12,120,126,228,"rollingpin1_tr.png",1,222,222,2.616,1,1.1334,2,0.9523
"Sub084_ToD_Online","YA","Night",1,"scrabble1_tr.png",14,14,0.0359691,0.14426418,3.6116,39,0.020692344,0.14723368,"Bckg91.jpg",15,39,84,3,1,1,116,15,152,156,110,15,"scrabble1_tr.png",1,8,8,3.0847,1,0.9882,1,0.3457
"Sub084_ToD_Online","YA","Night",1,"silvertray1_tr.png",291,291,-0.138805326,0.053282373,2.2337,39,-0.028369602,-0.145948948,"Bckg64.jpg",288,6,55,2,1,1,62,288,241,343,248,288,"silvertray1_tr.png",1,191,191,3.352,1,1.2163,1,1.4053
"Sub084_ToD_Online","YA","Night",1,"slide1_tr.png",40,40,0.095570067,0.11389597,1.4996,39,-0.085279706,0.121792042,"Bckg94.jpg",44,44,99,3,1,1,95,44,4,217,28,44,"slide1_tr.png",1,-35,325,4.9203,1,1.0007,2,0.6124
"Sub084_ToD_Online","YA","Night",1,"spoon1_tr.png",137,137,0.101399946,-0.108738129,4.9952,39,0.130039009,0.0720818,"Bckg67.jpg",161,10,2,1,1,1,35,161,301,195,183,161,"spoon1_tr.png",1,61,61,3.4503,1,1.0203,2,0.7338
"Sub084_ToD_Online","YA","Night",1,"starfish1_tr.png",53,53,0.118741631,0.089478237,3.346,39,0.148476868,-0.007781343,"Bckg106.jpg",77,54,95,3,1,1,120,77,197,61,78,77,"starfish1_tr.png",1,93,93,1.1947,1,1.0942,1,0.9481
"Sub084_ToD_Online","YA","Night",1,"streamer1_tr.png",-33,327,-0.080977275,0.124694068,2.2003,39,-0.095570067,0.11389597,"Bckg4.jpg",338,35,9,1,1,1,23,338,69,290,195,338,"streamer1_tr.png",1,320,320,1.4005,1,2.8126,1,0.867
"Sub084_ToD_Online","YA","Night",1,"suit1_tr.png",263,263,-0.147572387,-0.018119611,2.4363,39,-0.144869955,0.033445864,"Bckg52.jpg",262,36,116,3,1,1,102,262,153,255,138,262,"suit1_tr.png",1,283,283,1.885,1,2.1213,1,0.5061
"Sub084_ToD_Online","YA","Night",1,"telephonebooth1_tr.png",220,220,-0.095570067,-0.11389597,3.684,39,NA,NA,"Bckg107.jpg",214,63,75,2,1,1,50,214,64,281,300,214,"telephonebooth1_tr.png",1,281,281,1.1585,1,1.499,2,0.434
"Sub084_ToD_Online","YA","Night",1,"tissuebox1_tr.png",1,1,0.002594835,0.148657985,2.7808,39,-0.005188879,0.148590058,"Bckg98.jpg",1,12,21,1,1,1,38,1,95,272,311,1,"tissuebox1_tr.png",1,358,358,3.1791,1,1.7003,1,0.9475
"Sub084_ToD_Online","YA","Night",1,"toad1_tr.png",392,32,0.07878873,0.126088325,2.6338,39,0.103282244,0.106951895,"Bckg65.jpg",25,27,107,3,1,1,92,25,278,24,220,25,"toad1_tr.png",1,44,44,0.8662,1,0.976,1,1.8391
"Sub084_ToD_Online","YA","Night",1,"toaster1_tr.png",351,351,-0.023258775,0.146850125,1.8172,39,0.012958371,-0.148114855,"Bckg104.jpg",358,119,50,2,1,1,58,358,291,211,356,358,"toaster1_tr.png",1,175,175,1.1837,1,1.0503,2,0.4449
"Sub084_ToD_Online","YA","Night",1,"tractor1_tr.png",-44,316,-0.103282244,0.106951895,5.15,39,-0.05085177,-0.139714091,"Bckg63.jpg",316,86,1,1,1,1,19,316,132,20,87,316,"tractor1_tr.png",1,200,200,3.8379,1,0.8895,2,0.247
"Sub084_ToD_Online","YA","Night",1,"train1_tr.png",119,119,0.130039009,-0.0720818,1.9503,39,NA,NA,"Bckg61.jpg",127,104,28,1,1,1,7,127,71,191,165,127,"train1_tr.png",1,191,191,0.3937,1,2.4004,2,0.4271
"Sub084_ToD_Online","YA","Night",1,"umbrella1_tr.png",132,132,0.110491241,-0.09948676,1.8839,39,-0.110491241,0.09948676,"Bckg50.jpg",134,101,3,1,1,1,8,134,64,344,85,134,"umbrella1_tr.png",1,312,312,2.067,1,1.8336,2,0.3713
"Sub084_ToD_Online","YA","Night",1,"vegeplatter1_tr.png",252,252,-0.141403682,-0.045944841,2.8668,39,-0.144869955,-0.033445864,"Bckg70.jpg",246,30,97,3,1,1,90,246,122,321,75,246,"vegeplatter1_tr.png",1,257,257,1.5716,1,0.8274,1,0.0461
"Sub084_ToD_Online","YA","Night",1,"watch1_tr.png",113,113,0.136861242,-0.05809415,2.0336,39,0.134750413,-0.062835149,"Bckg117.jpg",119,43,5,1,1,1,29,119,181,237,158,119,"watch1_tr.png",1,115,115,3.1639,1,0.7616,2,1.5834
"Sub084_ToD_Online","YA","Night",1,"waterfilter1_tr.png",484,124,0.123261829,-0.083141153,4.067,39,0.010371436,-0.148318451,"Bckg123.jpg",115,56,8,1,1,1,9,115,280,232,286,115,"waterfilter1_tr.png",1,176,176,1.6504,1,0.867,1,0.7688
"Sub084_ToD_Online","YA","Night",1,"wheelchair1_tr.png",174,174,0.015541358,-0.147866142,0.9164,39,-0.040981936,-0.142920995,"Bckg80.jpg",171,52,87,3,1,1,94,171,180,294,263,171,"wheelchair1_tr.png",1,196,196,2.624,1,1.125,1,1.0404
"Sub084_ToD_Online","YA","Night",1,"woodenbox1_tr.png",345,345,-0.038481379,0.14361446,3.0003,39,-0.0720818,0.130039009,"Bckg9.jpg",346,69,37,1,1,1,14,346,209,115,175,346,"woodenbox1_tr.png",1,331,331,4.2418,1,1.2227,1,0.9387
"Sub084_ToD_Online","YA","Night",1,"wreath1_tr.png",219,219,-0.093567752,-0.115546551,3.2792,39,-0.115546551,0.093567752,"Bckg71.jpg",229,98,47,2,1,1,54,229,357,97,101,229,"wreath1_tr.png",1,-51,309,3.0031,1,0.6697,1,0.148
"Sub085_ToD_Online","YA","Night",1,"abacus1_tr.png",295,295,-0.117484896,0.054784107,6.1127,269,-0.125779668,0.031360393,"Bckg135.jpg",299,41,117,3,1,1,83,299,113,108,23,299,"abacus1_tr.png",1,-76,284,5.7526,1,1.2547,1,4.1742
"Sub085_ToD_Online","YA","Night",1,"airfreshener1_tr.png",0,0,7.93756e-18,0.12963024,4.96,269,0.00226236,0.129610497,"Bckg42.jpg",2,91,25,1,1,1,25,2,156,345,88,2,"airfreshener1_tr.png",1,361,1,2.9769,1,1.3949,1,0.9528
"Sub085_ToD_Online","YA","Night",1,"banana1_tr.png",39,39,0.081578953,0.100741617,4.6406,269,0.083324712,0.099302525,"Bckg93.jpg",44,114,60,2,1,1,78,44,233,78,338,44,"banana1_tr.png",1,40,40,2.858,1,1.4531,1,0.2524
"Sub085_ToD_Online","YA","Night",1,"bandaid1_tr.png",241,241,-0.113377163,-0.062845987,3.4447,269,-0.100741617,-0.081578953,"Bckg45.jpg",246,107,64,2,1,1,77,246,143,243,11,246,"bandaid1_tr.png",1,231,231,2.8189,1,1.9662,1,0.6973
"Sub085_ToD_Online","YA","Night",1,"basket1_tr.png",118,118,0.114456708,-0.060857711,3.4235,269,0.040057947,-0.123285684,"Bckg24.jpg",110,8,17,1,1,1,30,110,14,332,96,110,"basket1_tr.png",1,162,162,5.1615,1,3.047,2,1.0382
"Sub085_ToD_Online","YA","Night",1,"bathroomscale1_tr.png",213,213,-0.070601689,-0.108717067,1.3131,269,-0.091662422,-0.091662422,"Bckg17.jpg",226,17,11,1,1,1,37,226,235,285,318,226,"bathroomscale1_tr.png",1,225,225,2.5716,1,1.2488,1,0.4111
"Sub085_ToD_Online","YA","Night",1,"bbqmachine1_tr.png",531,171,0.020278637,-0.128034277,4.9446,269,0.009042548,-0.129314467,"Bckg48.jpg",172,40,96,3,1,1,99,172,331,332,338,172,"bbqmachine1_tr.png",1,536,176,5.6381,1,1.4308,1,0.3247
"Sub085_ToD_Online","YA","Night",1,"bed1_tr.png",226,226,-0.093248191,-0.090048731,3.5656,269,-0.111114803,-0.066764509,"Bckg77.jpg",245,120,46,2,1,1,41,245,138,143,160,245,"bed1_tr.png",1,239,239,4.1889,1,3.0659,1,0.7719
"Sub085_ToD_Online","YA","Night",1,"bell1_tr.png",355,355,-0.01129802,0.129136958,2.338,269,-0.031360393,0.125779668,"Bckg36.jpg",349,78,82,3,1,1,119,349,287,282,294,349,"bell1_tr.png",1,346,346,3.9898,1,1.1672,1,0.6581
"Sub085_ToD_Online","YA","Night",1,"binder1_tr.png",92,92,0.129551273,-0.00452403,4.4542,269,0.12963024,3.17503e-17,"Bckg82.jpg",91,21,24,1,1,1,2,91,236,320,312,91,"binder1_tr.png",1,450,90,4.3121,1,3.4715,1,0.8315
"Sub085_ToD_Online","YA","Night",1,"bowlingpin1_tr.png",285,285,-0.125213197,0.033550775,2.6134,269,-0.05065057,-0.119325265,"Bckg34.jpg",301,48,71,2,1,1,65,301,219,51,324,301,"bowlingpin1_tr.png",1,203,203,4.6909,1,2.8333,1,0.325
"Sub085_ToD_Online","YA","Night",1,"boxinggloves1_tr.png",271,271,-0.129610497,0.00226236,3.837,269,0.070601689,-0.108717067,"Bckg131.jpg",276,95,81,3,1,1,94,276,159,125,149,276,"boxinggloves1_tr.png",1,147,147,3.7607,1,1.8284,1,0.4145
"Sub085_ToD_Online","YA","Night",1,"breakfast1_tr.png",300,300,-0.112263081,0.06481512,2.1516,269,-0.1225678,-0.042203478,"Bckg89.jpg",300,3,10,1,1,1,16,300,348,149,173,300,"breakfast1_tr.png",1,251,251,3.5799,1,1.3644,1,0.3952
"Sub085_ToD_Online","YA","Night",1,"christmasstocking1_tr.png",154,154,0.056826157,-0.116510888,4.4693,269,0.104873067,-0.076194743,"Bckg136.jpg",165,50,1,1,1,1,22,165,322,246,121,165,"christmasstocking1_tr.png",1,126,126,6.0287,1,2.4084,1,1.1951
"Sub085_ToD_Online","YA","Night",1,"clock1_tr.png",136,136,0.090048731,-0.093248191,2.1227,269,-0.085045089,0.097833184,"Bckg137.jpg",133,76,78,2,1,1,75,133,128,1,280,133,"clock1_tr.png",1,-41,319,4.6371,1,3.0684,2,1.5681
"Sub085_ToD_Online","YA","Night",1,"coke1_tr.png",-35,325,-0.074352851,0.106186876,2.8943,269,-0.100741617,0.081578953,"Bckg78.jpg",322,74,85,3,1,1,105,322,31,323,307,322,"coke1_tr.png",1,309,309,4.9963,1,1.1981,1,0.6317
"Sub085_ToD_Online","YA","Night",1,"crayon1_tr.png",266,266,-0.129314467,-0.009042548,2.6854,269,-0.12963024,1.58751e-17,"Bckg87.jpg",267,33,70,2,1,1,52,267,220,22,283,267,"crayon1_tr.png",1,-90,270,5.1151,1,1.5059,1,1.1143
"Sub085_ToD_Online","YA","Night",1,"cucumber1_tr.png",430,70,0.12181258,0.044336153,4.3985,269,0.109932678,0.068693561,"Bckg92.jpg",82,87,27,1,1,1,34,82,286,332,303,82,"cucumber1_tr.png",1,418,58,4.6123,1,3.0921,1,0.6634
"Sub085_ToD_Online","YA","Night",1,"dog1_tr.png",170,170,0.022510055,-0.127660865,4.7449,269,0.018041042,-0.128368687,"Bckg23.jpg",167,111,69,2,1,1,45,167,16,26,214,167,"dog1_tr.png",1,172,172,5.1136,1,1.3505,1,0.5605
"Sub085_ToD_Online","YA","Night",1,"dress1_tr.png",91,91,0.129610497,-0.00226236,3.8975,269,0.129610497,0.00226236,"Bckg96.jpg",83,51,91,3,1,1,81,83,239,71,9,83,"dress1_tr.png",1,89,89,3.2429,1,1.3389,1,0.5674
"Sub085_ToD_Online","YA","Night",1,"eggs1_tr.png",86,86,0.129314467,0.009042548,2.3084,269,-0.091662422,-0.091662422,"Bckg132.jpg",84,28,2,1,1,1,13,84,124,265,170,84,"eggs1_tr.png",1,225,225,3.0943,1,1.4494,2,0.8638
"Sub085_ToD_Online","YA","Night",1,"encyclopedia1_tr.png",285,285,-0.125213197,0.033550775,4.2065,269,-0.125779668,0.031360393,"Bckg72.jpg",286,11,84,3,1,1,106,286,151,110,236,286,"encyclopedia1_tr.png",1,284,284,4.2486,1,1.0957,1,0.7952
"Sub085_ToD_Online","YA","Night",1,"goggle1_tr.png",31,31,0.066764509,0.111114803,3.4854,269,0.06481512,0.112263081,"Bckg120.jpg",25,96,44,2,1,1,70,25,157,292,131,25,"goggle1_tr.png",1,390,30,4.9294,1,2.9477,1,0.3466
"Sub085_ToD_Online","YA","Night",1,"hairdryer1_tr.png",58,58,0.109932678,0.068693561,1.9015,269,0.128663996,0.015797952,"Bckg79.jpg",63,73,89,3,1,1,113,63,52,27,90,63,"hairdryer1_tr.png",1,83,83,4.1801,1,1.7457,1,0.3449
"Sub085_ToD_Online","YA","Night",1,"handsoap1_tr.png",438,78,0.126797508,0.026951642,3.815,269,0.125213197,0.033550775,"Bckg73.jpg",74,57,108,3,1,1,116,74,352,41,5,74,"handsoap1_tr.png",1,75,75,2.2536,1,1.1189,1,0.743
"Sub085_ToD_Online","YA","Night",1,"highheel1_tr.png",126,126,0.104873067,-0.076194743,2.4011,269,0.096334042,-0.086739561,"Bckg57.jpg",128,77,119,3,1,1,102,128,108,34,194,128,"highheel1_tr.png",1,132,132,3.3898,1,1.3488,1,0.5171
"Sub085_ToD_Online","YA","Night",1,"jackolantern1_tr.png",55,55,0.106186876,0.074352851,3.1499,269,0.124608584,0.035730937,"Bckg21.jpg",51,93,107,3,1,1,84,51,161,66,118,51,"jackolantern1_tr.png",1,74,74,1.8242,1,1.0439,1,0.3728
"Sub085_ToD_Online","YA","Night",1,"jellybeans1_tr.png",243,243,-0.11550139,-0.058850897,3.5401,269,-0.116510888,-0.056826157,"Bckg46.jpg",235,49,93,3,1,1,89,235,347,110,157,235,"jellybeans1_tr.png",1,244,244,3.7186,1,1.5691,1,0.4168
"Sub085_ToD_Online","YA","Night",1,"kite1_tr.png",175,175,0.01129802,-0.129136958,3.731,269,0.033550775,-0.125213197,"Bckg128.jpg",181,115,40,1,1,1,5,181,59,221,177,181,"kite1_tr.png",1,165,165,3.3421,1,1.9511,2,1.1192
"Sub085_ToD_Online","YA","Night",1,"loaf1_tr.png",463,103,0.126307825,-0.029160459,2.9924,269,0.124608584,-0.035730937,"Bckg90.jpg",101,25,31,1,1,1,10,101,357,138,325,101,"loaf1_tr.png",1,106,106,2.8185,1,2.0433,1,1.1351
"Sub085_ToD_Online","YA","Night",1,"mouthwash1_tr.png",349,349,-0.024734616,0.127248567,5.44,269,-0.026951642,0.126797508,"Bckg109.jpg",352,100,47,2,1,1,50,352,115,250,226,352,"mouthwash1_tr.png",1,348,348,3.3501,1,1.3678,1,0.2915
"Sub085_ToD_Online","YA","Night",1,"paintpalette1_tr.png",257,257,-0.126307825,-0.029160459,3.2188,269,-0.124608584,-0.035730937,"Bckg56.jpg",259,16,118,3,1,1,118,259,311,154,192,259,"paintpalette1_tr.png",1,254,254,4.4369,1,1.1289,1,0.525
"Sub085_ToD_Online","YA","Night",1,"partyhats1_tr.png",49,49,0.097833184,0.085045089,3.7965,269,0.11550139,0.058850897,"Bckg110.jpg",52,18,116,3,1,1,92,52,175,231,196,52,"partyhats1_tr.png",1,63,63,5.1384,1,1.3339,1,0.4635
"Sub085_ToD_Online","YA","Night",1,"penguin1_tr.png",423,63,0.11550139,0.058850897,3.9304,269,0.123285684,0.040057947,"Bckg114.jpg",71,7,12,1,1,1,9,71,333,350,66,71,"penguin1_tr.png",1,432,72,4.7033,1,1.5899,1,0.3268
"Sub085_ToD_Online","YA","Night",1,"pin1_tr.png",290,290,-0.12181258,0.044336153,2.6258,269,-0.120191066,0.048560343,"Bckg59.jpg",300,82,74,2,1,1,79,300,260,88,40,300,"pin1_tr.png",1,292,292,5.4915,1,1.2722,1,0.437
"Sub085_ToD_Online","YA","Night",1,"plant1_tr.png",219,219,-0.081578953,-0.100741617,2.1201,269,-0.088407611,-0.094805556,"Bckg116.jpg",229,75,103,3,1,1,110,229,191,233,122,229,"plant1_tr.png",1,223,223,2.8517,1,1.8399,1,1.527
"Sub085_ToD_Online","YA","Night",1,"pokerchips1_tr.png",13,13,0.029160459,0.126307825,2.7889,269,0.015797952,0.128663996,"Bckg127.jpg",11,88,13,1,1,1,36,11,51,229,63,11,"pokerchips1_tr.png",1,367,7,6.9178,1,1.3171,1,0.9248
"Sub085_ToD_Online","YA","Night",1,"ricecooker1_tr.png",16,16,0.035730937,0.124608584,4.7844,269,0.054784107,0.117484896,"Bckg102.jpg",14,19,97,3,1,1,96,14,178,267,92,14,"ricecooker1_tr.png",1,385,25,3.7531,1,1.6633,1,0.2963
"Sub085_ToD_Online","YA","Night",1,"rollingpin1_tr.png",-138,222,-0.086739561,-0.096334042,4.3046,269,-0.112263081,-0.06481512,"Bckg69.jpg",228,89,113,3,1,1,114,228,12,120,126,228,"rollingpin1_tr.png",1,240,240,3.8802,1,1.987,1,0.3769
"Sub085_ToD_Online","YA","Night",1,"scrabble1_tr.png",386,26,0.056826157,0.116510888,5.685,269,0.035730937,0.124608584,"Bckg91.jpg",15,39,43,2,1,1,69,15,152,156,110,15,"scrabble1_tr.png",1,16,16,4.1455,1,1.1287,1,0.3281
"Sub085_ToD_Online","YA","Night",1,"silvertray1_tr.png",293,293,-0.119325265,0.05065057,2.8608,269,-0.121020255,0.046455323,"Bckg64.jpg",288,6,37,1,1,1,39,288,241,343,248,288,"silvertray1_tr.png",1,291,291,2.4407,1,1.4111,1,0.8444
"Sub085_ToD_Online","YA","Night",1,"spoon1_tr.png",157,157,0.05065057,-0.119325265,3.9301,269,0.074352851,-0.106186876,"Bckg67.jpg",161,10,21,1,1,1,20,161,301,195,183,161,"spoon1_tr.png",1,145,145,3.5036,1,2.5279,1,0.6716
"Sub085_ToD_Online","YA","Night",1,"starfish1_tr.png",77,77,0.126307825,0.029160459,3.4403,269,0.119325265,-0.05065057,"Bckg106.jpg",77,54,41,2,1,1,56,77,197,61,78,77,"starfish1_tr.png",1,113,113,5.2135,1,1.2509,1,0.28
"Sub085_ToD_Online","YA","Night",1,"steeringwheel1_tr.png",236,236,-0.107468339,-0.07248831,3.5237,269,-0.094805556,-0.088407611,"Bckg62.jpg",229,90,68,2,1,1,66,229,132,225,181,229,"steeringwheel1_tr.png",1,227,227,2.8086,1,2.5621,1,0.901
"Sub085_ToD_Online","YA","Night",1,"stoplights1_tr.png",214,214,-0.07248831,-0.107468339,1.0212,269,-0.060857711,-0.114456708,"Bckg53.jpg",219,60,59,2,1,1,71,219,214,124,240,219,"stoplights1_tr.png",1,208,208,4.2592,1,1.1964,1,0.5027
"Sub085_ToD_Online","YA","Night",1,"suit1_tr.png",247,247,-0.119325265,-0.05065057,4.2411,269,0.094805556,-0.088407611,"Bckg52.jpg",262,36,23,1,1,1,27,262,153,255,138,262,"suit1_tr.png",1,133,133,3.9199,1,5.2552,2,1.4973
"Sub085_ToD_Online","YA","Night",1,"toaster1_tr.png",353,353,-0.015797952,0.128663996,2.5757,269,-0.078013426,-0.103527313,"Bckg104.jpg",358,119,101,3,1,1,112,358,291,211,356,358,"toaster1_tr.png",1,217,217,4.4537,1,1.4865,2,0.777
"Sub085_ToD_Online","YA","Night",1,"train1_tr.png",71,71,NA,NA,0.1946,269,0.094805556,-0.088407611,"Bckg61.jpg",127,104,42,2,1,1,61,127,71,191,165,127,"train1_tr.png",1,133,133,3.4864,1,1.7005,1,0.6709
"Sub085_ToD_Online","YA","Night",1,"trophy1_tr.png",76,76,0.125779668,0.031360393,2.0516,269,0.120191066,-0.048560343,"Bckg68.jpg",75,99,88,3,1,1,88,75,66,178,228,75,"trophy1_tr.png",1,112,112,3.4293,1,1.1174,1,0.4085
"Sub085_ToD_Online","YA","Night",1,"trumpet1_tr.png",355,355,-0.01129802,0.129136958,2.5143,269,-0.01129802,0.129136958,"Bckg130.jpg",355,58,95,3,1,1,108,355,313,133,32,355,"trumpet1_tr.png",1,355,355,5.6259,1,1.1544,1,0.5715
"Sub085_ToD_Online","YA","Night",1,"vacuum1_tr.png",477,117,0.11550139,-0.058850897,4.5056,269,0.128368687,-0.018041042,"Bckg60.jpg",108,97,36,1,1,1,24,108,327,356,335,108,"vacuum1_tr.png",1,458,98,4.0566,1,3.2789,1,1.7084
"Sub085_ToD_Online","YA","Night",1,"watch1_tr.png",125,125,0.106186876,-0.074352851,2.4439,269,-0.070601689,-0.108717067,"Bckg117.jpg",119,43,22,1,1,1,33,119,181,237,158,119,"watch1_tr.png",1,213,213,7.3007,1,1.9002,2,3.5876
"Sub085_ToD_Online","YA","Night",1,"waterfilter1_tr.png",126,126,0.104873067,-0.076194743,3.7141,269,0.107468339,-0.07248831,"Bckg123.jpg",115,56,20,1,1,1,28,115,280,232,286,115,"waterfilter1_tr.png",1,124,124,3.5923,1,1.2206,1,0.51
"Sub085_ToD_Online","YA","Night",1,"wisk1_tr.png",326,326,-0.07248831,0.107468339,3.6353,269,0.066764509,-0.111114803,"Bckg95.jpg",315,23,67,2,1,1,64,315,150,163,135,315,"wisk1_tr.png",1,149,149,3.9497,1,2.8514,2,1.1643
"Sub086_ToD_Online","YA","Night",1,"asparagus1_tr.png",258,258,-0.239672993,-0.050944067,2.8442,139,0.126198456,0.210029501,"Bckg134.jpg",263,47,30,1,1,1,19,263,290,137,190,263,"asparagus1_tr.png",1,31,31,5.753,1,3.7382,2,0.9509
"Sub086_ToD_Online","YA","Night",1,"bandaid1_tr.png",247,247,-0.225548939,-0.095739844,5.3505,139,-0.160752458,-0.184924549,"Bckg45.jpg",246,107,19,1,1,1,14,246,143,243,11,246,"bandaid1_tr.png",1,221,221,3.0353,1,2.8302,2,1.452
"Sub086_ToD_Online","YA","Night",1,"bbqmachine1_tr.png",517,157,0.095739844,-0.225548939,4.4666,139,-0.170210355,0.176257983,"Bckg48.jpg",172,40,64,2,1,1,61,172,331,332,338,172,"bbqmachine1_tr.png",1,316,316,6.2801,1,2.1098,2,0.9199
"Sub086_ToD_Online","YA","Night",1,"bell1_tr.png",341,341,-0.079773128,0.231677987,4.8165,139,-0.182090867,0.163955353,"Bckg36.jpg",349,78,14,1,1,1,2,349,287,282,294,349,"bell1_tr.png",1,312,312,3.3809,1,1.8444,2,0.9365
"Sub086_ToD_Online","YA","Night",1,"bird1_tr.png",48,48,0.182090867,0.163955353,2.6309,139,-0.029861332,0.243201033,"Bckg2.jpg",39,72,60,2,1,1,79,39,118,137,33,39,"bird1_tr.png",1,-7,353,5.1845,1,3.715,2,1.2685
"Sub086_ToD_Online","YA","Night",1,"breakfast1_tr.png",288,288,-0.233034934,0.07571764,2.6857,139,-0.236678323,0.063417765,"Bckg89.jpg",300,3,13,1,1,1,36,300,348,149,173,300,"breakfast1_tr.png",1,-75,285,7.0612,1,1.1602,2,0.9722
"Sub086_ToD_Online","YA","Night",1,"christmasstocking1_tr.png",508,148,0.129844755,-0.207795046,5.4513,139,0.099661634,-0.223843696,"Bckg136.jpg",165,50,94,3,1,1,91,165,322,246,121,165,"christmasstocking1_tr.png",1,156,156,4.676,1,1.4482,1,0.8899
"Sub086_ToD_Online","YA","Night",1,"clock1_tr.png",130,130,0.187701901,-0.157500596,1.9017,139,0.029861332,-0.243201033,"Bckg137.jpg",133,76,70,2,1,1,59,133,128,1,280,133,"clock1_tr.png",1,173,173,6.7473,1,1.9722,2,0.811
"Sub086_ToD_Online","YA","Night",1,"coffeemug1_tr.png",329,329,-0.126198456,0.210029501,4.6338,139,-0.111240125,0.218321039,"Bckg20.jpg",325,70,7,1,1,1,5,325,253,113,22,325,"coffeemug1_tr.png",1,-27,333,4.8597,1,1.9885,1,1.0684
"Sub086_ToD_Online","YA","Night",1,"cookie1_tr.png",200,200,-0.083804317,-0.230250468,2.7525,139,-0.095739844,-0.225548939,"Bckg1.jpg",196,109,95,3,1,1,83,196,142,307,242,196,"cookie1_tr.png",1,203,203,4.6194,1,2.0029,1,1.0043
"Sub086_ToD_Online","YA","Night",1,"cow1_tr.png",336,336,-0.099661634,0.223843696,5.1339,139,-0.012823745,0.244691628,"Bckg113.jpg",352,24,118,3,1,1,99,352,172,11,137,352,"cow1_tr.png",1,-3,357,2.0634,1,1.0918,1,0.6679
"Sub086_ToD_Online","YA","Night",1,"cucumber1_tr.png",446,86,0.244430555,0.017092249,5.4672,139,0.24264284,0.034101227,"Bckg92.jpg",82,87,74,2,1,1,63,82,286,332,303,82,"cucumber1_tr.png",1,442,82,3.899,1,1.2288,1,1.0691
"Sub086_ToD_Online","YA","Night",1,"dog1_tr.png",150,150,0.122513715,-0.212199979,5.0454,139,0.042548567,-0.241304913,"Bckg23.jpg",167,111,65,2,1,1,72,167,16,26,214,167,"dog1_tr.png",1,170,170,12.3227,1,5.0325,1,1.7196
"Sub086_ToD_Online","YA","Night",1,"dress1_tr.png",443,83,0.243201033,0.029861332,5.1532,139,0.244691628,-0.012823745,"Bckg96.jpg",83,51,120,3,1,1,113,83,239,71,9,83,"dress1_tr.png",1,93,93,2.0175,1,1.2142,1,0.819
"Sub086_ToD_Online","YA","Night",1,"eggs1_tr.png",80,80,0.241304913,0.042548567,3.1493,139,-0.184924549,-0.160752458,"Bckg132.jpg",84,28,113,3,1,1,103,84,124,265,170,84,"eggs1_tr.png",1,229,229,2.7673,1,1.0725,2,0.5123
"Sub086_ToD_Online","YA","Night",1,"grater1_tr.png",233,233,-0.195687607,-0.147461188,2.2348,139,-0.160752458,-0.184924549,"Bckg118.jpg",227,108,55,2,1,1,73,227,183,311,225,227,"grater1_tr.png",1,221,221,5.1602,1,1.5011,2,0.7358
"Sub086_ToD_Online","YA","Night",1,"hairdryer1_tr.png",68,68,0.227185477,0.091788891,3.9817,139,0.240525586,0.046753438,"Bckg79.jpg",63,73,16,1,1,1,29,63,52,27,90,63,"hairdryer1_tr.png",1,79,79,2.7822,1,1.3657,1,0.8185
"Sub086_ToD_Online","YA","Night",1,"handsoap1_tr.png",440,80,0.241304913,0.042548567,4.2361,139,0.244691628,0.012823745,"Bckg73.jpg",74,57,17,1,1,1,21,74,352,41,5,74,"handsoap1_tr.png",1,87,87,3.4985,1,1.659,1,0.7513
"Sub086_ToD_Online","YA","Night",1,"lemon1_tr.png",389,29,0.118791655,0.214305819,3.4458,139,-0.167108305,-0.179201718,"Bckg99.jpg",20,66,85,3,1,1,105,20,265,285,180,20,"lemon1_tr.png",1,223,223,2.483,1,1.4005,2,1.3003
"Sub086_ToD_Online","YA","Night",1,"loaf1_tr.png",463,103,0.238747393,-0.055119179,3.4007,139,0.237749068,0.0592775,"Bckg90.jpg",101,25,53,2,1,1,51,101,357,138,325,101,"loaf1_tr.png",1,76,76,4.8184,1,0.9497,1,0.95
"Sub086_ToD_Online","YA","Night",1,"nailpolish1_tr.png",300,300,-0.212199979,0.122513715,5.9362,139,-0.207795046,0.129844755,"Bckg84.jpg",301,32,89,3,1,1,115,301,148,320,226,301,"nailpolish1_tr.png",1,302,302,1.8811,1,1.4241,2,0.8692
"Sub086_ToD_Online","YA","Night",1,"pan1_tr.png",141,141,0.154200758,-0.190422078,4.229,139,0.163955353,-0.182090867,"Bckg58.jpg",133,116,68,2,1,1,71,133,89,30,229,133,"pan1_tr.png",1,138,138,5.3279,1,2.7844,2,0.9358
"Sub086_ToD_Online","YA","Night",1,"partyhats1_tr.png",63,63,0.218321039,0.111240125,4.1684,139,-0.147461188,0.195687607,"Bckg110.jpg",52,18,32,1,1,1,24,52,175,231,196,52,"partyhats1_tr.png",1,323,323,4.8498,1,1.3621,2,0.6361
"Sub086_ToD_Online","YA","Night",1,"pickle1_tr.png",139,139,0.160752458,-0.184924549,3.0479,139,-0.157500596,0.187701901,"Bckg66.jpg",150,83,73,2,1,1,45,150,65,78,256,150,"pickle1_tr.png",1,-40,320,3.3989,1,1.0961,2,0.717
"Sub086_ToD_Online","YA","Night",1,"pin1_tr.png",294,294,-0.223843696,0.099661634,3.5295,139,-0.230250468,0.083804317,"Bckg59.jpg",300,82,104,3,1,1,107,300,260,88,40,300,"pin1_tr.png",1,-70,290,4.5792,1,1.1354,1,0.8349
"Sub086_ToD_Online","YA","Night",1,"pizza1_tr.png",39,39,0.154200758,0.190422078,3.4105,139,0.160752458,0.184924549,"Bckg83.jpg",31,80,87,3,1,1,119,31,153,237,175,31,"pizza1_tr.png",1,41,41,5.2279,1,1.643,2,0.6019
"Sub086_ToD_Online","YA","Night",1,"podium1_tr.png",-11,349,-0.046753438,0.240525586,3.4841,139,-4.50108e-17,0.24502743,"Bckg75.jpg",356,113,35,1,1,1,38,356,73,322,182,356,"podium1_tr.png",1,360,0,4.9316,1,1.6329,1,0.888
"Sub086_ToD_Online","YA","Night",1,"potatochips1_tr.png",28,28,0.11503341,0.21634638,5.166,139,0.14402351,0.198231355,"Bckg124.jpg",13,81,81,3,1,1,94,13,164,112,355,13,"potatochips1_tr.png",1,36,36,2.7518,1,1.5322,2,0.5349
"Sub086_ToD_Online","YA","Night",1,"present1_tr.png",187,187,-0.029861332,-0.243201033,3.9475,139,0.017092249,-0.244430555,"Bckg121.jpg",184,46,92,3,1,1,92,184,45,118,188,184,"present1_tr.png",1,176,176,1.9113,1,1.293,1,0.5576
"Sub086_ToD_Online","YA","Night",1,"radish1_tr.png",219,219,-0.154200758,-0.190422078,5.061,139,-0.122513715,-0.212199979,"Bckg112.jpg",221,14,34,1,1,1,6,221,203,64,59,221,"radish1_tr.png",1,-150,210,5.6335,1,1.3093,2,1.384
"Sub086_ToD_Online","YA","Night",1,"scarf1_tr.png",281,281,-0.240525586,0.046753438,3.0164,139,-0.239672993,0.050944067,"Bckg51.jpg",276,59,101,3,1,1,95,276,231,56,236,276,"scarf1_tr.png",1,-78,282,3.8586,1,1.3995,1,0.7999
"Sub086_ToD_Online","YA","Night",1,"scrabble1_tr.png",18,18,0.07571764,0.233034934,5.0302,139,0.034101227,0.24264284,"Bckg91.jpg",15,39,105,3,1,1,114,15,152,156,110,15,"scrabble1_tr.png",1,8,8,4.4302,1,2.1952,1,0.8509
"Sub086_ToD_Online","YA","Night",1,"sink1_tr.png",539,179,0.004276318,-0.244990111,6.4505,139,0.004276318,-0.244990111,"Bckg32.jpg",178,112,36,1,1,1,39,178,267,137,336,178,"sink1_tr.png",1,179,179,5.519,1,2.1801,1,1.3141
"Sub086_ToD_Online","YA","Night",1,"sippycup1_tr.png",114,114,0.223843696,-0.099661634,2.9003,139,-0.154200758,0.190422078,"Bckg105.jpg",107,106,76,2,1,1,54,107,24,15,204,107,"sippycup1_tr.png",1,-39,321,5.8002,1,1.232,2,0.7186
"Sub086_ToD_Online","YA","Night",1,"skippingrope1_tr.png",67,67,0.225548939,0.095739844,2.9071,139,-0.147461188,-0.195687607,"Bckg7.jpg",60,45,63,2,1,1,78,60,87,213,277,60,"skippingrope1_tr.png",1,217,217,4.5382,1,1.8848,2,1.3353
"Sub086_ToD_Online","YA","Night",1,"spoon1_tr.png",513,153,0.111240125,-0.218321039,6.0075,139,-0.154200758,-0.190422078,"Bckg67.jpg",161,10,28,1,1,1,35,161,301,195,183,161,"spoon1_tr.png",1,219,219,4.9103,1,1.6093,2,0.6372
"Sub086_ToD_Online","YA","Night",1,"stoplights1_tr.png",214,214,NA,NA,1.4211,139,-0.122513715,-0.212199979,"Bckg53.jpg",219,60,6,1,1,1,8,219,214,124,240,219,"stoplights1_tr.png",1,210,210,6.8121,1,2.1911,2,1.1493
"Sub086_ToD_Online","YA","Night",1,"streamer1_tr.png",-29,331,-0.118791655,0.214305819,5.7922,139,-0.11503341,-0.21634638,"Bckg4.jpg",338,35,29,1,1,1,4,338,69,290,195,338,"streamer1_tr.png",1,208,208,6.0622,1,1.6359,2,0.8168
"Sub086_ToD_Online","YA","Night",1,"tissuebox1_tr.png",1,1,0.004276318,0.244990111,2.9354,139,0.107412955,0.220229195,"Bckg98.jpg",1,12,93,3,1,1,120,1,95,272,311,1,"tissuebox1_tr.png",1,386,26,3.0486,1,1.8362,2,1.7844
"Sub086_ToD_Online","YA","Night",1,"toad1_tr.png",388,28,0.11503341,0.21634638,4.1379,139,-0.157500596,0.187701901,"Bckg65.jpg",25,27,72,2,1,1,69,25,278,24,220,25,"toad1_tr.png",1,-40,320,4.6326,1,1.7772,2,0.85
"Sub086_ToD_Online","YA","Night",1,"towels1_tr.png",210,210,-0.122513715,-0.212199979,4.1969,139,-0.118791655,-0.214305819,"Bckg115.jpg",193,37,15,1,1,1,23,193,106,21,53,193,"towels1_tr.png",1,-151,209,5.0146,1,1.2824,1,1.2056
"Sub086_ToD_Online","YA","Night",1,"tractor1_tr.png",-50,310,-0.187701901,0.157500596,5.6688,139,0.198231355,0.14402351,"Bckg63.jpg",316,86,27,1,1,1,31,316,132,20,87,316,"tractor1_tr.png",1,54,54,6.107,1,1.5716,2,0.9879
"Sub086_ToD_Online","YA","Night",1,"train1_tr.png",123,123,0.205497294,-0.133451503,2.0829,139,0.184924549,-0.160752458,"Bckg61.jpg",127,104,112,3,1,1,97,127,71,191,165,127,"train1_tr.png",1,131,131,3.196,1,1.7228,2,0.8013
"Sub086_ToD_Online","YA","Night",1,"turtle1_tr.png",217,217,-0.147461188,-0.195687607,3.3321,139,-0.150853949,-0.19308425,"Bckg44.jpg",223,61,22,1,1,1,10,223,185,158,305,223,"turtle1_tr.png",1,218,218,5.0976,1,1.8,1,1.0693
"Sub086_ToD_Online","YA","Night",1,"vegeplatter1_tr.png",228,228,-0.182090867,-0.163955353,3.7514,139,-0.236678323,0.063417765,"Bckg70.jpg",246,30,97,3,1,1,82,246,122,321,75,246,"vegeplatter1_tr.png",1,285,285,1.6848,1,1.6195,2,0.5694
"Sub086_ToD_Online","YA","Night",1,"waterfilter1_tr.png",480,120,0.212199979,-0.122513715,4.6854,139,-0.11503341,0.21634638,"Bckg123.jpg",115,56,98,3,1,1,111,115,280,232,286,115,"waterfilter1_tr.png",1,332,332,4.4485,1,1.4802,2,0.9349
"Sub087_ToD_Online","YA","Morning",1,"banana1_tr.png",43,43,0.154414645,0.165589434,5.2134,146,NA,NA,"Bckg93.jpg",44,114,108,3,1,1,86,44,233,78,338,44,"banana1_tr.png",1,78,78,0.6653,1,1.785,2,0.8846
"Sub087_ToD_Online","YA","Morning",1,"bandaid1_tr.png",255,255,-0.218700077,-0.058600509,4.1974,146,-0.185468294,0.129866297,"Bckg45.jpg",246,107,1,1,1,1,37,246,143,243,11,246,"bandaid1_tr.png",1,305,305,3.1478,1,1.9873,2,0.7561
"Sub087_ToD_Online","YA","Morning",1,"bell1_tr.png",349,349,-0.043202015,0.222255099,4.1477,146,-0.031510875,0.224211525,"Bckg36.jpg",349,78,53,2,1,1,77,349,287,282,294,349,"bell1_tr.png",1,352,352,3.2715,1,2.2039,2,1.5913
"Sub087_ToD_Online","YA","Morning",1,"bottleofwine1_tr.png",125,125,0.185468294,-0.129866297,3.3393,146,0.175957487,-0.142487564,"Bckg29.jpg",126,71,26,1,1,1,1,126,55,131,270,126,"bottleofwine1_tr.png",1,129,129,2.3706,1,3.5216,1,1.3678
"Sub087_ToD_Online","YA","Morning",1,"bowls1_tr.png",72,72,0.215333442,0.069966077,6.9277,146,0.185468294,0.129866297,"Bckg103.jpg",76,79,102,3,1,1,102,76,238,207,139,76,"bowls1_tr.png",1,55,55,4.4867,1,1.5038,1,1.4074
"Sub087_ToD_Online","YA","Morning",1,"boxinggloves1_tr.png",277,277,-0.224727317,0.027593045,17.61,146,-0.226104686,0.011849644,"Bckg131.jpg",276,95,2,1,1,1,30,276,159,125,149,276,"boxinggloves1_tr.png",1,273,273,7.6622,1,2.131,1,0.8384
"Sub087_ToD_Online","YA","Morning",1,"coat1_tr.png",101,101,0.222255099,-0.043202015,5.2638,146,0.226380496,-0.003951486,"Bckg108.jpg",94,102,119,3,1,1,90,94,309,13,198,94,"coat1_tr.png",1,91,91,5.902,1,1.4825,1,0.5998
"Sub087_ToD_Online","YA","Morning",1,"coke1_tr.png",-41,319,-0.148541592,0.170877555,3.4484,146,NA,NA,"Bckg78.jpg",322,74,57,2,1,1,58,322,31,323,307,322,"coke1_tr.png",1,323,323,1.12,1,1.431,1,0.6327
"Sub087_ToD_Online","YA","Morning",1,"cookie1_tr.png",200,200,-0.077438484,-0.212760486,3.1634,146,NA,NA,"Bckg1.jpg",196,109,105,3,1,1,108,196,142,307,242,196,"cookie1_tr.png",1,307,307,0.6055,1,2.6041,2,1.3833
"Sub087_ToD_Online","YA","Morning",1,"eggs1_tr.png",86,86,0.225863444,0.015793911,3.3643,146,NA,NA,"Bckg132.jpg",84,28,89,3,1,1,118,84,124,265,170,84,"eggs1_tr.png",1,265,265,1.2045,1,1.7481,2,1.03
"Sub087_ToD_Online","YA","Morning",1,"fireextinguisher1_tr.png",296,296,-0.203500436,0.099253794,3.6485,146,-0.226277054,-0.007901769,"Bckg88.jpg",294,85,67,2,1,1,79,294,212,94,215,294,"fireextinguisher1_tr.png",1,268,268,6.4685,1,1.7146,1,0.9991
"Sub087_ToD_Online","YA","Morning",1,"hammer1_tr.png",233,233,-0.180823043,-0.136259936,3.8029,146,-0.165589434,-0.154414645,"Bckg138.jpg",237,118,33,1,1,1,13,237,139,321,245,237,"hammer1_tr.png",1,227,227,3.7143,1,1.6821,1,1.0832
"Sub087_ToD_Online","YA","Morning",1,"handsoap1_tr.png",432,72,0.215333442,0.069966077,3.9809,146,0.201737224,0.10279025,"Bckg73.jpg",74,57,96,3,1,1,110,74,352,41,5,74,"handsoap1_tr.png",1,63,63,1.5874,1,1.4319,1,0.8506
"Sub087_ToD_Online","YA","Morning",1,"highheel1_tr.png",132,132,0.168259121,-0.151501193,2.6995,146,NA,NA,"Bckg57.jpg",128,77,86,3,1,1,95,128,108,34,194,128,"highheel1_tr.png",1,34,34,0.8654,1,1.3869,2,0.391
"Sub087_ToD_Online","YA","Morning",1,"hotdog1_tr.png",147,147,0.123314436,-0.18988758,3.8418,146,NA,NA,"Bckg126.jpg",152,42,117,3,1,1,81,152,327,275,320,152,"hotdog1_tr.png",1,275,275,0.8227,1,1.5556,2,0.751
"Sub087_ToD_Online","YA","Morning",1,"jackolantern1_tr.png",51,51,0.175957487,0.142487564,4.6064,146,0.183173567,0.133083386,"Bckg21.jpg",51,93,4,1,1,1,2,51,161,66,118,51,"jackolantern1_tr.png",1,54,54,2.5874,1,1.5329,1,0.5998
"Sub087_ToD_Online","YA","Morning",1,"jellybeans1_tr.png",239,239,-0.194075517,-0.116612335,3.9811,146,-0.206840377,-0.092091269,"Bckg46.jpg",235,49,90,3,1,1,112,235,347,110,157,235,"jellybeans1_tr.png",1,-114,246,4.519,1,2.4485,1,0.6561
"Sub087_ToD_Online","YA","Morning",1,"mouthwash1_tr.png",-11,349,-0.043202015,0.222255099,3.6335,146,NA,NA,"Bckg109.jpg",352,100,98,3,1,1,91,352,115,250,226,352,"mouthwash1_tr.png",1,250,250,1.0207,1,5.0709,2,0.6389
"Sub087_ToD_Online","YA","Morning",1,"paintpalette1_tr.png",253,253,-0.216521722,-0.066197334,2.581,146,-0.168259121,-0.151501193,"Bckg56.jpg",259,16,66,2,1,1,43,259,311,154,192,259,"paintpalette1_tr.png",1,228,228,4.246,1,1.4405,1,0.5705
"Sub087_ToD_Online","YA","Morning",1,"pan1_tr.png",137,137,0.154414645,-0.165589434,3.4301,146,0.183173567,-0.133083386,"Bckg58.jpg",133,116,34,1,1,1,23,133,89,30,229,133,"pan1_tr.png",1,126,126,3.6139,1,1.7,1,0.7506
"Sub087_ToD_Online","YA","Morning",1,"pin1_tr.png",318,318,-0.151501193,0.168259121,2.5336,146,-0.151501193,0.168259121,"Bckg59.jpg",300,82,120,3,1,1,119,300,260,88,40,300,"pin1_tr.png",1,-42,318,3.4475,1,1.2361,1,0.3748
"Sub087_ToD_Online","YA","Morning",1,"pizza1_tr.png",31,31,0.116612335,0.194075517,4.5658,146,NA,NA,"Bckg83.jpg",31,80,10,1,1,1,40,31,153,237,175,31,"pizza1_tr.png",1,237,237,1.7165,1,2.0382,2,0.403
"Sub087_ToD_Online","YA","Morning",1,"qtips1_tr.png",163,163,0.066197334,-0.216521722,4.4974,146,NA,NA,"Bckg129.jpg",171,92,22,1,1,1,20,171,235,155,124,171,"qtips1_tr.png",1,155,155,1.0399,1,2.0388,1,0.8689
"Sub087_ToD_Online","YA","Morning",1,"radish1_tr.png",215,215,-0.129866297,-0.185468294,1.7388,146,-0.151501193,-0.168259121,"Bckg112.jpg",221,14,104,3,1,1,103,221,203,64,59,221,"radish1_tr.png",1,-138,222,4.8366,1,1.2638,1,0.7231
"Sub087_ToD_Online","YA","Morning",1,"rubikscube1_tr.png",114,114,0.206840377,-0.092091269,3.9343,146,NA,NA,"Bckg122.jpg",113,105,84,3,1,1,96,113,4,222,200,113,"rubikscube1_tr.png",1,222,222,0.621,1,1.8655,1,1.3248
"Sub087_ToD_Online","YA","Morning",1,"silvertray1_tr.png",291,291,-0.211376594,0.081139872,3.1825,146,NA,NA,"Bckg64.jpg",288,6,116,3,1,1,100,288,241,343,248,288,"silvertray1_tr.png",1,343,343,0.713,1,2.0437,2,0.7509
"Sub087_ToD_Online","YA","Morning",1,"sippycup1_tr.png",118,118,0.199912562,-0.106295394,2.5472,146,0.216521722,-0.066197334,"Bckg105.jpg",107,106,106,3,1,1,111,107,24,15,204,107,"sippycup1_tr.png",1,107,107,3.8192,1,2.7636,1,1.7156
"Sub087_ToD_Online","YA","Morning",1,"skippingrope1_tr.png",59,59,0.194075517,0.116612335,2.0326,146,0.180823043,0.136259936,"Bckg7.jpg",60,45,61,2,1,1,63,60,87,213,277,60,"skippingrope1_tr.png",1,53,53,4.819,1,2.3156,1,1.6024
"Sub087_ToD_Online","YA","Morning",1,"slide1_tr.png",40,40,0.145536744,0.173443937,2.4492,146,0.165589434,-0.154414645,"Bckg94.jpg",44,44,21,1,1,1,33,44,4,217,28,44,"slide1_tr.png",1,133,133,4.4804,1,5.2937,2,1.4651
"Sub087_ToD_Online","YA","Morning",1,"soccerball1_tr.png",52,52,0.178417439,0.139394981,2.5152,146,0.019733366,0.225553403,"Bckg101.jpg",43,53,69,2,1,1,67,43,86,145,39,43,"soccerball1_tr.png",1,5,5,4.8555,1,10.9933,1,5.7532
"Sub087_ToD_Online","YA","Morning",1,"sunglasses1_tr.png",393,33,0.123314436,0.18988758,4.6129,146,0.175957487,0.142487564,"Bckg11.jpg",27,29,39,1,1,1,25,27,287,111,147,27,"sunglasses1_tr.png",1,51,51,3.7642,1,1.6989,2,0.9339
"Sub087_ToD_Online","YA","Morning",1,"tennisball1_tr.png",378,18,0.069966077,0.215333442,3.4821,146,0.054774741,0.219689487,"Bckg125.jpg",15,31,68,2,1,1,59,15,270,276,311,15,"tennisball1_tr.png",1,374,14,4.1015,1,2.5129,1,0.3528
"Sub087_ToD_Online","YA","Morning",1,"vegeplatter1_tr.png",236,236,-0.187706525,-0.12660965,4.1149,146,-0.165589434,-0.154414645,"Bckg70.jpg",246,30,60,2,1,1,71,246,122,321,75,246,"vegeplatter1_tr.png",1,227,227,11.7798,1,1.4991,1,2.1088
"Sub087_ToD_Online","YA","Morning",1,"wagon1_tr.png",87,87,NA,NA,0.8327,146,0.22641498,0,"Bckg47.jpg",95,38,51,2,1,1,75,95,87,36,143,95,"wagon1_tr.png",1,90,90,5.0463,1,1.2251,2,1.9545
"Sub087_ToD_Online","YA","Morning",1,"watch1_tr.png",113,113,0.208416088,-0.088467381,3.9204,146,NA,NA,"Bckg117.jpg",119,43,30,1,1,1,12,119,181,237,158,119,"watch1_tr.png",1,237,237,3.8371,1,1.8982,2,1.0009
"Sub087_ToD_Online","YA","Morning",1,"woodenbox1_tr.png",341,341,-0.073713507,0.214079569,3.656,146,NA,NA,"Bckg9.jpg",346,69,111,3,1,1,106,346,209,115,175,346,"woodenbox1_tr.png",1,115,115,0.8142,1,1.9981,2,0.9925
"Sub088_ToD_Online","YA","Morning",1,"apple1_tr.png",475,115,0.193691315,-0.090319743,3.6163,140,0.119507755,-0.177177533,"Bckg81.jpg",114,62,72,2,1,1,61,114,347,32,264,114,"apple1_tr.png",1,146,146,3.0875,1,1.3927,1,1.2174
"Sub088_ToD_Online","YA","Morning",1,"bagel1_tr.png",249,249,-0.199519879,-0.076588506,2.7139,140,-0.137373174,-0.163714974,"Bckg43.jpg",246,20,53,2,1,1,72,246,243,284,250,246,"bagel1_tr.png",1,220,220,3.2516,1,4.8688,1,0.7888
"Sub088_ToD_Online","YA","Morning",1,"bed1_tr.png",252,252,-0.203254777,-0.06604148,6.0557,140,-0.186919106,-0.103610952,"Bckg77.jpg",245,120,93,3,1,1,103,245,138,143,160,245,"bed1_tr.png",1,241,241,4.2701,1,1.0988,1,0.5833
"Sub088_ToD_Online","YA","Morning",1,"bell1_tr.png",349,349,-0.040778691,0.209788179,4.1508,140,-0.10685736,-0.185082377,"Bckg36.jpg",349,78,14,1,1,1,6,349,287,282,294,349,"bell1_tr.png",1,210,210,4.2571,1,1.6506,2,0.873
"Sub088_ToD_Online","YA","Morning",1,"bow1_tr.png",521,161,0.069578707,-0.202071238,5.9679,140,-0.103610952,0.186919106,"Bckg54.jpg",172,67,67,2,1,1,57,172,311,5,258,172,"bow1_tr.png",1,-29,331,4.9554,1,1.1303,2,0.774
"Sub088_ToD_Online","YA","Morning",1,"boxinggloves1_tr.png",277,277,-0.212121723,0.026045273,3.842,140,-0.209788179,0.040778691,"Bckg131.jpg",276,95,96,3,1,1,100,276,159,125,149,276,"boxinggloves1_tr.png",1,281,281,5.2017,1,2.8995,1,1.2365
"Sub088_ToD_Online","YA","Morning",1,"breakfast1_tr.png",308,308,-0.168409498,0.13157592,3.3332,140,-0.206432568,0.05531344,"Bckg89.jpg",300,3,26,1,1,1,34,300,348,149,173,300,"breakfast1_tr.png",1,285,285,5.5072,1,1.4308,1,0.7268
"Sub088_ToD_Online","YA","Morning",1,"cucumber1_tr.png",448,88,0.213584531,0.007458536,3.8819,140,0.205435774,0.05890776,"Bckg92.jpg",82,87,112,3,1,1,105,82,286,332,303,82,"cucumber1_tr.png",1,434,74,3.0869,1,3.2416,1,1.7986
"Sub088_ToD_Online","YA","Morning",1,"eggs1_tr.png",86,86,0.213194122,0.014907985,4.1765,140,0.213421831,0.011184964,"Bckg132.jpg",84,28,40,1,1,1,12,84,124,265,170,84,"eggs1_tr.png",1,447,87,5.2381,1,1.7297,1,1.0545
"Sub088_ToD_Online","YA","Morning",1,"fantacan1_tr.png",-2,358,-0.007458536,0.213584531,3.926,140,0.022339271,-0.212543968,"Bckg86.jpg",126,84,13,1,1,1,37,126,32,278,53,126,"fantacan1_tr.png",1,174,174,4.3818,1,1.7562,1,0.7847
"Sub088_ToD_Online","YA","Morning",1,"grater1_tr.png",241,241,-0.186919106,-0.103610952,1.9691,140,-0.151119128,-0.151119128,"Bckg118.jpg",227,108,116,3,1,1,115,227,183,311,225,227,"grater1_tr.png",1,225,225,3.6369,1,1.1148,1,0.5839
"Sub088_ToD_Online","YA","Morning",1,"handsoap1_tr.png",448,88,0.213584531,0.007458536,2.4361,140,-0.110071218,0.18318927,"Bckg73.jpg",74,57,100,3,1,1,119,74,352,41,5,74,"handsoap1_tr.png",1,-31,329,2.8158,1,1.642,2,0.5267
"Sub088_ToD_Online","YA","Morning",1,"hat1_tr.png",243,243,-0.19042121,-0.097024453,2.5732,140,-0.158820988,-0.14300306,"Bckg133.jpg",235,68,87,3,1,1,86,235,251,330,13,235,"hat1_tr.png",1,228,228,3.2491,1,2.1697,1,1.5436
"Sub088_ToD_Online","YA","Morning",1,"iceskates1_tr.png",194,194,-0.05170227,-0.207366479,3.3551,140,0.069578707,-0.202071238,"Bckg27.jpg",186,64,76,2,1,1,79,186,280,131,293,186,"iceskates1_tr.png",1,161,161,2.0188,1,3.0279,1,0.6386
"Sub088_ToD_Online","YA","Morning",1,"jackolantern1_tr.png",57,57,0.179236246,0.116397379,3.5174,140,0.168409498,0.13157592,"Bckg21.jpg",51,93,95,3,1,1,92,51,161,66,118,51,"jackolantern1_tr.png",1,52,52,3.6993,1,1.5124,1,1.7932
"Sub088_ToD_Online","YA","Morning",1,"lipstick1_tr.png",490,130,0.163714974,-0.137373174,8.1673,140,0.122581727,-0.17506485,"Bckg22.jpg",106,22,74,2,1,1,68,106,284,129,228,106,"lipstick1_tr.png",1,145,145,4.0669,1,1.415,1,0.9413
"Sub088_ToD_Online","YA","Morning",1,"motorcycle1_tr.png",258,258,-0.209044541,-0.044433789,3.4959,140,0.116397379,-0.179236246,"Bckg100.jpg",260,4,86,3,1,1,117,260,342,17,98,260,"motorcycle1_tr.png",1,147,147,3.555,1,1.0689,2,0.5533
"Sub088_ToD_Online","YA","Morning",1,"mouthwash1_tr.png",-17,343,-0.062484137,0.204376403,4.3435,140,-0.119507755,0.177177533,"Bckg109.jpg",352,100,20,1,1,1,35,352,115,250,226,352,"mouthwash1_tr.png",1,326,326,4.1833,1,1.7004,2,1.3223
"Sub088_ToD_Online","YA","Morning",1,"paintpalette1_tr.png",239,239,-0.18318927,-0.110071218,3.0561,140,-0.188698898,0.100332984,"Bckg56.jpg",259,16,113,3,1,1,107,259,311,154,192,259,"paintpalette1_tr.png",1,298,298,4.1499,1,1.2347,1,5.4184
"Sub088_ToD_Online","YA","Morning",1,"popcorn1_tr.png",133,133,0.156301052,-0.145753089,3.5165,140,0.185082377,-0.10685736,"Bckg76.jpg",144,15,22,1,1,1,31,144,211,30,310,144,"popcorn1_tr.png",1,120,120,4.031,1,1.5968,2,1.9837
"Sub088_ToD_Online","YA","Morning",1,"radish1_tr.png",229,229,-0.161292547,-0.140209472,3.6822,140,-0.119507755,-0.177177533,"Bckg112.jpg",221,14,50,2,1,1,80,221,203,64,59,221,"radish1_tr.png",1,214,214,4.6318,1,1.8319,1,0.5881
"Sub088_ToD_Online","YA","Morning",1,"ricecooker1_tr.png",372,12,0.044433789,0.209044541,4.7825,140,-0.069578707,-0.202071238,"Bckg102.jpg",14,19,91,3,1,1,97,14,178,267,92,14,"ricecooker1_tr.png",1,199,199,2.5889,1,0.9681,2,1.3188
"Sub088_ToD_Online","YA","Morning",1,"skippingrope1_tr.png",69,69,0.199519879,0.076588506,3.4843,140,0.199519879,0.076588506,"Bckg7.jpg",60,45,90,3,1,1,88,60,87,213,277,60,"skippingrope1_tr.png",1,429,69,5.2381,1,1.2778,1,0.8508
"Sub088_ToD_Online","YA","Morning",1,"starfish1_tr.png",55,55,0.17506485,0.122581727,4.3722,140,0.134495031,-0.166087532,"Bckg106.jpg",77,54,83,3,1,1,110,77,197,61,78,77,"starfish1_tr.png",1,141,141,2.7881,1,2.0854,2,0.4304
"Sub088_ToD_Online","YA","Morning",1,"tissuebox1_tr.png",-15,345,-0.05531344,0.206432568,6.1687,140,0.05890776,-0.205435774,"Bckg98.jpg",1,12,8,1,1,1,29,1,95,272,311,1,"tissuebox1_tr.png",1,164,164,3.6695,1,1.9483,2,1.1231
"Sub088_ToD_Online","YA","Morning",1,"toaster1_tr.png",487,127,0.170680164,-0.128616729,36.9503,140,0.040778691,0.209788179,"Bckg104.jpg",358,119,7,1,1,1,16,358,291,211,356,358,"toaster1_tr.png",1,371,11,5.8838,1,1.8406,1,1.2432
"Sub088_ToD_Online","YA","Morning",1,"toothpaste1_tr.png",254,254,-0.205435774,-0.05890776,4.4667,140,-0.212121723,-0.026045273,"Bckg38.jpg",259,1,62,2,1,1,75,259,232,85,230,259,"toothpaste1_tr.png",1,-97,263,5.6657,1,1.139,1,1.1692
"Sub088_ToD_Online","YA","Morning",1,"towels1_tr.png",198,198,-0.06604148,-0.203254777,2.6329,140,0.062484137,-0.204376403,"Bckg115.jpg",193,37,73,2,1,1,73,193,106,21,53,193,"towels1_tr.png",1,163,163,4.1867,1,1.9157,2,1.7105
"Sub088_ToD_Online","YA","Morning",1,"trophy1_tr.png",74,74,0.205435774,0.05890776,4.5895,140,-0.086925608,-0.195238112,"Bckg68.jpg",75,99,28,1,1,1,17,75,66,178,228,75,"trophy1_tr.png",1,204,204,4.7366,1,1.7633,2,1.9674
"Sub088_ToD_Online","YA","Morning",1,"vegeplatter1_tr.png",266,266,-0.213194122,-0.014907985,3.3986,140,-0.103610952,-0.186919106,"Bckg70.jpg",246,30,48,2,1,1,47,246,122,321,75,246,"vegeplatter1_tr.png",1,209,209,3.9034,1,2.48,2,0.633
"Sub088_ToD_Online","YA","Morning",1,"watch1_tr.png",151,151,0.103610952,-0.186919106,17.934,140,0.110071218,-0.18318927,"Bckg117.jpg",119,43,107,3,1,1,91,119,181,237,158,119,"watch1_tr.png",1,149,149,3.4827,1,1.1619,1,1.4689
"Sub088_ToD_Online","YA","Morning",1,"wheelchair1_tr.png",178,178,0.007458536,-0.213584531,4.0219,140,0.044433789,-0.209044541,"Bckg80.jpg",171,52,2,1,1,1,39,171,180,294,263,171,"wheelchair1_tr.png",1,168,168,6.1316,1,2.2313,1,1.2504
"Sub089_ToD_Online","YA","Morning",1,"apple1_tr.png",471,111,0.211785446,-0.081296816,6.0862,56,0.218065023,0.062529139,"Bckg81.jpg",114,62,69,2,1,1,70,114,347,32,264,114,"apple1_tr.png",1,74,74,3.3336,1,0.9671,2,0.301
"Sub089_ToD_Online","YA","Morning",1,"bagel1_tr.png",245,245,-0.205598568,-0.095872187,3.4585,56,-0.226714727,0.007917053,"Bckg43.jpg",246,20,30,1,1,1,29,246,243,284,250,246,"bagel1_tr.png",1,272,272,4.1354,1,1.396,1,0.9176
"Sub089_ToD_Online","YA","Morning",1,"bandaid1_tr.png",249,249,-0.211785446,-0.081296816,5.9344,56,-0.190254867,-0.123552955,"Bckg45.jpg",246,107,56,2,1,1,42,246,143,243,11,246,"bandaid1_tr.png",1,237,237,3.0503,1,0.9004,1,0.3617
"Sub089_ToD_Online","YA","Morning",1,"bathroomscale1_tr.png",227,227,-0.165909723,-0.154713319,2.5986,56,-0.160409238,-0.160409238,"Bckg17.jpg",226,17,41,2,1,1,78,226,235,285,318,226,"bathroomscale1_tr.png",1,225,225,2.351,1,1.1011,1,0.3341
"Sub089_ToD_Online","YA","Morning",1,"bbqmachine1_tr.png",203,203,-0.088638497,-0.208819214,4.4848,56,-0.062529139,-0.218065023,"Bckg48.jpg",172,40,77,2,1,1,55,172,331,332,338,172,"bbqmachine1_tr.png",1,196,196,5.4819,1,3.1601,2,1.5675
"Sub089_ToD_Online","YA","Morning",1,"bed1_tr.png",242,242,-0.20029924,-0.106500995,5.1507,56,-0.216940526,-0.066325375,"Bckg77.jpg",245,120,109,3,1,1,108,245,138,143,160,245,"bed1_tr.png",1,253,253,3.6244,1,0.7146,1,0.435
"Sub089_ToD_Online","YA","Morning",1,"bow1_tr.png",173,173,0.027646416,-0.225161993,3.6172,56,0.027646416,-0.225161993,"Bckg54.jpg",172,67,87,3,1,1,120,172,311,5,258,172,"bow1_tr.png",1,173,173,6.5492,1,0.8944,1,0.3999
"Sub089_ToD_Online","YA","Morning",1,"bowls1_tr.png",70,70,0.213172015,0.077588268,5.8384,56,0.219123094,0.058713856,"Bckg103.jpg",76,79,26,1,1,1,39,76,238,207,139,76,"bowls1_tr.png",1,75,75,7.0588,1,1.5623,1,0.3524
"Sub089_ToD_Online","YA","Morning",1,"breakfast1_tr.png",306,306,-0.183527868,0.133340801,2.5845,56,-0.066325375,-0.216940526,"Bckg89.jpg",300,3,115,3,1,1,90,300,348,149,173,300,"breakfast1_tr.png",1,197,197,2.6489,1,1.7831,2,0.3169
"Sub089_ToD_Online","YA","Morning",1,"cabinet1_tr.png",351,351,-0.035487615,0.224059984,2.885,56,-0.023712587,0.225610196,"Bckg13.jpg",355,110,10,1,1,1,19,355,291,250,164,355,"cabinet1_tr.png",1,354,354,6.3598,1,1.0157,1,0.4811
"Sub089_ToD_Online","YA","Morning",1,"coat1_tr.png",459,99,0.224059984,-0.035487615,6.8842,56,0.190254867,-0.123552955,"Bckg108.jpg",94,102,33,1,1,1,25,94,309,13,198,94,"coat1_tr.png",1,123,123,4.8267,1,1.0302,1,0.6848
"Sub089_ToD_Online","YA","Morning",1,"coke1_tr.png",-35,325,-0.130117489,0.185827033,4.0172,56,-0.148828906,0.171208072,"Bckg78.jpg",322,74,116,3,1,1,113,322,31,323,307,322,"coke1_tr.png",1,319,319,2.5676,1,0.9168,1,0.4853
"Sub089_ToD_Online","YA","Morning",1,"eggs1_tr.png",86,86,0.226300318,0.01582446,3.2679,56,-0.226818369,0.003959129,"Bckg132.jpg",84,28,59,2,1,1,51,84,124,265,170,84,"eggs1_tr.png",1,271,271,6.3007,1,2.0118,2,1.067
"Sub089_ToD_Online","YA","Morning",1,"fantacan1_tr.png",134,134,0.163184334,-0.15758528,4.4392,56,0.15758528,-0.163184334,"Bckg86.jpg",126,84,40,1,1,1,9,126,32,278,53,126,"fantacan1_tr.png",1,136,136,5.2986,1,0.9081,1,0.5083
"Sub089_ToD_Online","YA","Morning",1,"grater1_tr.png",373,13,0.051030804,0.221038694,5.6007,56,-0.081296816,-0.211785446,"Bckg118.jpg",227,108,66,2,1,1,45,227,183,311,225,227,"grater1_tr.png",1,201,201,3.5487,1,2.1372,2,0.3504
"Sub089_ToD_Online","YA","Morning",1,"handbag1_tr.png",419,59,0.194450905,0.116837891,4.702,56,0.203894054,0.099445775,"Bckg97.jpg",66,94,48,2,1,1,77,66,275,244,269,66,"handbag1_tr.png",1,424,64,5.5985,1,0.8914,1,0.434
"Sub089_ToD_Online","YA","Morning",1,"hat1_tr.png",231,231,-0.176297831,-0.142763168,2.65,56,-0.099445775,-0.203894054,"Bckg133.jpg",235,68,18,1,1,1,21,235,251,330,13,235,"hat1_tr.png",1,206,206,3.6342,1,0.8614,1,0.5247
"Sub089_ToD_Online","YA","Morning",1,"highheel1_tr.png",124,124,0.188069594,-0.126854543,1.9997,56,0.210334365,-0.0849806,"Bckg57.jpg",128,77,90,3,1,1,105,128,108,34,194,128,"highheel1_tr.png",1,112,112,2.9847,1,0.754,1,0.5095
"Sub089_ToD_Online","YA","Morning",1,"jellybeans1_tr.png",237,237,-0.190254867,-0.123552955,5.8181,56,-0.054880688,-0.220114419,"Bckg46.jpg",235,49,101,3,1,1,96,235,347,110,157,235,"jellybeans1_tr.png",1,194,194,3.5356,1,1.0008,2,1.4111
"Sub089_ToD_Online","YA","Morning",1,"kite1_tr.png",181,181,-0.003959129,-0.226818369,5.2552,56,-0.003959129,-0.226818369,"Bckg128.jpg",181,115,17,1,1,1,13,181,59,221,177,181,"kite1_tr.png",1,181,181,4.3509,1,0.9386,1,0.3019
"Sub089_ToD_Online","YA","Morning",1,"lei1_tr.png",46,46,0.163184334,0.15758528,3.9277,56,0.163184334,0.15758528,"Bckg119.jpg",49,5,75,2,1,1,56,49,174,32,226,49,"lei1_tr.png",1,46,46,2.5469,1,0.9831,1,0.3343
"Sub089_ToD_Online","YA","Morning",1,"loaf1_tr.png",465,105,0.219123094,-0.058713856,6.7521,56,0.220114419,-0.054880688,"Bckg90.jpg",101,25,89,3,1,1,118,101,357,138,325,101,"loaf1_tr.png",1,104,104,2.9839,1,1.5835,1,0.4009
"Sub089_ToD_Online","YA","Morning",1,"motorcycle1_tr.png",236,236,-0.188069594,-0.126854543,4.9006,56,-0.226542026,-0.011872564,"Bckg100.jpg",260,4,107,3,1,1,110,260,342,17,98,260,"motorcycle1_tr.png",1,-93,267,3.3488,1,1.167,1,0.4836
"Sub089_ToD_Online","YA","Morning",1,"mouthwash1_tr.png",-15,345,-0.058713856,0.219123094,4.4926,56,-0.047165374,0.221895639,"Bckg109.jpg",352,100,118,3,1,1,92,352,115,250,226,352,"mouthwash1_tr.png",1,348,348,5.4354,1,0.8671,1,0.4008
"Sub089_ToD_Online","YA","Morning",1,"nailpolish1_tr.png",298,298,-0.20029924,0.106500995,4.5427,56,-0.183527868,0.133340801,"Bckg84.jpg",301,32,85,3,1,1,81,301,148,320,226,301,"nailpolish1_tr.png",1,306,306,3.2878,1,0.9852,1,0.4005
"Sub089_ToD_Online","YA","Morning",1,"oven1_tr.png",473,113,0.208819214,-0.088638497,4.6011,56,0.194450905,-0.116837891,"Bckg55.jpg",111,9,81,3,1,1,82,111,305,27,70,111,"oven1_tr.png",1,121,121,3.6671,1,1.1717,1,0.4342
"Sub089_ToD_Online","YA","Morning",1,"paintpalette1_tr.png",255,255,-0.219123094,-0.058713856,5.2234,56,-0.223406514,-0.039392596,"Bckg56.jpg",259,16,108,3,1,1,85,259,311,154,192,259,"paintpalette1_tr.png",1,260,260,4.1669,1,0.8513,1,0.4366
"Sub089_ToD_Online","YA","Morning",1,"pan1_tr.png",131,131,0.171208072,-0.148828906,2.119,56,0.221895639,-0.047165374,"Bckg58.jpg",133,116,57,2,1,1,52,133,89,30,229,133,"pan1_tr.png",1,102,102,6.1174,1,1.6878,1,0.7341
"Sub089_ToD_Online","YA","Morning",1,"penguin1_tr.png",433,73,0.216940526,0.066325375,6.1502,56,0.215749948,0.070101408,"Bckg114.jpg",71,7,9,1,1,1,7,71,333,350,66,71,"penguin1_tr.png",1,432,72,3.5181,1,1.0841,1,0.6686
"Sub089_ToD_Online","YA","Morning",1,"pokerchips1_tr.png",15,15,0.058713856,0.219123094,4.894,56,0.066325375,0.216940526,"Bckg127.jpg",11,88,74,2,1,1,69,11,51,229,63,11,"pokerchips1_tr.png",1,377,17,6.9988,1,1.1001,1,0.3001
"Sub089_ToD_Online","YA","Morning",1,"potatochips1_tr.png",18,18,0.070101408,0.215749948,6.2013,56,0.047165374,0.221895639,"Bckg124.jpg",13,81,22,1,1,1,24,13,164,112,355,13,"potatochips1_tr.png",1,12,12,4.0177,1,0.9838,1,1.5997
"Sub089_ToD_Online","YA","Morning",1,"present1_tr.png",191,191,-0.043285578,-0.222684993,5.3511,56,-0.047165374,-0.221895639,"Bckg121.jpg",184,46,80,2,1,1,63,184,45,118,188,184,"present1_tr.png",1,192,192,5.0144,1,0.9552,1,0.4184
"Sub089_ToD_Online","YA","Morning",1,"qtips1_tr.png",167,167,0.051030804,-0.221038694,4.4823,56,0.035487615,-0.224059984,"Bckg129.jpg",171,92,96,3,1,1,111,171,235,155,124,171,"qtips1_tr.png",1,171,171,3.8338,1,1.1843,1,0.5006
"Sub089_ToD_Online","YA","Morning",1,"scrabble1_tr.png",20,20,0.077588268,0.213172015,5.9479,56,0.039392596,0.223406514,"Bckg91.jpg",15,39,67,2,1,1,79,15,152,156,110,15,"scrabble1_tr.png",1,10,10,4.8178,1,0.9368,1,0.4007
"Sub089_ToD_Online","YA","Morning",1,"seashell1_tr.png",210,210,-0.11342646,-0.196460392,2.9342,56,-0.062529139,-0.218065023,"Bckg8.jpg",205,13,94,3,1,1,115,205,224,134,59,205,"seashell1_tr.png",1,196,196,4.3552,1,0.8342,1,0.4337
"Sub089_ToD_Online","YA","Morning",1,"sippycup1_tr.png",114,114,0.207240455,-0.092269395,4.8383,56,0.224059984,-0.035487615,"Bckg105.jpg",107,106,53,2,1,1,48,107,24,15,204,107,"sippycup1_tr.png",1,99,99,6.0656,1,1.1932,1,0.4177
"Sub089_ToD_Online","YA","Morning",1,"skippingrope1_tr.png",67,67,0.208819214,0.088638497,2.0655,56,0.198410034,0.109980478,"Bckg7.jpg",60,45,64,2,1,1,57,60,87,213,277,60,"skippingrope1_tr.png",1,421,61,6.5174,1,1.4836,1,0.5676
"Sub089_ToD_Online","YA","Morning",1,"starfish1_tr.png",79,79,0.222684993,0.043285578,4.0955,56,0.194450905,-0.116837891,"Bckg106.jpg",77,54,43,2,1,1,66,77,197,61,78,77,"starfish1_tr.png",1,121,121,6.8691,1,1.0838,2,0.3169
"Sub089_ToD_Online","YA","Morning",1,"steeringwheel1_tr.png",228,228,-0.168584574,-0.151794232,4.729,56,-0.165909723,-0.154713319,"Bckg62.jpg",229,90,71,2,1,1,49,229,132,225,181,229,"steeringwheel1_tr.png",1,227,227,4.019,1,1.1152,1,0.5834
"Sub089_ToD_Online","YA","Morning",1,"streamer1_tr.png",-27,333,-0.102989071,0.202127432,4.6016,56,-0.106500995,0.20029924,"Bckg4.jpg",338,35,19,1,1,1,22,338,69,290,195,338,"streamer1_tr.png",1,332,332,2.8845,1,1.3014,1,0.5102
"Sub089_ToD_Online","YA","Morning",1,"sunglasses1_tr.png",387,27,0.102989071,0.202127432,3.7833,56,-0.058713856,-0.219123094,"Bckg11.jpg",27,29,16,1,1,1,17,27,287,111,147,27,"sunglasses1_tr.png",1,195,195,4.7668,1,1.9841,2,0.705
"Sub089_ToD_Online","YA","Morning",1,"tennisball1_tr.png",380,20,0.077588268,0.213172015,6.0622,56,0.070101408,0.215749948,"Bckg125.jpg",15,31,13,1,1,1,40,15,270,276,311,15,"tennisball1_tr.png",1,378,18,6.7451,1,1.1517,1,0.5845
"Sub089_ToD_Online","YA","Morning",1,"tissuebox1_tr.png",3,3,0.011872564,0.226542026,3.7577,56,-0.031571824,0.224645203,"Bckg98.jpg",1,12,61,2,1,1,43,1,95,272,311,1,"tissuebox1_tr.png",1,352,352,3.874,1,0.9484,1,0.4678
"Sub089_ToD_Online","YA","Morning",1,"toaster1_tr.png",355,355,-0.019771535,0.225989676,4.8431,56,-0.027646416,0.225161993,"Bckg104.jpg",358,119,4,1,1,1,11,358,291,211,356,358,"toaster1_tr.png",1,353,353,4.2015,1,1.1849,1,0.5345
"Sub089_ToD_Online","YA","Morning",1,"tractor1_tr.png",252,252,-0.215749948,-0.070101408,5.9941,56,-0.139664603,-0.17876254,"Bckg63.jpg",316,86,79,2,1,1,60,316,132,20,87,316,"tractor1_tr.png",1,-142,218,9.1353,1,1.2669,2,0.6686
"Sub089_ToD_Online","YA","Morning",1,"trophy1_tr.png",76,76,0.220114419,0.054880688,2.2663,56,0.223406514,0.039392596,"Bckg68.jpg",75,99,106,3,1,1,84,75,66,178,228,75,"trophy1_tr.png",1,80,80,4.8171,1,1.2342,2,0.5339
"Sub089_ToD_Online","YA","Morning",1,"washingmachine1_tr.png",326,326,-0.126854543,0.188069594,4.0504,56,-0.130117489,0.185827033,"Bckg85.jpg",341,34,42,2,1,1,73,341,282,53,158,341,"washingmachine1_tr.png",1,-35,325,2.847,1,1.155,1,0.518
"Sub089_ToD_Online","YA","Morning",1,"watch1_tr.png",119,119,0.198410034,-0.109980478,5.5217,56,-0.202127432,-0.102989071,"Bckg117.jpg",119,43,52,2,1,1,72,119,181,237,158,119,"watch1_tr.png",1,243,243,3.4717,1,1.7322,1,0.3673
"Sub089_ToD_Online","YA","Morning",1,"waterfilter1_tr.png",118,118,0.20029924,-0.106500995,7.4502,56,0.192382187,-0.120213732,"Bckg123.jpg",115,56,31,1,1,1,1,115,280,232,286,115,"waterfilter1_tr.png",1,122,122,5.0479,1,1.2303,1,2.1331
"Sub089_ToD_Online","YA","Morning",1,"wisk1_tr.png",316,316,-0.15758528,0.163184334,7.0417,56,-0.148828906,0.171208072,"Bckg95.jpg",315,23,6,1,1,1,5,315,150,163,135,315,"wisk1_tr.png",1,319,319,5.5393,1,1.0848,1,0.4516
"Sub089_ToD_Online","YA","Morning",1,"wreath1_tr.png",231,231,-0.176297831,-0.142763168,3.6331,56,-0.154713319,-0.165909723,"Bckg71.jpg",229,98,93,3,1,1,98,229,357,97,101,229,"wreath1_tr.png",1,-137,223,7.0966,1,1.1533,1,0.6011
"Sub090_ToD_Online","OA","Morning",1,"airfreshener1_tr.png",-2,358,-0.007947621,0.227590074,8.4141,53,-0.003974416,0.227694116,"Bckg42.jpg",2,91,46,2,1,1,76,2,156,345,88,2,"airfreshener1_tr.png",1,359,359,7.41,1,2.7463,1,2.4175
"Sub090_ToD_Online","OA","Morning",1,"bandaid1_tr.png",237,237,-0.190989442,-0.124029994,5.537,53,NA,NA,"Bckg45.jpg",246,107,73,2,1,1,68,246,143,243,11,246,"bandaid1_tr.png",1,243,243,1.9867,1,1.7124,2,2.0878
"Sub090_ToD_Online","OA","Morning",1,"bbqmachine1_tr.png",529,169,0.043452704,-0.223544781,7.6795,53,0.226481278,-0.023804142,"Bckg48.jpg",172,40,72,2,1,1,66,172,331,332,338,172,"bbqmachine1_tr.png",1,456,96,6.2448,1,2.1175,2,2.5157
"Sub090_ToD_Online","OA","Morning",1,"bell1_tr.png",341,341,-0.074141245,0.215321811,5.2142,53,-0.216582959,-0.070372069,"Bckg36.jpg",349,78,67,2,1,1,42,349,287,282,294,349,"bell1_tr.png",1,252,252,5.7072,1,3.5125,2,2.1077
"Sub090_ToD_Online","OA","Morning",1,"bird1_tr.png",50,50,0.174450382,0.146381251,4.6232,53,0.171869107,0.149403535,"Bckg2.jpg",39,72,22,1,1,1,20,39,118,137,33,39,"bird1_tr.png",1,49,49,5.8996,1,1.7596,2,2.2541
"Sub090_ToD_Online","OA","Morning",1,"boxinggloves1_tr.png",273,273,-0.227416706,0.011918405,5.6489,53,0.019847873,0.226862223,"Bckg131.jpg",276,95,59,2,1,1,72,276,159,125,149,276,"boxinggloves1_tr.png",1,5,5,8.8683,1,2.4987,2,2.1968
"Sub090_ToD_Online","OA","Morning",1,"clock1_tr.png",134,134,0.16381439,-0.158193717,5.2322,53,0.103386712,-0.202907847,"Bckg137.jpg",133,76,30,1,1,1,24,133,128,1,280,133,"clock1_tr.png",1,153,153,9.1338,1,4.1844,2,2.5662
"Sub090_ToD_Online","OA","Morning",1,"fireextinguisher1_tr.png",306,306,-0.184236469,0.13385563,6.0893,53,NA,NA,"Bckg88.jpg",294,85,82,3,1,1,110,294,212,94,215,294,"fireextinguisher1_tr.png",1,94,94,1.7445,1,3.1188,2,1.6105
"Sub090_ToD_Online","OA","Morning",1,"hairdryer1_tr.png",52,52,NA,NA,1.2078,53,NA,NA,"Bckg79.jpg",63,73,110,3,1,1,107,63,52,27,90,63,"hairdryer1_tr.png",1,27,27,2.4946,1,1.9456,2,1.8785
"Sub090_ToD_Online","OA","Morning",1,"hammer1_tr.png",231,231,-0.176978517,-0.143314377,5.0632,53,-0.226862223,-0.019847873,"Bckg138.jpg",237,118,43,2,1,1,59,237,139,321,245,237,"hammer1_tr.png",1,265,265,5.3189,1,2.112,2,2.0269
"Sub090_ToD_Online","OA","Morning",1,"kite1_tr.png",179,179,0.003974416,-0.227694116,5.9056,53,-0.227416706,-0.011918405,"Bckg128.jpg",181,115,14,1,1,1,26,181,59,221,177,181,"kite1_tr.png",1,267,267,6.6269,1,3.4802,2,4.1813
"Sub090_ToD_Online","OA","Morning",1,"mouthwash1_tr.png",-9,351,-0.035624633,0.224925081,6.4006,53,-0.062770564,0.218906973,"Bckg109.jpg",352,100,7,1,1,1,6,352,115,250,226,352,"mouthwash1_tr.png",1,344,344,7.343,1,2.3292,1,2.3814
"Sub090_ToD_Online","OA","Morning",1,"pickle1_tr.png",149,149,0.117289003,-0.195201681,4.7114,53,NA,NA,"Bckg66.jpg",150,83,12,1,1,1,23,150,65,78,256,150,"pickle1_tr.png",1,78,78,11.5031,1,2.0276,2,4.3633
"Sub090_ToD_Online","OA","Morning",1,"pin1_tr.png",302,302,-0.193124975,0.120677878,5.3165,53,-0.179452743,-0.140203849,"Bckg59.jpg",300,82,100,3,1,1,98,300,260,88,40,300,"pin1_tr.png",1,232,232,7.2759,1,2.2137,2,2.1976
"Sub090_ToD_Online","OA","Morning",1,"pizza1_tr.png",59,59,0.195201681,0.117289003,6.4835,53,NA,NA,"Bckg83.jpg",31,80,117,3,1,1,116,31,153,237,175,31,"pizza1_tr.png",1,237,237,1.8777,1,1.7108,2,1.9162
"Sub090_ToD_Online","OA","Morning",1,"rubikscube1_tr.png",136,136,0.158193717,-0.16381439,7.0361,53,0.227174064,0.015885558,"Bckg122.jpg",113,105,2,1,1,1,1,113,4,222,200,113,"rubikscube1_tr.png",1,86,86,5.7675,1,2.3872,1,2.3145
"Sub090_ToD_Online","OA","Morning",1,"silvertray1_tr.png",295,295,-0.206392385,0.09624235,7.6277,53,-0.181872306,0.137050613,"Bckg64.jpg",288,6,96,3,1,1,108,288,241,343,248,288,"silvertray1_tr.png",1,307,307,3.8564,1,2.1464,2,1.4583
"Sub090_ToD_Online","OA","Morning",1,"steeringwheel1_tr.png",224,224,-0.158193717,-0.16381439,5.1532,53,NA,NA,"Bckg62.jpg",229,90,107,3,1,1,104,229,132,225,181,229,"steeringwheel1_tr.png",1,225,225,1.7946,1,1.5898,1,2.5497
"Sub090_ToD_Online","OA","Morning",1,"telephonebooth1_tr.png",202,202,-0.08530871,-0.211146467,7.0117,53,-0.176978517,-0.143314377,"Bckg107.jpg",214,63,119,3,1,1,92,214,64,281,300,214,"telephonebooth1_tr.png",1,231,231,4.5032,1,3.462,2,1.9906
"Sub090_ToD_Online","OA","Morning",1,"tissuebox1_tr.png",-3,357,-0.011918405,0.227416706,6.5966,53,-0.169235479,0.15238031,"Bckg98.jpg",1,12,10,1,1,1,39,1,95,272,311,1,"tissuebox1_tr.png",1,312,312,4.925,1,3.6215,2,1.9347
"Sub090_ToD_Online","OA","Morning",1,"towels1_tr.png",194,194,-0.055092583,-0.220964281,6.4046,53,NA,NA,"Bckg115.jpg",193,37,120,3,1,1,118,193,106,21,53,193,"towels1_tr.png",1,21,21,1.9153,1,1.7275,2,1.3947
"Sub090_ToD_Online","OA","Morning",1,"trophy1_tr.png",66,66,NA,NA,2.5237,53,-0.184236469,-0.13385563,"Bckg68.jpg",75,99,13,1,1,1,10,75,66,178,228,75,"trophy1_tr.png",1,234,234,4.6065,1,2.2677,2,2.0132
"Sub090_ToD_Online","OA","Morning",1,"turtle1_tr.png",215,215,-0.130619874,-0.186544512,4.3914,53,-0.13385563,-0.184236469,"Bckg44.jpg",223,61,11,1,1,1,38,223,185,158,305,223,"turtle1_tr.png",1,216,216,4.6013,1,3.3463,1,5.2506
"Sub090_ToD_Online","OA","Morning",1,"valentinesdaycard1_tr.png",320,320,-0.146381251,0.174450382,7.041,53,-0.074141245,0.215321811,"Bckg111.jpg",338,26,28,1,1,1,34,338,234,203,108,338,"valentinesdaycard1_tr.png",1,341,341,7.3095,1,3.8775,2,3.8063
"Sub091_ToD_Online","OA","Morning",1,"airfreshener1_tr.png",360,0,-4.43672e-17,0.24152391,15.2322,296,0.004215173,0.241487125,"Bckg42.jpg",2,91,13,1,1,1,1,2,156,345,88,2,"airfreshener1_tr.png",1,361,1,5.0029,1,2.7629,1,3.4399
"Sub091_ToD_Online","OA","Morning",1,"asparagus1_tr.png",260,260,-0.237854619,-0.041940187,6.1986,296,-0.145352717,-0.192889571,"Bckg134.jpg",263,47,14,1,1,1,25,263,290,137,190,263,"asparagus1_tr.png",1,217,217,7.5,1,2.9951,2,2.5536
"Sub091_ToD_Online","OA","Morning",1,"bagel1_tr.png",243,243,NA,NA,1.775,296,NA,NA,"Bckg43.jpg",246,20,68,2,1,1,54,246,243,284,250,246,"bagel1_tr.png",1,284,284,2.6391,1,3.526,2,1.8909
"Sub091_ToD_Online","OA","Morning",1,"banana1_tr.png",395,35,0.138532424,0.197844805,10.8718,296,-0.148696967,0.190323438,"Bckg93.jpg",44,114,11,1,1,1,4,44,233,78,338,44,"banana1_tr.png",1,-38,322,11.1872,1,2.666,2,3.805
"Sub091_ToD_Online","OA","Morning",1,"bandaid1_tr.png",233,233,-0.192889571,-0.145352717,6.8892,296,-0.138532424,-0.197844805,"Bckg45.jpg",246,107,46,2,1,1,66,246,143,243,11,246,"bandaid1_tr.png",1,215,215,6.0766,1,2.7946,1,1.7938
"Sub091_ToD_Online","OA","Morning",1,"bbqmachine1_tr.png",151,151,0.117093115,-0.211241571,10.7769,296,0.050215645,-0.236246033,"Bckg48.jpg",172,40,93,3,1,1,88,172,331,332,338,172,"bbqmachine1_tr.png",1,168,168,9.7825,1,2.7975,1,2.4842
"Sub091_ToD_Online","OA","Morning",1,"bed1_tr.png",216,216,-0.141964192,-0.195396948,8.9357,296,-0.158453942,-0.182280409,"Bckg77.jpg",245,120,70,2,1,1,41,245,138,143,160,245,"bed1_tr.png",1,221,221,10.6358,1,2.6726,1,2.2819
"Sub091_ToD_Online","OA","Morning",1,"bird1_tr.png",42,42,0.16161104,0.179487244,6.368,296,0.241487125,0.004215173,"Bckg2.jpg",39,72,107,3,1,1,83,39,118,137,33,39,"bird1_tr.png",1,89,89,6.8303,1,2.5506,1,1.8404
"Sub091_ToD_Online","OA","Morning",1,"bottleofwine1_tr.png",135,135,0.170783195,-0.170783195,7.1074,296,0.222323931,-0.09437091,"Bckg29.jpg",126,71,30,1,1,1,3,126,55,131,270,126,"bottleofwine1_tr.png",1,113,113,8.6988,1,3.3021,1,5.5028
"Sub091_ToD_Online","OA","Morning",1,"bowlingpin1_tr.png",315,315,-0.170783195,0.170783195,7.5173,296,-0.176639406,0.164718911,"Bckg34.jpg",301,48,56,2,1,1,47,301,219,51,324,301,"bowlingpin1_tr.png",1,-47,313,8.2313,1,3.1457,1,1.7741
"Sub091_ToD_Online","OA","Morning",1,"breakfast1_tr.png",316,316,-0.167776606,0.173737761,4.245,296,-0.192889571,0.145352717,"Bckg89.jpg",300,3,63,2,1,1,71,300,348,149,173,300,"breakfast1_tr.png",1,307,307,10.1286,1,2.541,1,1.9451
"Sub091_ToD_Online","OA","Morning",1,"coat1_tr.png",443,83,0.239723627,0.02943436,8.599,296,0.24119291,0.012640385,"Bckg108.jpg",94,102,4,1,1,1,33,94,309,13,198,94,"coat1_tr.png",1,87,87,6.7728,1,3.6484,1,2.2223
"Sub091_ToD_Online","OA","Morning",1,"eggs1_tr.png",76,76,0.234349618,0.058429922,5.0863,296,0.24119291,0.012640385,"Bckg132.jpg",84,28,50,2,1,1,80,84,124,265,170,84,"eggs1_tr.png",1,447,87,10.7576,1,2.5031,1,1.9701
"Sub091_ToD_Online","OA","Morning",1,"encyclopedia1_tr.png",303,303,-0.202558995,0.131543349,10.0548,296,0.090476449,-0.22393707,"Bckg72.jpg",286,11,108,3,1,1,115,286,151,110,236,286,"encyclopedia1_tr.png",1,158,158,5.0015,1,2.6148,2,1.8672
"Sub091_ToD_Online","OA","Morning",1,"fantacan1_tr.png",126,126,0.195396948,-0.141964192,6.7638,296,0.173737761,-0.167776606,"Bckg86.jpg",126,84,52,2,1,1,62,126,32,278,53,126,"fantacan1_tr.png",1,134,134,11.6154,1,2.3286,1,2.0591
"Sub091_ToD_Online","OA","Morning",1,"fireextinguisher1_tr.png",298,298,-0.213252955,0.113388607,6.7311,296,-0.195396948,0.141964192,"Bckg88.jpg",294,85,21,1,1,1,14,294,212,94,215,294,"fireextinguisher1_tr.png",1,-54,306,9.7959,1,3.4458,1,2.7149
"Sub091_ToD_Online","OA","Morning",1,"granola1_tr.png",196,196,-0.066573012,-0.232167683,7.0396,296,-0.120761955,-0.209165842,"Bckg49.jpg",191,103,51,2,1,1,63,191,262,206,48,191,"granola1_tr.png",1,210,210,4.6611,1,2.3602,1,2.2339
"Sub091_ToD_Online","OA","Morning",1,"grater1_tr.png",227,227,-0.176639406,-0.164718911,5.3489,296,-0.164718911,-0.176639406,"Bckg118.jpg",227,108,55,2,1,1,68,227,183,311,225,227,"grater1_tr.png",1,223,223,9.0805,1,2.4781,1,2.2452
"Sub091_ToD_Online","OA","Morning",1,"hairdryer1_tr.png",52,52,NA,NA,1.3883,296,0.241487125,-0.004215173,"Bckg79.jpg",63,73,100,3,1,1,120,63,52,27,90,63,"hairdryer1_tr.png",1,91,91,5.3038,1,2.2164,1,1.8661
"Sub091_ToD_Online","OA","Morning",1,"handbag1_tr.png",441,81,0.23855035,0.037782664,10.1694,296,-0.025246123,0.240200817,"Bckg97.jpg",66,94,28,1,1,1,8,66,275,244,269,66,"handbag1_tr.png",1,354,354,9.185,1,5.0543,2,1.9063
"Sub091_ToD_Online","OA","Morning",1,"handsoap1_tr.png",432,72,0.229702888,0.074634993,7.1041,296,0.02943436,0.239723627,"Bckg73.jpg",74,57,90,3,1,1,114,74,352,41,5,74,"handsoap1_tr.png",1,7,7,5.1383,1,2.7628,1,1.9859
"Sub091_ToD_Online","OA","Morning",1,"highheel1_tr.png",118,118,0.213252955,-0.113388607,3.7327,296,0.16161104,-0.179487244,"Bckg57.jpg",128,77,43,2,1,1,73,128,108,34,194,128,"highheel1_tr.png",1,138,138,8.169,1,2.647,1,2.1143
"Sub091_ToD_Online","OA","Morning",1,"kite1_tr.png",181,181,-0.004215173,-0.241487125,8.8145,296,-0.145352717,0.192889571,"Bckg128.jpg",181,115,9,1,1,1,37,181,59,221,177,181,"kite1_tr.png",1,323,323,10.214,1,3.7111,2,3.0226
"Sub091_ToD_Online","OA","Morning",1,"lei1_tr.png",46,46,0.173737761,0.167776606,9.7345,296,NA,NA,"Bckg119.jpg",49,5,49,2,1,1,64,49,174,32,226,49,"lei1_tr.png",1,32,32,2.0849,1,3.5491,1,2.6939
"Sub091_ToD_Online","OA","Morning",1,"mouthwash1_tr.png",-11,349,-0.046084935,0.237086436,8.403,296,-0.008429063,0.24137678,"Bckg109.jpg",352,100,45,2,1,1,79,352,115,250,226,352,"mouthwash1_tr.png",1,358,358,11.0682,1,2.4136,1,2.543
"Sub091_ToD_Online","OA","Morning",1,"nailpolish1_tr.png",-34,326,-0.135058456,0.200232396,11.3448,296,-0.240200817,0.025246123,"Bckg84.jpg",301,32,40,1,1,1,5,301,148,320,226,301,"nailpolish1_tr.png",1,276,276,6.2095,1,3.0307,1,2.1303
"Sub091_ToD_Online","OA","Morning",1,"oven1_tr.png",131,131,0.182280409,-0.158453942,10.1116,296,0.187699331,-0.151995921,"Bckg55.jpg",111,9,1,1,1,1,13,111,305,27,70,111,"oven1_tr.png",1,129,129,8.612,1,2.8656,1,2.2805
"Sub091_ToD_Online","OA","Morning",1,"podium1_tr.png",-5,355,-0.021050196,0.240604839,6.2541,296,-0.016847856,0.24093557,"Bckg75.jpg",356,113,71,2,1,1,74,356,73,322,182,356,"podium1_tr.png",1,356,356,4.952,1,2.6118,1,1.6535
"Sub091_ToD_Online","OA","Morning",1,"popcorn1_tr.png",139,139,0.158453942,-0.182280409,6.7525,296,1.47891e-17,0.24152391,"Bckg76.jpg",144,15,113,3,1,1,109,144,211,30,310,144,"popcorn1_tr.png",1,0,0,4.3738,1,3.0319,2,2.5719
"Sub091_ToD_Online","OA","Morning",1,"qtips1_tr.png",151,151,0.117093115,-0.211241571,6.9387,296,0.182280409,-0.158453942,"Bckg129.jpg",171,92,8,1,1,1,38,171,235,155,124,171,"qtips1_tr.png",1,131,131,6.2687,1,3.5284,1,2.6037
"Sub091_ToD_Online","OA","Morning",1,"scrabble1_tr.png",46,46,0.173737761,0.167776606,8.9702,296,0.148696967,0.190323438,"Bckg91.jpg",15,39,54,2,1,1,50,15,152,156,110,15,"scrabble1_tr.png",1,38,38,8.6015,1,2.7142,1,2.0555
"Sub091_ToD_Online","OA","Morning",1,"silvertray1_tr.png",309,309,-0.187699331,0.151995921,6.1967,296,-0.158453942,0.182280409,"Bckg64.jpg",288,6,57,2,1,1,48,288,241,343,248,288,"silvertray1_tr.png",1,319,319,4.8821,1,5.1584,2,1.8843
"Sub091_ToD_Online","OA","Morning",1,"skippingrope1_tr.png",59,59,0.207026398,0.12439401,5.1791,296,0.012640385,0.24119291,"Bckg7.jpg",60,45,16,1,1,1,31,60,87,213,277,60,"skippingrope1_tr.png",1,363,3,13.0668,1,3.5483,2,2.305
"Sub091_ToD_Online","OA","Morning",1,"starfish1_tr.png",77,77,0.235333668,0.054331058,9.0449,296,0.241487125,-0.004215173,"Bckg106.jpg",77,54,48,2,1,1,78,77,197,61,78,77,"starfish1_tr.png",1,91,91,5.0194,1,3.6878,1,2.1119
"Sub091_ToD_Online","OA","Morning",1,"telephonebooth1_tr.png",222,222,-0.16161104,-0.179487244,9.5396,296,0.046084935,-0.237086436,"Bckg107.jpg",214,63,36,1,1,1,29,214,64,281,300,214,"telephonebooth1_tr.png",1,169,169,9.9773,1,3.5667,1,2.3967
"Sub091_ToD_Online","OA","Morning",1,"tennisball1_tr.png",394,34,0.135058456,0.200232396,8.5985,296,0.008429063,0.24137678,"Bckg125.jpg",15,31,23,1,1,1,23,15,270,276,311,15,"tennisball1_tr.png",1,362,2,9.0013,1,3.7163,1,2.4822
"Sub091_ToD_Online","OA","Morning",1,"train1_tr.png",117,117,0.21519938,-0.109649561,6.7849,296,0.158453942,-0.182280409,"Bckg61.jpg",127,104,99,3,1,1,86,127,71,191,165,127,"train1_tr.png",1,139,139,5.9834,1,2.9651,1,1.6358
"Sub091_ToD_Online","OA","Morning",1,"trumpet1_tr.png",359,359,-0.004215173,0.241487125,6.798,296,-0.004215173,0.241487125,"Bckg130.jpg",355,58,59,2,1,1,44,355,313,133,32,355,"trumpet1_tr.png",1,-1,359,12.18,1,2.421,1,2.1007
"Sub091_ToD_Online","OA","Morning",1,"washingmachine1_tr.png",330,330,-0.120761955,0.209165842,5.2983,296,0.176639406,-0.164718911,"Bckg85.jpg",341,34,38,1,1,1,12,341,282,53,158,341,"washingmachine1_tr.png",1,133,133,6.6521,1,3.0032,1,2.0541
"Sub091_ToD_Online","OA","Morning",1,"waterfilter1_tr.png",128,128,0.190323438,-0.148696967,9.4379,296,NA,NA,"Bckg123.jpg",115,56,75,2,1,1,75,115,280,232,286,115,"waterfilter1_tr.png",1,232,232,1.8445,1,3.7141,2,2.5881
"Sub091_ToD_Online","OA","Morning",1,"woodenbox1_tr.png",331,331,-0.117093115,0.211241571,7.4136,296,-0.004215173,-0.241487125,"Bckg9.jpg",346,69,118,3,1,1,118,346,209,115,175,346,"woodenbox1_tr.png",1,181,181,6.6014,1,3.2425,2,2.1215
"Sub092_ToD_Online","YA","Morning",1,"abacus1_tr.png",-55,305,-0.180445941,0.126349608,6.7661,50,0.158458919,-0.153021999,"Bckg135.jpg",299,41,9,1,1,1,35,299,113,108,23,299,"abacus1_tr.png",1,134,134,1.8379,1,1.6634,1,1.5066
"Sub092_ToD_Online","YA","Morning",1,"apple1_tr.png",475,115,0.199644941,-0.093095965,6.1063,50,0.168747196,0.14159571,"Bckg81.jpg",114,62,7,1,1,1,33,114,347,32,264,114,"apple1_tr.png",1,50,50,2.4571,1,3.1054,2,2.288
"Sub092_ToD_Online","YA","Morning",1,"bagel1_tr.png",243,243,NA,NA,1.51,50,-0.147398646,0.163702781,"Bckg43.jpg",246,20,36,1,1,1,39,246,243,284,250,246,"bagel1_tr.png",1,318,318,5.1233,1,1.2353,2,1.8221
"Sub092_ToD_Online","YA","Morning",1,"christmasstocking1_tr.png",152,152,0.103416989,-0.194499069,6.0994,50,0.182623563,-0.123181149,"Bckg136.jpg",165,50,12,1,1,1,10,165,322,246,121,165,"christmasstocking1_tr.png",1,124,124,6.2095,1,6.9173,1,1.8222
"Sub092_ToD_Online","YA","Morning",1,"clock1_tr.png",128,128,NA,NA,1.4318,50,0.1386291,0.171192681,"Bckg137.jpg",133,76,100,3,1,1,109,133,128,1,280,133,"clock1_tr.png",1,39,39,3.4241,1,3.1795,1,1.6832
"Sub092_ToD_Online","YA","Morning",1,"coat1_tr.png",463,103,0.21463796,-0.049553078,4.0916,50,0.219981929,-0.011528764,"Bckg108.jpg",94,102,68,2,1,1,58,94,309,13,198,94,"coat1_tr.png",1,93,93,3.7333,1,1.8199,1,2.4553
"Sub092_ToD_Online","YA","Morning",1,"cookie1_tr.png",206,206,-0.096566071,-0.197989786,4.1173,50,NA,NA,"Bckg1.jpg",196,109,33,1,1,1,4,196,142,307,242,196,"cookie1_tr.png",1,307,307,2.3672,1,2.0445,2,2.926
"Sub092_ToD_Online","YA","Morning",1,"cow1_tr.png",-26,334,-0.096566071,0.197989786,6.2372,50,0.166250309,0.144519189,"Bckg113.jpg",352,24,38,1,1,1,15,352,172,11,137,352,"cow1_tr.png",1,49,49,4.0997,1,2.3732,1,1.0559
"Sub092_ToD_Online","YA","Morning",1,"encyclopedia1_tr.png",-73,287,-0.210658465,0.064404756,6.7365,50,0.21974722,-0.015366223,"Bckg72.jpg",286,11,86,3,1,1,83,286,151,110,236,286,"encyclopedia1_tr.png",1,94,94,3.8693,1,2.5782,1,0.9068
"Sub092_ToD_Online","YA","Morning",1,"fantacan1_tr.png",130,130,0.168747196,-0.14159571,3.7351,50,-0.14159571,-0.168747196,"Bckg86.jpg",126,84,18,1,1,1,17,126,32,278,53,126,"fantacan1_tr.png",1,220,220,3.696,1,2.5878,2,1.6047
"Sub092_ToD_Online","YA","Morning",1,"grater1_tr.png",223,223,-0.150233204,-0.161105387,2.0722,50,-0.202772325,0.086071746,"Bckg118.jpg",227,108,90,3,1,1,85,227,183,311,225,227,"grater1_tr.png",1,293,293,2.8299,1,2.1278,2,1.8505
"Sub092_ToD_Online","YA","Morning",1,"handbag1_tr.png",417,57,0.184745556,0.119975167,5.238,50,-0.21974722,0.015366223,"Bckg97.jpg",66,94,89,3,1,1,113,66,275,244,269,66,"handbag1_tr.png",1,274,274,5.2184,1,2.3521,2,4.4087
"Sub092_ToD_Online","YA","Morning",1,"highheel1_tr.png",136,136,0.153021999,-0.158458919,1.8025,50,0.220149629,-0.007687794,"Bckg57.jpg",128,77,74,2,1,1,51,128,108,34,194,128,"highheel1_tr.png",1,92,92,3.1856,1,1.6848,2,4.3923
"Sub092_ToD_Online","YA","Morning",1,"kite1_tr.png",59,59,NA,NA,7.5232,50,NA,NA,"Bckg128.jpg",181,115,78,2,1,1,65,181,59,221,177,181,"kite1_tr.png",1,221,221,0.746,1,2.0808,2,1.8264
"Sub092_ToD_Online","YA","Morning",1,"lipstick1_tr.png",466,106,0.211750398,-0.06071845,6.1138,50,NA,NA,"Bckg22.jpg",106,22,2,1,1,1,31,106,284,129,228,106,"lipstick1_tr.png",1,129,129,1.5306,1,1.5374,1,1.7372
"Sub092_ToD_Online","YA","Morning",1,"motorcycle1_tr.png",252,252,-0.209502362,-0.068071444,5.0186,50,-0.150233204,-0.161105387,"Bckg100.jpg",260,4,17,1,1,1,6,260,342,17,98,260,"motorcycle1_tr.png",1,-137,223,4.1711,1,3.4658,1,0.6008
"Sub092_ToD_Online","YA","Morning",1,"pan1_tr.png",139,139,0.144519189,-0.166250309,3.421,50,NA,NA,"Bckg58.jpg",133,116,82,3,1,1,92,133,89,30,229,133,"pan1_tr.png",1,30,30,1.7585,1,1.9714,2,8.6669
"Sub092_ToD_Online","YA","Morning",1,"pickle1_tr.png",143,143,0.132570112,-0.175926481,2.643,50,0.123181149,-0.182623563,"Bckg66.jpg",150,83,67,2,1,1,57,150,65,78,256,150,"pickle1_tr.png",1,146,146,3.0527,1,1.7338,1,1.4991
"Sub092_ToD_Online","YA","Morning",1,"popcorn1_tr.png",147,147,0.119975167,-0.184745556,6.567,50,0.135620262,-0.173586019,"Bckg76.jpg",144,15,13,1,1,1,1,144,211,30,310,144,"popcorn1_tr.png",1,142,142,9.4401,1,4.8219,2,0.6581
"Sub092_ToD_Online","YA","Morning",1,"slide1_tr.png",50,50,0.168747196,0.14159571,3.4655,50,NA,NA,"Bckg94.jpg",44,44,3,1,1,1,21,44,4,217,28,44,"slide1_tr.png",1,217,217,2.4982,1,1.5796,2,1.1105
"Sub092_ToD_Online","YA","Morning",1,"streamer1_tr.png",-17,343,-0.064404756,0.210658465,4.0306,50,NA,NA,"Bckg4.jpg",338,35,39,1,1,1,7,338,69,290,195,338,"streamer1_tr.png",1,290,290,1.5719,1,1.6109,2,0.7742
"Sub092_ToD_Online","YA","Morning",1,"suit1_tr.png",265,265,-0.219445574,-0.019199,4.9806,50,NA,NA,"Bckg52.jpg",262,36,105,3,1,1,88,262,153,255,138,262,"suit1_tr.png",1,255,255,2.2517,1,1.9722,2,1.0358
"Sub092_ToD_Online","YA","Morning",1,"sunglasses1_tr.png",373,13,0.049553078,0.21463796,2.9251,50,NA,NA,"Bckg11.jpg",27,29,73,2,1,1,56,27,287,111,147,27,"sunglasses1_tr.png",1,111,111,1.4228,1,8.1953,2,0.8659
"Sub092_ToD_Online","YA","Morning",1,"tennisball1_tr.png",368,8,0.030657582,0.218140033,4.669,50,NA,NA,"Bckg125.jpg",15,31,59,2,1,1,43,15,270,276,311,15,"tennisball1_tr.png",1,276,276,3.3366,1,4.3213,2,1.6605
"Sub092_ToD_Online","YA","Morning",1,"towels1_tr.png",210,210,-0.11014191,-0.190771384,5.3523,50,0.155764183,-0.155764183,"Bckg115.jpg",193,37,16,1,1,1,28,193,106,21,53,193,"towels1_tr.png",1,135,135,4.0981,1,1.6311,1,5.6231
"Sub092_ToD_Online","YA","Morning",1,"train1_tr.png",129,129,0.171192681,-0.1386291,2.2331,50,NA,NA,"Bckg61.jpg",127,104,88,3,1,1,94,127,71,191,165,127,"train1_tr.png",1,191,191,1.1347,1,1.885,2,1.2271
"Sub092_ToD_Online","YA","Morning",1,"wagon1_tr.png",87,87,NA,NA,1.0512,50,0.153021999,-0.158458919,"Bckg47.jpg",95,38,64,2,1,1,60,95,87,36,143,95,"wagon1_tr.png",1,136,136,4.0512,1,3.4389,1,1.0683
"Sub092_ToD_Online","YA","Morning",1,"washingmachine1_tr.png",344,344,-0.06071845,0.211750398,4.0193,50,-0.132570112,-0.175926481,"Bckg85.jpg",341,34,40,1,1,1,11,341,282,53,158,341,"washingmachine1_tr.png",1,217,217,4.8641,1,2.2296,2,1.676
"Sub092_ToD_Online","YA","Morning",1,"watch1_tr.png",123,123,0.184745556,-0.119975167,4.8867,50,NA,NA,"Bckg117.jpg",119,43,114,3,1,1,119,119,181,237,158,119,"watch1_tr.png",1,237,237,0.9511,1,2.101,2,1.353
"Sub092_ToD_Online","YA","Morning",1,"wreath1_tr.png",227,227,-0.161105387,-0.150233204,5.2975,50,0.171192681,-0.1386291,"Bckg71.jpg",229,98,108,3,1,1,81,229,357,97,101,229,"wreath1_tr.png",1,129,129,2.652,1,2.3885,2,1.9596
